FECHA;nª;CLIENTE;IMPRESO;HORARIO;COLABORADORES;Observaciones;;;;;;;;;;;;;;;;;;
1/8/2023;;Obra O.KARAM;;;Jose y Pablo;"9 Inst. medias bocas.
1 Instalación tablero de 36 bocas.
1 Canaleta para alimentación ( tablero seccional 1 y tablero seccional 2)";;;;;;;;;;;;;;;;;;
2/8/2023;;Elio Morales zs ;;;Jose y Pablo;"1 Armado de malla para base de compresor.
1 Base de compresor 
Usaron:
2 Varillas del 8.
20 Bolsas de arena + cemento.";;;;;;;;;;;;;;;;;;
3/8/2023;;Elio Morales zs ;;;Jose y Pablo;"Hicieron carpeta en el contrapiso para el compresor.
Reply:
	Usaron: 
1 Cemento";;;;;;;;;;;;;;;;;;
3/8/2023;;Joao;;;Jose y Pablo;Desinstalación de A.A;;;;;;;;;;;;;;;;;;
4/8/2023;;Elio Morales zs ;;;Jose y Pablo;"Pintaron caños de PVC para armar sistema de compresor.
Empezaron a colocar los caños.
Usaron:
1 y1/2 lts de pintura.
2 pinceles.
lijas
1 botella de aguarrás";;;;;;;;;;;;;;;;;;
;;;;;;;;;;;;;;;;;;;;;;;;
7/8/2023;;Elio Morales zs ;;;Jose, Pablo y Nacho;"Armado de estructura para el sistema de compresor.
Usaron:
15 grampas de 22mm del taller.
2 caños de 20mm. 
2 tapones.";;;;;;;;;;;;;;;;;;
8/8/2023;;Elio Morales zs ;;;Jose y Pablo;"Terminaron de pintar los caños de la estructura del sistema del compresor.
Terminaron de armar toda la estructura del sistema de compresor.
Cambiaron grampas de 22mm de las bajadas por unas de 20mm.";;;;;;;;;;;;;;;;;;
9/8/2023;;Elio Morales zs ;;;Jose y Pablo;"Colocaron jabalina y caja de inspección (Usaron 3 metros de cable desnudo del 10 que había en el taller)
Colocaron alimentación de compresor y térmica tripolar de 16A.
Solución del problema con la cortina eléctrica.";;;;;;;;;;;;;;;;;;
10/8/2023;;Elio Morales zs ;;;Jose, Pablo y Nacho;Armado de estructura de techo para compesor;;;;;;;;;;;;;;;;;;
11/8/2023;;Elio Morales zs ;;;Jose, Pablo y Nacho;"Pintaron estructura.
Amuraron estructura a la pared.
( Falta colocarle algunos tornillos a la chapa del costado y terminar de pintar)";;;;;;;;;;;;;;;;;;
12/8/2023;;Fabrica tetra pack;;;Pablo y Nacho;Visita;;;;;;;;;;;;;;;;;;
12/8/2023;;Sushi 2*1;;;Pablo y Nacho;"Instalacion de 2 pc
1 Servidor
Instalacion de modem,ruter y swich para coneccion de redes del local, coneccion de comandera,etc.
Armado de 5 clables de red (2 de 1m, 1 de 3m, 2 de 5m).
Instalacion de 2 mini pc para comandar 4 tv de publicidad.";;;;;;;;;;;;;;;;;;
;;;;;;;;;;;;;;;;;;;;;;;;
14/8/2023;;Obra O.KARAM;;;Jose y Nacho;Picada de bajada trifasica;;;;;;;;;;;;;;;;;;
14/8/2023;;Fabrica tetra pack;;;Jose y Nacho;Devolvimos A.A;;;;;;;;;;;;;;;;;;
14/8/2023;;Elio Morales zs ;;;Jose y Nacho;Buscaron Materiales;;;;;;;;;;;;;;;;;;
15/8/2023;;Obra O.KARAM;;;Jose, Nacho y Pablo;Instalacion bajada trifasica;;;;;;;;;;;;;;;;;;
15/8/2023;;Elio Morales zs ;;;Jose, Nacho y Pablo;Coneccion de siste de aire comprimido;;;;;;;;;;;;;;;;;;
16/8/2023;;Elio Morales zs ;;;Jose, Pablo y Nacho;;;;;;;;;;;;;;;;;;;
17/8/2023;;Raul Pacella;;;Jose,Pablo y Nacho.;"1 desinstalación A.A
1Instalacion de A.A
1 Instalación de caloventor";;;;;;;;;;;;;;;;;;
18/8/2023;;Cheito (pepe);;;Jose,Pablo y Nacho.;"Armado de parte eléctrica loza:
16 bocas
17 bajadas
6 bajadas de tv 
1 caño colocado de A.A
8 rollos caño corrugado de 7/8.";;;;;;;;;;;;;;;;;;
;;;;;;;;;;;;;;;;;;;;;;;;
21/8/2023;;Elio Morales zs ;;;Jose,Pablo y Nacho;"Se encontro perdida en la valvula que se llevo a soldar. 
Utilizaron: 2 productos del taller para hacer la soldadura.";;;;;;;;;;;;;;;;;;
22/8/2023;;Elio Morales zs ;;;Jose y Pablo;Colocaron valvula;;;;;;;;;;;;;;;;;;
23/8/2023;;Carla Navarro;;;Jose y Pablo;"1 Service de unidad interior A.A split.
2 Service de A.A  de ventana (1pieza 1º piso y 1 en el comedor).
1Reemplazo de capacitor de 35UF.
2 Reemplazo toma doble 
1 Inst. punto y toma (del taller)
1 inst. toma de superficie(lo saco pablo $700)
1 Cable de 2.5 V/A.";;;;;;;;;;;;;;;;;;
24/8/2023;;Carla Navarro;;;Jose y Pablo;"1 Control de termostato de A.A
1 Colocaron el A.A nuevamente";;;;;;;;;;;;;;;;;;
24/8/2023;;Diana Selvaggi;;;Jose y Pablo;"Services de bomba de agua(limpieza, quitamos oxido, cabiaron 2 rulemanes, el sello y porta sello)
Cambio de caños salida de la bomba(perdian)";;;;;;;;;;;;;;;;;;
25/8/2023;;Santiago (amigo pompi);;;Jose,Pablo y Nacho;"1/2 Instalacion piso techo ( colocaron UI, armado de suncho de calos, alimentacion e interconexion)
1 Colocacion de mensulas UE 

MATERIALES:
4 Barillas roscadas
18 Tuercas 
8 Arandelas
8 mts Caño de 3/4
8mts Caño de 3/8
15 mts Cable TPR de 3x2.5
10mts Cable TPR de 2x2.5
4 Aislante de 3/4
4 Aislante de 3/8
1 1/2 Cinta gris
8 Tacos 
8 Tiras fondo del 10";;;;;;;;;;;;;;;;;;
;;;;;;;;;;;;;;;;;;;;;;;;
28/8/2023;;Grassi Gas;;;Jose y Pablo;"4 Reemplazo lampara de alta potencia 30W
1 Rosca Goliat
1 Reemplazo reflector 150w

(Revision del funcionamiento correcto de la bomba de agua)";;;;;;;;;;;;;;;;;;
29/8/2023;;Sushi 2x1;;;Jose y Pablo;"Cambio de lugar de comandera.
Conexion de comandera  a red.

Materiales:
10mts Cable de red 
2 Fichas";;;;;;;;;;;;;;;;;;
29/8/2023;;Santiago (amigo pompi);;;Jose, Pablo y Nacho;"1 Conexion de alimentacion a bornera de plaqueta de aire (piso techo)
1 Instalacion termica bipolar.
1 Instalacion bomba de agua + salida de manguera de cristal.";;;;;;;;;;;;;;;;;;
30/8/2023;;Oscar Karam ;;;Jose y Pablo;"5 Instalacion caja de 5x10
2 Instalacion Caja de 7x7
2 1/2 Rollos de caño corrugado";;;;;;;;;;;;;;;;;;
30/8/2023;;Eco max;;;Jose, Pablo y Nacho;1 Desinstalacion de forzador;;;;;;;;;;;;;;;;;;
31/8/2023;;Oscar Karam ;;;Jose y Pablo;"1 Instalacion de tablero de 36 bocas
3 Instalacion cajas de 10x10
1 Realizaron picada para embutir caños";;;;;;;;;;;;;;;;;;
1/9/2023;;Oscar Karam ;;;Jose y Pablo;"2 Tapado de canaletas (cajas de paso de los tableros seccionales).

6 Inst. cajas de 5x10
1/2 rollo corrugado
2 cuplas 22mm de plastico";;;;;;;;;;;;;;;;;;
1/9/2023;;Elio Morales;;;Jose, Pablo y Nacho;"3 Instalaciones de reflectores
3 Cableado de boca
30 Cable de 2.5
7 Cable TPR 3x2.5
Conjunto de taco, tornillo y arandela (1100)";;;;;;;;;;;;;;;;;;
;;;;;;;;;;;;;;;;;;;;;;;;
4/9/2023;;Oscar Karam ;;;Jose y Pablo ;"5 Instalaciones de caja 5x10
1 Instalacion de caja 10x10
1/2 Instalacion 1 video y 2 audios
1/2 Instalacion de dasague para 1 A.A
1/2 Instalacion de caño para suncho de 1 A.A

Materiales:
5 Cajas 5x10
1 Caja 10x10
1 rollo Caño corrugado 7/8
1 Caño de sague de 25 A.A = 5 METROS
1 Codo de 45 de 25
1 Codo de 90 de 25.";;;;;;;;;;;;;;;;;;
5/9/2023;;Oscar Karam ;;;Jose y Pablo ;"1 Instalacion de caja 5x10
3 Instalacion de caños para A.A 
7 Instalacion de curvas de PVC de 22mm para cañeria rigido
1 Instalacion caja de preinstalacion de A.A 
1/2  Instalacion de desague para 1 A.A 

MATERIALES:
7 Curvas PVC 22mm 
1 Caja 5x10
2 Curvas de 65 de PVC
2 mts Caño PVC 25mm
1 Cupla de 25mm PVC 
3 Cuplas de 22mm PVC
1 Caja de preinstalacion 
2 mts Caño de 65";;;;;;;;;;;;;;;;;;
6/9/2023;;Oscar Karam ;;;Jose y Pablo ;"2 Instalacion de caño para A.A
7 Instalacion de cajas 5x10

Materiales:
1 Caño corrugado 7/8
3 Cuplas 22mm
7 Cajas 5x10
4 Curvas de PVC";;;;;;;;;;;;;;;;;;
7/9/2023;;Tonos 3;;;Jose y Pablo ;"1 Reemplazo de toma doble 
Materiales.
1 Toma doble";;;;;;;;;;;;;;;;;;
7/9/2023;;Rombola;;;Jose y Pablo ;"1 Instalacion bomba de agua.
1 Instalacion timer digital.
1 Instalacion contactor modular.
2 Cableado de boca (alimentacion a bomba)

Materiales TALLER:
5 Cable TPR  3x2.5
4 Cable unipolar celeste 2.5
4 Cable unipolar marron 2.5


Materiales CROMER:
1 Timer digital
1 Contactor modular 
1 Ficha hembra 
1 Tapa ciega";;;;;;;;;;;;;;;;;;
7/9/2023;;Oscar Karam ;;;Jose y Pablo ;"1/2 Canaleta en pared 
Luces exteriores.";;;;;;;;;;;;;;;;;;
8/9/2023;;Oscar Karam ;;;Jose y Pablo ;"3 Instalacion cajas de 7x7
3 Instalaciones caja 5x10
2 Instalacion de video
Modificacion de altura de chicotes de caño sobre techo de chapa

Materiales:
1 y 1/2 Caño corrugado 7/8
3 Cajas 7x7
3 Cajas 5x10
4 Cuplas de 7/8 PVC";;;;;;;;;;;;;;;;;;
8/9/2023;;Serpentina ;;;Jose y Pablo ;"10 Desinstalacion de camaras 
1 Desintalacion luz de emergencia.";;;;;;;;;;;;;;;;;;
;;;;;;;;;;;;;;;;;;;;;;;;
11/9/2023;;Oscar Karam ;;;Jose y Pablo;5 Instalacion de cajas 7x7 (luces exteriores);;;;;;;;;;;;;;;;;;
12/9/2023;;El corral;;;Jose y Pablo;"2 Instalacion de reflectores con soportes

Materiales taller: 
1 cinta aisladora.
Conjunto de tacos y tornillos del 10";;;;;;;;;;;;;;;;;;
12/9/2023;;Eco max;;;Jose y Pablo;Instalacion de forzador;;;;;;;;;;;;;;;;;;
13/9/2023;;Oscar Karam ;;;Jose y Pablo;"Picado y tapado de canaletas (luces exteriores)
Comienzo de amardo de cañeria para luces de salon

Materiales:
1 Rollo corrugado7/8
11 cuplas de 7/8";;;;;;;;;;;;;;;;;;
14/9/2023;;Oscar Karam ;;;Jose y Pablo ;"15 Instalacion de cajas7x7 (armado de estructura pvc)
1 Armado de cañeria desde tablero hasta la estructura
1 Instalacion de caja 5x10 (que va ala estructura)

Materiales:
4 Caños PVC de 22mm 
5 grampas de PVC de 22mm
5 Conectores de PVC 20mm
5 Conectores de PVC 22mm
1 Curva de PVC 22mm
1 Caja de 5x10
6 mts Caño corrugado de 3/4";;;;;;;;;;;;;;;;;;
15/9/2023;;Grasi Gas ;;;Jose y Pablo ;"2 Reemplazo lamparas de alta potencia 30w
Reply:
	VOLVER A COLOCAR TAPA Y PROTECCION DE CABLES";;;;;;;;;;;;;;;;;;
15/9/2023;;Oscar Karam ;;;Jose y Pablo;"1 Armado de cañeria

Materiales: 
1 1/2 caño pvc de 22mm
1 Conector PVC de 22mm
1 Botella de pegamento (para estructura de pvc)";;;;;;;;;;;;;;;;;;
15/9/2023;;Ana Brigido (casa);;;Jose y Pablo;"3 Reemplazo de reflectores (a de 100w y 2 de 50w)
1 Instalacion de reflector 100w

Materiales: 
20 mts cable tpr de 3x2.5
15 Grampas para sujetar cable tpr 
1 Cinta aisladora


Falta:
reemplazar una fotocelula";;;;;;;;;;;;;;;;;;
;;;;;;;;;;;;;;;;;;;;;;;;
18/9/2023;;Grasi Gas;;;Jose y Pablo.;"1 Instalacion toma simple y capsulado
1 Alimentacion por cañeria hasta el tablero.

Materiales:
2 Caños de PVC de 22mm (cromer)
4 Grampas pvc de 22mm (taller)
2 Curvas pvc de 22mm (comer)
1 tapa de chapa (taller)
1 conector de pvc 22mm (cromer)
1 Toma capsulado (cromer)";;;;;;;;;;;;;;;;;;
18/9/2023;;Oscar Karam;;;Jose y Pablo;"4 Instalaciones de cajas 10x10

Materiales CROMER:
4 cajas 10X10
2 Cuplas de pvc 22mm";;;;;;;;;;;;;;;;;;
18/9/2023;;Ana Brigido (Casa);;;Jose y Pablo;"1 Reemplazo de fotocelula

Ocuparon:
1 Fotocelula ( taller)";;;;;;;;;;;;;;;;;;
19/9/2023;;ACA (Noelia);;;Jose y Pablo;"Visita tecnica
* revision de presion, capacitor de forzador de U.E de aire de baja silueta*

( pasar el diagnostico y presupuesto )";;;;;;;;;;;;;;;;;;
19/9/2023;;Patricia De Luca;;;Jose y Pablo;"1 Service en seco de U. I aire acondicionado piesa
1 Reemplazo de capacitor de 2.5 UF unidad exterior
1 Service en seco A.A abril.";;;;;;;;;;;;;;;;;;
20/9/2023;;Patricia De Luca;;;Jose y Pablo;"1 Service U.E + Reemplazo de capacitor de forzador de U.E 2.5  A.A pieza carla.
1 y 1/2 metro cinta gris

1 Reemplazo de capacitor  de forzador de U.E 4UF (COMPRARON)

1 Limpieza de carcasa, evaporador y filtros de  A.A (cerca del comedor)

Control de capacitores, presion y recalentamiento de 2 AA";;;;;;;;;;;;;;;;;;
20/9/2023;;Carla Navarro;;;Jose y Pablo ;"1 Anulacion de retorno de 1 ventilador
1 Limpieza de forma exterior ventilador blanco
1 Reemplazo de capacitor

1 Capacitor de 2.5";;;;;;;;;;;;;;;;;;
21/9/2023;;Cepar Oeste;;;Jose y Pablo;"1 Control de capacitor de compresor 
1 Control de bobina compresor 
1 Control entre bobina y capacitor
1 Solucion a perdida de corriente";;;;;;;;;;;;;;;;;;
21/9/2023;;Grasi Gas;;;Jose y Pablo;"Poda de ramas para para visualizar reflector.
Reemplazo de caño (taller)
Instalacion de reflector en pared";;;;;;;;;;;;;;;;;;
21/9/2023;;Santiago (amigo pompi);;;Jose, Pablo y Nacho;"Soldadura de cañeria 3/4 con cupla para hace conexion de tuercas

Materiales: Cupla de 3/4";;;;;;;;;;;;;;;;;;
22/9/2023;;Oscar Karam;;;Jose y Pablo;"1 Modoficacion de cañeria
6 Intercambio de lugar de cajas 7x7 PVC

Materiales taller: 
1 1/2 Caño pvc 22mm
15 Grampas de 20mm
10 Cuplas de 20mm
4 Cuplas de 22mm
2 Curvas de 22mm
40 Tornillos punta mecha";;;;;;;;;;;;;;;;;;
22/9/2023;;Santiago (amigo pompi);;;Jose, Pablo y Nacho;"1 Vacio de A.A piso techo 
1 Aislamiento de caños que ingresan del evaporador
1 Retiro de bomba de desagote 
1 Interconexion de unidades";;;;;;;;;;;;;;;;;;
;;;;;;;;;;;;;;;;;;;;;;;;
25/9/2023;;Grasi gas;;;Jose y Pablo;"1 Instalacion caño con reflector

Materiales:
4 tonillos 
4 tacos del 10
15 cable tpr de 2x1.5";;;;;;;;;;;;;;;;;;
25/9/2023;;Carla Navarro;;;Jose y Pablo;"1 Alimentacion retorno al ventilador
1 Separacion de el retorno de luz y el retorno de ventilador

Materiales:
10 Cable unipolar 2.5 marron
1/2  Vaselina";;;;;;;;;;;;;;;;;;
26/9/2023;;Grasi gas;;;Jose y Pablo;"1 Modificacion en caño (picaron 30cm y lo embutieron)
1 Reemplazo de reflector 100w
1 Balde cemento";;;;;;;;;;;;;;;;;;
26/9/2023;;Tonos 3 ;;;Jose y Pablo;"35 Limpieza de artefactos
2 Limpieza filtro de aire piso techo
2 Limpieza filtro de aire de 3500 fg";;;;;;;;;;;;;;;;;;
26/9/2023;;Noelia ACA (A.A chiquito);;;Jose y Pablo;Desinstalacion aire acondicionado ( lo trajeron al taller hacerle service);;;;;;;;;;;;;;;;;;
27/9/2023;;Noelia ACA (A.A chiquito);;;Jose y Pablo;"Service de aire en el taller
materiales:
1/2 Silicona
1 Rosca de 3/8
1 Rosca de 1/4
1/2 Caño de 3/8
1/2 Caño de 1/4
1 Varilla de plata";;;;;;;;;;;;;;;;;;
27/9/2023;;Noelia ACA (A.A grande);;;Jose, Pablo y Nacho.;"Revicion de presione y recalentamiento del equipo de baja silueta 
Control de temperatura de salida de ductos
Limpieza de unidad condensadora";;;;;;;;;;;;;;;;;;
28/9/2023;;Kathy Clienta;;;Jose y Pablo;"Visita tecnica
Reply:
	Anulacion de alimentacion a farol
1 programacion de reloj digital";;;;;;;;;;;;;;;;;;
28/9/2023;;Elio Morales Zona Sur;;;Jose y Pablo;"2 Instalacion de banner en altura
1 Reemplazo tiras led 
Materiales: 
1 Piton 
Alambre
4 Tornillos punta mecha
2 Fuentes tira led";;;;;;;;;;;;;;;;;;
29/9/2023;;Elio Morales Zona Sur;;;Jose y Pablo;"Reinstalacion de banner 
3 Modoficacion de soporte tv
2 Instalacion de tv

Materiales:
Alambre 
4 Metros de barilla de hierro 
1 Planchuela 
20 Tornillos";;;;;;;;;;;;;;;;;;
29/9/2023;;Veronica escuela gastronomia;;;Jose y Pablo;"Conexion de luz
(falta terminar)";;;;;;;;;;;;;;;;;;
;;;;;;;;;;;;;;;;;;;;;;;;
2/10/2023;;Taller(patricia de luca);;;Jose, Pablo y Nacho;Comenzaron a armar tapas para pato de luca;;;;;;;;;;;;;;;;;;
3/10/2023;;Taller(patricia de luca);;;Jose, Pablo y Nacho;Terminaron de armar 3 tapas para las cajas de inspeccion;;;;;;;;;;;;;;;;;;
3/10/2023;;Eco Max;;;Jose y Pablo ;"Reemplazaron forzador de heladera exibidora
Reply:
	Forzador salio:19500";;;;;;;;;;;;;;;;;;
3/10/2023;;Emilia Madre de maria emilia menem;;;Jose, Pablo y Nacho;"1 Limpieza unidad interior y exterior( sin desintalar)
1 Presurizacion del equipo y busqueda de perdida
1 Carga de gas segun peso(1200kg)
Reply:
	Materiales que se compraron para este cliente:$46600";;;;;;;;;;;;;;;;;;
4/10/2023;;Caruso;;;Jose y Pablo ;"1 Alimentacion a termotanque
10 Cable TPR 3X2.5
1 Caja de aplicar 5x10
1 Toma doble
Tornillos y tacos
1 Tapa ciega de 5x10";;;;;;;;;;;;;;;;;;
4/10/2023;;Nely mamá del cordobes;;;Jose y Pablo ;"1 Service de unidad interior 
control de capacitores y presion de UE
Carga de gas R410";;;;;;;;;;;;;;;;;;
4/10/2023;; Patricia de Luca;;;Jose y Pablo ;"2 Instalacion de cajas en camara de inspeccion 
1 1/2 concreto
(falta terminar)";;;;;;;;;;;;;;;;;;
4/10/2023;;Federico Ocampo;;;Nacho ;Visita tecnica(no cobrada);;;;;;;;;;;;;;;;;;
5/10/2023;;Eco Max;;;Jose, Pablo y Nacho;"3 Desinstalacion de forzadores
6 Limpieza de unidad exterior de forzadores";;;;;;;;;;;;;;;;;;
5/10/2023;;Lucas Luna;;;Jose y Pablo ;"1 revision de tablero
1 revision de timer analogico
Reply:
	falta( reemplazar 3 artefactos por tortugas)";;;;;;;;;;;;;;;;;;
5/10/2023;;Patricia de Luca;;;Jose y Pablo ;"1 instalacion tapa de camara de inspeccion 

MATERIALES: 
1/2 bolsa de cemento
2 baldes de arena";;;;;;;;;;;;;;;;;;
6/10/2023;;Federico Ocampo;;;Jose y Pablo ;3 Service e seco;;;;;;;;;;;;;;;;;;
;;;;;;;;;;;;;;;;;;;;;;;;
9/10/2023;;Bebe Heredia;;;Jose y Pablo;"1 Armado de estructura (de caño corrugado y pvc)
5 Cableado de bocas

Materiales:
4 Conectores 22mm de PVC
1 Curva de 22 PVC
1 Caja 7x7 PVC
1 Cupla 22mm de PVC
30metros Cable 2.5 rojo
30metros Cable 2.5 celeste
30metros Cable 2.5 v/a
7metros Cable 2.5 marron
2 tomas doble 
1 punto y toma
1 Portalamparas 
1 lampara
Conjunto de tacos y tornillos";;;;;;;;;;;;;;;;;;
9/10/2023;;Ivana gerardo (amigo papi);;;Jose, Pablo y Nacho.;"1 Armado de canaletas
1 Alimentacion luz pileta y bomba
1 Caja 15x15 de embutir
1 caja de aplicar pvc estanco 10x10
1Armado de estructurade pvc

Materiales 
3 caños de PVC de 22mm.
3 cuplas de PVC de 22mm.
1 caja de PVC estanco de 10x10.
1 caja de embutir de 15x15
12 metros de caño corrugado de 22mm.
Termocuplas y cinta necesaria.
1/4 de bolsa de cemento.

(FALTA TERMINAR TRABAJO)";;;;;;;;;;;;;;;;;;
10/10/2023;;Jorge Diaz Carbel;;;Jose, Pablo y Nacho.;"1 Desintalacion de a.a 
1 Service completo A.A (u.e y u.i)
1 Limpieza unidad exterior A.A (otro)
1/2 instalacion de aire piso techo (falta alimentacion)

Materiales:
4 Barillas roscadas
8 arandelas 
16 tuercas
15 metros cable tpr de 2x2.5";;;;;;;;;;;;;;;;;;
11/10/2023;;Jorge Días Carbel ;;;Jose, Pablo y Nacho;"11/10
Jorge Díaz carbel
José, Nacho y Pablo
Service de unidad interior del último A.A.
Soldamos caños de sunchos de los 2 A.A
Colocamos unidades interiores de los 2 A.A 
Terminamos de instalar el aire piso techo.
Hicimos la canaleta para alimentación de aire piso techo.
Ocupamos del taller 
Barilla de plata y map
2 Ailaste de 1/4
2 aislante de 1/2
1 cinta blanca 
2 metros de caño corrugado de 7/8
Ocupamos otro materiales que trajo Nacho.
1 térmica tetrapolar
10 metros de cable unipolar de 4mm de distintos colores (2 metros de cada uno)
1 caja de 10x10
Manguera de cristal.";;;;;;;;;;;;;;;;;;
12/10/2023;;Jorge Días Carbel ;;;José, Pablo y Nacho ;"Instalación de 2 A.A
Colocamos parches de membranas.
Ocupamos 
2 aislares de 1/4
2 aislantes de 1/2
1/2 cinta blanca
Ivana 
José, Nacho y Pablo
Cableamos 3 bocas.
Colocamos caja de exterior estanca de 7x10
Colocacion de toma y punto
Colocacion de 1 reflector de 10W
ocupamos del taller
15 metros de cable celeste de 2.5
7 metros de cable verde amarillo de 2.5
1 conector.
taco y tornillo.
5 metros de cable TPR de 2x2.5.
2 metros de cable TPR de 3x2.5
ocupamos de lo que compro Nacho
Caja estanca de exterior de 5x10
toma y punto.
módulo de 2 medio punto.";;;;;;;;;;;;;;;;;;
12/10/2023;;Ivana Gerardo (amigo papi);;;José, Pablo y Nacho;"Cableamos 3 bocas.
Colocamos caja de exterior estanca de 7x10
Colocacion de toma y punto
Colocacion de 1 reflector de 10W
ocupamos del taller
15 metros de cable celeste de 2.5
7 metros de cable verde amarillo de 2.5
1 conector.
taco y tornillo.
5 metros de cable TPR de 2x2.5.
2 metros de cable TPR de 3x2.5
ocupamos de lo que compro Nacho
Caja estanca de exterior de 5x10
toma y punto.
módulo de 2 medio punto.";;;;;;;;;;;;;;;;;;
13/10/2023;;Crovara ;;;Jose y Pablo ;Desintalamos bomba y la trajimos.;;;;;;;;;;;;;;;;;;
13/10/2023;;Elio Morales Zona sur ;;;Jose y Pablo ;"Alimentamos elevador.
Colocamos estructura de PVC.
Ocupamos materiales del taller
8 metros de cable unipolar de 2.5 rojo.
8 metros de cable unipolar de 2.5 celeste.
8 metros de cable unipolar de 2.5 verde amarillo 
4 grampas de PVC de 22mm.
Taco y tornillo 
Ocupamos materiales que compro Nacho:
2 caño de PVC de 22mm.
2 curvas de PVC de 22mm.
1 metro de cable TPR de 3x2.5
Cinta aisladora.";;;;;;;;;;;;;;;;;;
13/10/2023;;Kathy Española ;;;Jose y Pablo ;"Solución de problema electrico, dejamos con luz el sector del quincho dónde no había.
Nacho debe hablar con ella para medir el consumo y revisar que esté todo en orden. Y ver dónde tienen la bomba para en un futuro instalar 1 ahí.";;;;;;;;;;;;;;;;;;
13/10/2023;;Ivana Gerardo (amigo papi);;;Jose y Pablo ;"Cambiamos reflector luz calida por luz fría
Reemplazamos reflector de 30W
Armamos la llave de medio punto.
Reparamos portalámparas defectuoso.
Colocamos ficha macho (del taller) para la bomba. 
Ocupamos material que compro Nacho
Reflector de 30W luz fría 
Lámparas común luz fría";;;;;;;;;;;;;;;;;;
;;;;;;;;;;;;;;;;;;;;;;;;
16/10/2023;;Crovara;;;Jose y Pablo ;"1 Reemplazo de capacitor de 10UF 
1Capacitor de 10uf
Instalacion de bomba";;;;;;;;;;;;;;;;;;
16/10/2023;;Miguel Carniceria;;;Jose y Pablo ;1 Reemplazo de turbina unidad interior;;;;;;;;;;;;;;;;;;
17/10/2023;;Lucas luna;;;Pablo y Nacho ;"3 Reemplazo de artefactos
3 artefactos 
3tapas ciegas oct chicas
1 Reemplazo de timer analogicopor timer digital";;;;;;;;;;;;;;;;;;
17/10/2023;;Santiago amigo pompi;;;Pablo y Nacho ;Instalacion de bomba;;;;;;;;;;;;;;;;;;
18/10/2023;;Lucas Luna;;;Jose y Pablo ;1 Colocaron pila al reloj digital y programaron;;;;;;;;;;;;;;;;;;
18/10/2023;;Fabian Luna ;;;Jose y Pablo ;"1 retiraron bomba 
1 Retiraron tablero en sector de bomba y aislaron todos los cables 
Se comenzo a revisar la bomba 
Programa de reloj";;;;;;;;;;;;;;;;;;
18/10/2023;;Alexis Sosa (zona sur);;;Jose y Pablo ;"1  Retiraron  a.a ventana de 6000 fr 
1 Service del equipo
1 se remplazaron gomas del compresor del a.a";;;;;;;;;;;;;;;;;;
19/10/2023;;Hermana Mario Serrano ;;;Jose y Pablo ;"1 Service U.E
Reemplazo de plaqueta de a.a
1 plaqueda universal( compramos en mouch)";;;;;;;;;;;;;;;;;;
19/10/2023;;Alexis Sosa (zona sur);;;Jose y Pablo ;Instalacion aire ventana;;;;;;;;;;;;;;;;;;
20/10/2023;;Hermana Mario Serrano ;;;Jose y Pablo ;Modicacion paleta ventilador techo;;;;;;;;;;;;;;;;;;
20/10/2023;;Peluqueria Fabian Moon ;;;Jose y Pablo;"Visita tecnica y compra de materiales 
37?Transformador de dicroica 5cm
1 Artefacto de embutir redondo de 22= 1luz fria
1 Artefacto de embutir cuadrado de 29= 1 luz fria
1 Artefacto de embutir cuadrado de22= 1 luz fria 
3 Tubos fluorescentes chico de 60
3 Tubo fluorescente mediano de 1.20";;;;;;;;;;;;;;;;;;
20/10/2023;;Fabian Luna ;;;Jose y Pablo;llevaron bomba a arreglar!;;;;;;;;;;;;;;;;;;
20/10/2023;;Jorge Dias Carbel ;;;Jose, Pablo y Nacho;"Colocacion de bomba maxi Orange 
Se ocupó 1 reducción de 10pulgada a media";;;;;;;;;;;;;;;;;;
;;;;;;;;;;;;;;;;;;;;;;;;
23/10/2023;;Fabian Luna ;;;Jose y Pablo;"Reacomodamos de lugar tablero de bomba y luces de pileta.
Reemplazamos térmicas de 15 y 10 Amperes.
Soldamos bisagras de puertas del cuarto de bomba.
Ocupamos del taller
1 térmica de 15 a marca SICA.
1 térmica de 10 a marca ABB
1 termocontraible.
Electrodos";;;;;;;;;;;;;;;;;;
23/10/2023;;Nacho Reyna ;;;Jose y Pablo;Limpiamos bandeja de desagote y caño de desagote.;;;;;;;;;;;;;;;;;;
23/10/2023;;Carla Navarro ;;;Jose y Pablo;"solucionamos el ruido del aire ventana (Reemplazamos gomas de base del compresor y le colocamos algunas en la cañería)
Solucionamos el ruido que hacía aire split.
Ocupamos del taller
4 gomas para base de compresor";;;;;;;;;;;;;;;;;;
24/10/2023;;Santiago Plaza trento ;;;Jose y Pablo;Solucionamos problema de desagote de aire piso techo;;;;;;;;;;;;;;;;;;
24/10/2023;;Peluqueria Fabian Moon ;;;José, Nacho y Pablo;"#Cambiamos 30 artefactos bipines por dicroicas de luz día.
#Reemplazamos 2 artefactos de embutir redondos de 18W luz día.
#Reemplazamos 2 artefactos de embutir cuadrados de 18W luz día.
#Reemplazamos 1 artefacto de embutir cuadrado de 24W luz dia.
#Reemplazamos 3 artefactos tubo LED de 1.20 de 18W.
#Reemplazamos 1 artefacto tubo LED de 0.60 de 9W.


Materiales utilizados de cromer 
sacados el dia 24/10";;;;;;;;;;;;;;;;;;
25/10/2023;;Peluqueria Fabian Moon ;;;Jose y Pablo ;"Reemplazo de 14 bipines por dicroicas
Alimentamos toma de tv que estaban puestos en el cielo raso.
Alimentamos artefactos que no le llegaban el retorno.
Reply:
	Se ocupó del taller 2 lámparas de dicroicas de luz calida.
4 metros de cable unipolar de 2.5 negro y 4 metros de cable unipolar de 2.5 rojo";;;;;;;;;;;;;;;;;;
26/10/2023;;Grassi gas;;;Jose y Pablo ;"Solucionamos el problema electrico, dejando provisoriamente luz (le falta una fase)
Desconectamos fotocelula. 
Está faltando reemplazar reflector de 70W y luz de alta potencia de 30W en plataforma.";;;;;;;;;;;;;;;;;;
26/10/2023;;Fabian Luna ;;;Jose y Pablo ;Instalacion de bomba;;;;;;;;;;;;;;;;;;
26/10/2023;;Peluqueria Fabian Moon ;;;Jose y Pablo;"Solucionamos el problema de falta de neutro de unos artefactos que no prendían.
Falta revisar el cartel LED de entrada";;;;;;;;;;;;;;;;;;
27/10/2023;;Muti Vesely ;;;Jose y Pablo;"Reemplazamos fichas que de conectan al comprar de A.A. 
Medio resistencia entre las bobinas de compresor.
Reemplazamos capacitor de 30 UF de compresor de unidad exterior.";;;;;;;;;;;;;;;;;;
27/10/2023;;Noelia ACA;;;Jose y Pablo ;Solucionamos problema con caída de manguera de desagote.;;;;;;;;;;;;;;;;;;
27/10/2023;;Taller GUAYCO S.A;;;Jose, pablo y Nacho ;3 service de aires ventana;;;;;;;;;;;;;;;;;;
27/10/2023;;Umbral;;;Pablo ;"Reemplazo de punto y toma de baño (del taller)
Reconexión de zapatilla (ocupe 20 cm de cable de 2.5 unipolar de color rojo y negro del taller)
Reemplazamos 5 lámparas (las compro Nacho)
Está faltando cambiar cable canal en una sala, y revisar un par más de luces (me iban diciendo por parte que faltaba)";;;;;;;;;;;;;;;;;;
27/10/2023;;Veronica escuela gastronomia;;;Nacho ;;;;;;;;;;;;;;;;;;;
;;;;;;;;;;;;;;;;;;;;;;;;
30/10/2023;;Grassi gas;;;Jose y Pablo ;"1 Reemplazo de reflector 100w (cromer)
1 Reemplazo de alta potencia 30w(cromer)";;;;;;;;;;;;;;;;;;
30/10/2023;;Nicolas Dito;;;Jose y Pablo ;Revisaron a.a (le falta refrigerante);;;;;;;;;;;;;;;;;;
30/10/2023;;Oscar Karam ;;;Jose y Pablo ;"Instalacion de 3 media bocas
Reply:
	Materiales: 15 metros de corrugado 7/8
2 cuplas de 22mm PVC
2 cajas de 5x10
1 caja de 10x10";;;;;;;;;;;;;;;;;;
30/10/2023;;Umbral;;;Jose y Pablo ;"1 Reconexion portalampara 
3 intalaciones barillas de cable canal
3 reemplazo de portalampara
5 Reemplazo de lamparas luz calida 60w
(todo material comprado)";;;;;;;;;;;;;;;;;;
31/10/2023;;Paulo Gonzalez ;;;Jose y Pablo ;"2 Service seco 
1 capacitor";;;;;;;;;;;;;;;;;;
31/10/23;;Cheito;;;Jose y Pablo ;Comenzaron a cavar;;;;;;;;;;;;;;;;;;
1/11/2023;;Nicolas Dito;;;Jose y Pablo ;"Carga de refrigerante r22 (650ml)
Presurizacion de unidades";;;;;;;;;;;;;;;;;;
1/11/2023;;Cheito;;;Jose y Pablo ;"Instalacion de 11 cajas 5x10 chapa 
1 Rollo de corrugado 7/8";;;;;;;;;;;;;;;;;;
2/11/2023;;Rombola Padre;;;Jose y Nacho;"Cableado de 6 bocas (1 boca entera, 2 en el asador, 2 con cable tpr y 3 bocas completas)
2 Instalacion de artefactos en altura de (reflectores 50w )";;;;;;;;;;;;;;;;;;
3/11/2023;;Rombola Padre;;;Jose y Nacho;"Instalacion de artefactos 2
Bocas cableadas; 14
Bocas nuevas completas: 4 (tablero y pat). Materiales 
2 reflectores 10w luz calida
15 m de cable unipolar
Exterior: 
Bocas cableadas en altura; 4
2 reflectores colocados en altura.
Deposito;
Bocas cableadas; 6
Bocas completas; 1 
Colocacion de artefactos 1
Material usado
1 reflector 10 w
Asador; 
Bocas completas; 3
Colocacion de artefactos 2
Materiales usados; 
2 reflectores de 10 w luz calidas
2 caños rigidos de 22mm
18m cable unipolar 2.5mm";;;;;;;;;;;;;;;;;;
;;;;;;;;;;;;;;;;;;;;;;;;
6/11/2023;;Gabriela clienta ;;;Jose y Nacho ;service en seco de a.a;;;;;;;;;;;;;;;;;;
6/11/2023;;Solana Arias;;;Jose y Nacho ;"3 Limpieza de UE
1 Limpieza de UI
1 Reemplazo de capacitor de 25uf";;;;;;;;;;;;;;;;;;
6/11/2023;;Ivana Gerardo ;;;Jose y Nacho ;Instalacion de transformador en pileta;;;;;;;;;;;;;;;;;;
6/11/2023;;Rombola Padre;;;Jose y Nacho ;"2 Instalacion de bocas con cable canal en cocina 
1 Instalacion de luz bajo alascena 
1 Instalacion de aplicar en el baño";;;;;;;;;;;;;;;;;;
;;Blanca Serrano (hna Mario);;;Jose y Nacho ;"1Configuracion de control remoto de aire acondicionado

1 Reparacion de ventilador de techo, ( reemplazo de rodamientos y capacitor de 2.5uf). 

Rodamientos

Capacitor

Reparacion de ventilador de techo ( reemplazo de capacitor de 2.5uf y limpieza)

Capacitor

( 2) Reemplazo de lamparas.";;;;;;;;;;;;;;;;;;
7/11/2023;;Elio Morales ;;;Jose y Nacho ;Revision y conteo de materiales que necesitamos para realizar la instalacion electrica nueva para cumplir con las normas y tener una buena instalacion de PAT. (Puesta a tierra).;;;;;;;;;;;;;;;;;;
7/11/2023;;Cristian Pollero;;;Jose y Nacho ;"Revision de A/A... 

Presupuestamos reparacion de equipo por falta de refrigerante... lleva 850g de r22 es una aire de 3000fg...";;;;;;;;;;;;;;;;;;
8/11/2023;;EcoMax;;;Jose y Nacho ;Revision de equipo central de frio, reparacion de sistema de forzadores de unidad exterior, regulacion de presostatos. Regulacion de accionamientos automaticos, control y carga de refrigerante.;;;;;;;;;;;;;;;;;;
8/11/2023;;Mely Clienta;;;Jose y Nacho ;"Reparacion de aa 5500fg, reemplazo de capacitor de 50uf
 Revision y limpieza de filtros de 3 equipos restantes.";;;;;;;;;;;;;;;;;;
9/11/2023;;Blanca Serrano (hna Mario);;;Jose y Nacho ;Se coloco ventilador de techo y se volvió a desintalar para revisar por un ruido molesto;;;;;;;;;;;;;;;;;;
9/11/2023;;Cristian Pollero;;;Jose y Nacho ;Se desinstalo unidad exterior de A.A para reparación y cargar refrigerante r22 830grs;;;;;;;;;;;;;;;;;;
9/11/2023;;Graciela Minusi ;;;Jose y Nacho ;Se limpiaron filtros de 5 unidades de A.A;;;;;;;;;;;;;;;;;;
10/11/2023;;Cristian Pollero;;;Jose y Nacho ;"1 Limpieza unidad exterior 
carga de refrigerante 
intalacion del equipo 
puesta en funcionamiento";;;;;;;;;;;;;;;;;;
10/11/2023;;ACA (Automovil club arg);;;Jose y Nacho ;"1Limpieza de filtros de aire baja silueta comercial del shop.
1control de refrigerantes
1 desarmado y cambio de posicion de motores y turbinas de unidad interior ( aire piso techo)";;;;;;;;;;;;;;;;;;
;;;;;;;;;;;;;;;;;;;;;;;;
13/11/2023;;Fabiola (Tia ramiro);;;Jose y Nacho ;"Reparacion y carga de refrigerante 
1350kg";;;;;;;;;;;;;;;;;;
14/11/2023;;Solana Arias;;;Jose y Nacho ;Se cambio forzador de unidad exterior A.A;;;;;;;;;;;;;;;;;;
14/11/2023;;Mauricio Moran ;;;Jose y Nacho ;Se cambio capacitor de unidad exterior A.A. capacitor de (35uf /del taller;;;;;;;;;;;;;;;;;;
14/11/2023;;Mariano ponce (Caruso);;;Jose y Nacho ;Se coloco 4 artefacto de aplique;;;;;;;;;;;;;;;;;;
15/11/2023;;MARSALA SA ;;;Jose y Nacho ;Service a (2) A.A Ventana de 3500;;;;;;;;;;;;;;;;;;
15/11/2023;;Taller;;;Jose y Nacho ;Llenado de cimientos construcción.;;;;;;;;;;;;;;;;;;
16/11/2023;;Blanca Serrano;;;Jose y Nacho ;"Se coloco ventilador de techo 
Se modifico conexión eléctrica de portón eléctrico";;;;;;;;;;;;;;;;;;
16/11/2023;;Escuela Federalito;;;Jose y Nacho ;Remplazo de capacitor de 55uf de unidad exterior de A.A y limpieza del filtro del mismo;;;;;;;;;;;;;;;;;;
16/11/2023;;Grasi Gas;;;Jose y Nacho ;"Cambio de térmica bipolar de 16 a.( nuestra)
Remplazo de tubo led 
Falto cambiar lámpara luz fría de 30w de plancha ( buscar en cromer)";;;;;;;;;;;;;;;;;;
16/11/2023;;MARSALA SA ;;;Jose y Nacho ;Carga de refrigerante 410A. 670grs, a A.A ventana;;;;;;;;;;;;;;;;;;
16/11/2023;;Eco Max;;;Jose y Nacho ;Carga de refrigerante r22 3,400kg;;;;;;;;;;;;;;;;;;
17/11/2023;; Fabian Caruso (dpto dario);;;Jose y Nacho ;"Cableado de 6 bocas con lineas monofasicas.
(Cableado 2 bocas con linea monofasica).
Reemplazo de toma doble.
Instalacion de llaves termicas unipolares (2)";;;;;;;;;;;;;;;;;;
17/11/23;;Dario Saul Rivero ;;;Jose y Nacho ;"Service seco AA 3200w
Capacitor de 2.5uf";;;;;;;;;;;;;;;;;;
17/11/2023;;Vity ;;;Jose y Nacho ;Sacamos escombros del local frente del consejo;;;;;;;;;;;;;;;;;;
18/11/2023;;Elio Morales;;;Nacho ;Visita tecnica;;;;;;;;;;;;;;;;;;
;;;;;;;;;;;;;;;;;;;;;;;;
20/11/2023;;Alan Faraudo ;;;Nacho y Emmanuel;"1 Desistalacion de a.a 5000fg
1 Instalacion de a.a 5000fg
1 Limpieza de filtros en a.a";;;;;;;;;;;;;;;;;;
20/11/2023;;Alan Faraudo A.A taller;;;Pablo y Emmanuel;1/2 Service completo aire;;;;;;;;;;;;;;;;;;
20/11/2023;;Cheito Obra;;;Jose y Roberto ;"9 armado de bocas

Materiales:
7 Cjas 10x5
30mts corrugado 7/8
4 cuplas de 22
2 codos de 22";;;;;;;;;;;;;;;;;;
20/11/2023;;Taller;;;Pablo;recuento de materiales y orden del lugar;;;;;;;;;;;;;;;;;;
21/11/2023;;Cheito Obra;;;Jose y Emmanuel;"Amuramos 3 boca 
Amuramosnu 1 tablero de 32 llaves 
Materiales utilizados 
2 caja de 5x10
1 caja de 10x10 
5 cuplas de 22 
1 curva de 22 
10 mts de corrugado 7/8 
1 tablero de 32 boca";;;;;;;;;;;;;;;;;;
21/11/2023;;Alan Faraudo A.A taller;;;Pablo y Emmanuel;"1/2 #Sercive de unidad interior y exterior.
#Presurizamis unidad interior.
Está faltando cargar por kg la unidad exterior.";;;;;;;;;;;;;;;;;;
21/11/2023;;Mely Clienta;;;Nacho y Pablo ;"Service de 2 A.A (2unidades interiores y 2 unidades exteriores 
#Controlamos todos los capacitores.
#Alargamos manguera de desagote (ocupamos 3 metro de manguera de cristal del taller)
#Aislamos sunchos de caño (6 metros de cinta blanca del taller)";;;;;;;;;;;;;;;;;;
21/11/2023;;Eco Max;;;Nacho y Pablo ;Revisamos conexiones en tablero.;;;;;;;;;;;;;;;;;;
21/11/23;;Raul Albañil ;;;Nacho y Pablo ;Reemplazamos capacitor de U.E de compresor de 45UF (Nacho lo compro);;;;;;;;;;;;;;;;;;
22/11/2023;;Mariano ponce (Caruso);;;Jose y Pablo ;"#Cableamos 10 artefactos (4 de embutir, 6 de aplicar, todo de 12W)
#Colocamos 10 artefactos.
#Ocupamos 25 metros de cable TPR de 2x2.5 del taller.
#12 Tacos y tornillos para durlok del taller
Reply:
	Materiales que faltarían para terminar:
Llave de punto simple=3
Llave de 2 puntos=5
Llave de 3 puntos=3
Llave combinada=8
Toma doble=2
Cable TPR 50 metros aproximadamente
Tacos de durlok y tornillos";;;;;;;;;;;;;;;;;;
22/11/2023;;Eco Max;;;Nacho y emmanuel;carga de refrigerante r22 3.4 kg de el y programacion de forzador de condensador;;;;;;;;;;;;;;;;;;
22/11/2023;;Blanca Serrano ;;;Nacho y emmanuel;Reemplazo de 2 lamparas, ?eparacion de cajon, reparacion de cerradura en el fondo, sacamos 2 artefactos para armar en el taller, retiramos bomba de agua para reparar.;;;;;;;;;;;;;;;;;;
22/11/2023;;Gonzalo Cliente ;;;Nacho y emmanuel;"revision de perdida de agua aire en living, desarmar mañana.
Aire de play room, reparacion y carga de refrigerante r22 500gr aprox, reemplazo de obu y pestañas.
Aire de habitacion de nena trajimos para el taller para reparar perdida de refrigerante.";;;;;;;;;;;;;;;;;;
22/11/2023;;Freddo Paseo Cultural;;;Nacho y emmanuel;"Revision y limpieza de filtros aire split de 6000fg funciona correctamente.
Recivision y deteccion de problema en aire piso techo comercial de 18000fg, vibra por turbinas descentradas, realizar presupuesto.aproximado.por reparacion, necesitamos el armado de 1.5 cuerpo de andamios.";;;;;;;;;;;;;;;;;;
22/11/2023;;Angel Luis Peres;;;Nacho;"revicion de camara frigorifica de 3 x2 m conseguir compresor para darle funcionamiento
Y cotisarle una reparacion y carga de refrigerante en aire de oficina de 3500fg r22
Coordinar en un tiempo breve la visita a su casa para ver un aire piso techo de 18 que no funcioma hace 8años en barrio canal 9...
Reply:
	pRESUPUESTO DE REPARACION Y CARGA DE REFRIGERANTE (ANGEL LUIS PEREZ A.A 23.11)";;;;;;;;;;;;;;;;;;
23/11/2023;;Graciela Gracelli ;;;Nacho y emmanuel;"Reemplazo de tablero electrico de 36bocas
Reinstalacion de lineas de aire acondicionad, instalacion de bocas para techo, armado de trablero, instalacion de toma doble, instalacion de artefacto de aplicar chico...materiales nuestros;
Toma doble
Cable unipolar de 2.5 (15)M
Resto de materiales de cromer!";;;;;;;;;;;;;;;;;;
23/11/2023;;Gonzalo Cliente ;;;Nacho y emmanuel;Limpieza de unidad exterior;;;;;;;;;;;;;;;;;;
23/11/2023;;Mariano ponce (Caruso);;;Jose y Pablo ;"#Cableamos 11 artefactos
#Colocamos 8 artefactos de aplicar de 12W
#Hicimos los huecos para los artefactos de la vivienda.
Está faltando cablear 12Artefactos y colocarlos, e instalar 2 ventiladores de techo";;;;;;;;;;;;;;;;;;
23/11/2023;;Taller Gonzalo Cliente ;;;Nacho y emmanuel;Aires (preg a nacho);;;;;;;;;;;;;;;;;;
24/11/2023;;Grasi gas;;;Pablo y Jose;Reemplazo de lampara;;;;;;;;;;;;;;;;;;
24/11/2023;;Fabiana Luna ;;;Nacho y emmanuel;Visita tecnica + presupuesto;;;;;;;;;;;;;;;;;;
24/11/2023;;Mariano ponce (Caruso);;;Pablo y Jose;"#Cableamos 12 artefactos.
#Colocamos 7 artefactos.
#Colocamos 2 ventiladores de techo";;;;;;;;;;;;;;;;;;
24/11/2023;;Jorge Díaz Carbel;;;Pablo y Jose;#Revisamos perdida de agua de aire piso techo;;;;;;;;;;;;;;;;;;
24/11/2023;;Alan Faraudo A.A taller;;;Nacho y emmanuel;Reparacion de robinetes (cambio de oring) y presurizacion de aire r407c.;;;;;;;;;;;;;;;;;;
24/11/2023;;Patricia moreno;;;Nacho y emmanuel;1 Service seco;;;;;;;;;;;;;;;;;;
24/11/2023;;Gonzalo quijano;;;;"Carga de refrigerante de aire (600g) r22
Reinstalacion de equipo de habitacion
AA living Service unidad interior de aire split 6000";;;;;;;;;;;;;;;;;;
;;;;;;;;;;;;;;;;;;;;;;;;
27/11/2023;;Patricia Moreno ;;;Nacho y Emmanuel ;"1 service seco 
3mts manguera de cristal";;;;;;;;;;;;;;;;;;
27/11/2023;;Grasi Gas;;;Pablo y Jose ;"Revision de consumo a.a
Revision conexiones de alimentacion a.a
esta faltando revisar lineas de fotocelulas";;;;;;;;;;;;;;;;;;
27/11/2023;;Cheito Obra ;;;Pablo y Jose ;"1 Instalacion caja 10x10
1 Instalacion caja 5x10
Tapado de caños que llegan a tablero 
Comienzo de picado cajas de pre instalacion 
Sondeo de cañerias";;;;;;;;;;;;;;;;;;
27/11/2023;;Mariano ponce (Caruso);;;Nacho y Emmanuel ;Retiraron dos a.a para hacer service;;;;;;;;;;;;;;;;;;
27/11/2023;;Yesica Jorge (dpto);;;Nacho y Emmanuel ;"Revision de 3 a.a 
Limpieza de filtro y reparacion de conexion electrica";;;;;;;;;;;;;;;;;;
27/11/2023;;Leandro Jorge ;;;Nacho y Emmanuel ;Cambio de capacitor;;;;;;;;;;;;;;;;;;
27/11/2023;;ACA;;;Nacho y Emmanuel ;Limpieza de desagote;;;;;;;;;;;;;;;;;;
27/11/2023;;Alejandro Van Muyalem (dptp);;;Nacho y Emmanuel ;Visita;;;;;;;;;;;;;;;;;;
28/11/2023;;Mariano ponce (Caruso);;;Nacho y Emmanuel;Taller: Service completo desinstalados a 2 aires;;;;;;;;;;;;;;;;;;
28/11/2023;;Nicolas Dito ;;;Nacho y Emmanuel;"Aire hijo: Carga de refrigerante 
r22: 500gr
Nitrogeno";;;;;;;;;;;;;;;;;;
28/11/2023;;Ulises Contreras;;;Nacho;Reemplazo de capacitor 30uf;;;;;;;;;;;;;;;;;;
28/11/2023;;Cheito Obra ;;;Pablo y Jose ;"Colocación de 1 caja de pre instalación ( se usó 1 curva a 45 del caño de 63, un poco de caño de 63, una curva a 45 del caño de 32 y un poco de caño del 32)
Colocación de cañería para tomas bajo de escalera (se usó 4 metros de caño corrugado de 7/8 del taller, 1 caño y medio de PVC del taller, 1 cupla que sacamos de cromer y 5 grampas del taller) está faltando terminar de picar.
Colocación de caja de 10x10.
Colocación de caños de alimentación de entrada de tablero (12 metros de caño de 1 pulgada y 1/4 que sacamos de cromer)
Reparación de caños de pieza, se utilizó 3 cuplas que sacamos de cromer y 1 metro de caño corrugado de 7/8del taller)";;;;;;;;;;;;;;;;;;
28/11/2023;;Mariano ponce (Caruso);;;Pablo y Jose ;Colocación de 5 artefactos de aplicar de 12W.;;;;;;;;;;;;;;;;;;
<;;Sebastian Valdivia ;;;Nacho ;Visita Tecnica $7200;;;;;;;;;;;;;;;;;;
29/11/2023;;Cheito Obra ;;;Pablo y Jose ;"Colocación de caja de pre instalación (ocupamos 2 curvas de 45 que se sacó ayer de fer plas y un poco de caño de 63 que había en la obra. También ocupamos 1 curva a 45 de 32 (Fer plast) y un poco de caño de 32 que había en la obra)
Reparamos caños y ocupamos 4 cuplas de PVC de 22 mm.
Colocamos 2 cajas de 5x10 (del taller)
Colocamos 1 caja de 7x7 (de taller)
Además ocupamos otras 5 cuplas y 15 metros de caño corrugado de 7/8";;;;;;;;;;;;;;;;;;
29/11/2023;;Alan Faraudo;;;Nacho y Emmanuel ;Mantenimiento aire acondicionado split;;;;;;;;;;;;;;;;;;
29/11/2023;;Franco moreno ;;;Nacho y Emmanuel ;"Cambio de capacitores 
1: 35uf
1:1.5uf";;;;;;;;;;;;;;;;;;
30/11/2023;;Cheito Obra ;;;José, Emma y Pablo;"Colocamos 4 cajas de 5x10 (del taller)
Colocamos 1 caja de 7x7 (del taller)
Colocamos 2 curvas a 45 de 63 (1 curva es del taller) y un poco de caño de 63 para salida de aires (el caño es el que sacamos en Fer plast de parte de Pepe para cuenta serena Caruso)
Modificamos tablero
Embutidos caños de aires";;;;;;;;;;;;;;;;;;
30/11/2023;;Jorge Díaz Carbel ;;;José, Emma y Pablo;Volvimos a colocar 35 luces (faltaría revisar falla);;;;;;;;;;;;;;;;;;
30/11/2023;;Alejandro Van muyalem (dptp);;;Nacho y Emmanuel;Desinstalacion de aire;;;;;;;;;;;;;;;;;;
30/11/2023;;Fabiana Luna ;;;Nacho y Emmanuel;Service seco;;;;;;;;;;;;;;;;;;
1/12/2023;;Jorge Díaz Carbel ;;;Jose y Pablo ;"Solucionamos problema electrico del trabajo que hicimos el día anterior.
Está faltando cambiar 8 dicroicas luz calidad.";;;;;;;;;;;;;;;;;;
1/12/2023;;Ana Brigido (Casa);;;Jose y Pablo ;"Limpieza de 3 unidad interior.
Limpieza de 2 unidades exterior (de la pieza de los hijos varones y de Ana y Elio. Está faltando limpieza de U.E del comedor)
En la pieza de los hijos varones está roto varios ranura de la turbina y quedó haciendo un ruido, faltaría revisarlo";;;;;;;;;;;;;;;;;;
1/12/2023;;Jardin Blanca Serrano;;;Nacho y Emmanuel;1/2 Service Seco;;;;;;;;;;;;;;;;;;
1/12/2023;;Federalito ;;;Nacho y Emmanuel;"Reemplazo de Capacitor 
Capacitor de 50uf";;;;;;;;;;;;;;;;;;
1/12/2023;;Grasi Gas;;;Nacho y Emmanuel;"Reemplazo de capacitor 
60uf
Reparacion Electrica";;;;;;;;;;;;;;;;;;
;;;;;;;;;;;;;;;;;;;;;;;;
4/12/2023;;Jardin Blanca Serrano;;;Nacho y Emmanuel ;"1/2 (terminaron service seco)
Reparacion de perdida de agua (7500)";;;;;;;;;;;;;;;;;;
4/12/2023;;Ulises Contreras ;;;Nacho y Emmanuel ;Desarmado de placa;;;;;;;;;;;;;;;;;;
4/12/2023;;Franco Moreno ;;;Nacho y Emmanuel ;Reparacion de conexion de compresor;;;;;;;;;;;;;;;;;;
4/12/2023;;Ana Brigido ;;;Pablo y Jose ;Limpieza de 3 unidad interiores y 2 unidades exteriores;;;;;;;;;;;;;;;;;;
4/12/2023;;Mariano Ponce (Caruso);;;Pablo y Jose ;Comienzo de instalacion de aires;;;;;;;;;;;;;;;;;;
5/12/2023;;Mariano Ponce (Caruso);;;Pablo, Jose y Emmanuel ;"1/2 finalizado instalacion A.A
1/2 com instalacion a.a pieza chica

MATERALES
3 metros de caño de 3/8
3 metros de caño de 1/4. Ocupamos 10 metros de cable TPR de 2x1.5,
1.5 aislantes de 1/4 
1.5 aislantes de 3/8, 
cinta blanca necesaria, tacos y tornillos necesario)


JOSE Y PABLO
1 INSTALACION DE A.A 

MAERIALES:

7 y 1/2 metros de caño de 1/2; 7 y 1/2 metros de caño de 1/4; 
27 metros de cable TPR de 2x1.5, 
3 aislantes de 1/2.
3 ailantes de 1/4. 
Cinta blanca necesaria";;;;;;;;;;;;;;;;;;
5/12/2023;;Alan Faraudo (Buen gusto);;;Nacho y Emmanuel ;1/2 instalacion del aire de 6000fg;;;;;;;;;;;;;;;;;;
6/12/2023;;Mariano Ponce (Caruso);;;Pablo, Jose y Emmanuel ;"Terminamos de instalar el A.A del living que faltaba ayer.
Instalamos A.A de cocina, ocupamos
8 de metros de caño 5/8
8 de metros de caño de 1/4. 
17.5 metros de cable TPR de 2x1.5. 
4 aislantes de 5/8
3 aislantes de 1/4 y 1.5 de 3/8. Cinta blanca necesaria
Instalamos A.A de pieza grande, ocupamos
3 metros de caño de 1/2 
3 metros de caño de 1/4; 
9 metros de cable TPR de 2x1.5
1.5 aislantes de 1/2
1 aislante de 1/4 y 0.5 de aislante de 1.2.
Cinta blanca necesaria, tacos y tornillos necesarios.
En total en cinta blanca, ocupamos casi 4. 
También ocupamos 1 cinta negra aisladora
Y también 1/2 varilla de plata";;;;;;;;;;;;;;;;;;
7/12/2023;;Mezher ;;;Nacho ;;;;;;;;;;;;;;;;;;;
7/12/2023;;Mariano Ponce (Caruso);;;Pablo, Jose y Emmanuel ;"Colocación de 16 cortinas
Colocación de 2 tv con soportes (usamos tacos, arandela y tornillos necesarios del taller)
Colocación de prolongación de toma de lavarropa (ocupamos 1.5 metros de cable TPR de 3x2.5 del taller y 1 ficha hembra del taller)
Terminamos de acomodar las unidades interiores (ocupamos 8 precintos y tacos y arandelas necesario) y colocamos tacos de madera en unidades exteriores 
Terminamos de colocar los tomas que estaban sueltos (usamos tornillos largos del taller)
Están faltando colocar varias cortinas más, revisar un A.A, colocar tiras leds y colocar tapas ciegas.";;;;;;;;;;;;;;;;;;
7/12/2023;;Ulises Contreras ;;;;Desintalacion de plaqueta, arreglo y reinstalacion de plaqueta;;;;;;;;;;;;;;;;;;
8/12/2023;;ACA;;;Pablo, Jose y Emmanuel ;"Limpieza de U.E 
Comprobamos presiones";;;;;;;;;;;;;;;;;;
8/12/2023;;Mariano Ponce (Caruso);;;Pablo, Jose y Emmanuel ;"3 Modificaciones de cortinas
1 Instalacion de cortinas 
1 Instalacion de tira led y 2 fuentes 
*Reemplazar capacitor de U.I de 0.9 UF

Instalacion de tomas sueltos con tornillos del taller";;;;;;;;;;;;;;;;;;
;;;;;;;;;;;;;;;;;;;;;;;;
11/12/2023;;Ana Brigido (casa);;;Jose y Emmanuel ;Service de 2 U.E;;;;;;;;;;;;;;;;;;
11/12/2023;;Mariano Ponce (Caruso);;;Pablo, Jose y Emmanuel ;"Colocación de 3 tapas ciegas 5x5
Colocación de 2 tapas ciegas de 10x10
Colocación de 3 tapa ciega de octogonal grande 
Colocación de floron.
Todo este material lo sacamos de cromer.
Modificamos conexión de luz LED.
Reemplazamos capacitor de U.I de 1UF.
Controlamos presiones de A.A de pieza chica
Reply:
	reemplazamos 2 tomas de 10Amperes por 2 tomas de 20Amperes";;;;;;;;;;;;;;;;;;
11/12/2023;;Elio Morales (edm andina);;;Pablo y Emmanuel ;"Alimentación de A.A con cable TPR pentapolar (5x 2.5 me parece), ocupamos 28 metros.
Colocación de térmica tetrapolar.";;;;;;;;;;;;;;;;;;
11/12/2023;;Jorge Dias Carbel ;;;Pablo y Emmanuel ;Reemplazamos 7 dicroicas.;;;;;;;;;;;;;;;;;;
11/12/2023;;Taller ;;;Jose;estuvo acomodando;;;;;;;;;;;;;;;;;;
12/12/23;; Sebastian Valdivia;;;Pablo y Emmanuel ;Service en seco de A.A (U.I e U.E);;;;;;;;;;;;;;;;;;
12/12/2023;;Angel Perez (Galpon);;;Pablo y Emmanuel ;"Presurizamos un equipo.
Cargamos gas reemplazo de R22, 1 kg cargamos.
Ocupamos 3 metros de manguera de cristal y 2 grampas, taco y tornillos necesarios";;;;;;;;;;;;;;;;;;
12/12/2023;;Crovara;;;Pablo y Emmanuel ;Purgamos bomba;;;;;;;;;;;;;;;;;;
12/12/2023;;Mauricio Moran ;;;Pablo y Emmanuel ;"1/2 Instalacion de A.A
Reply:
	MATERIALES:
2 metros de caños de 1/2
2 metros de caños de 1/4
4 aislantes de 1/2
2 metros de manguera de cristal
2.5 metros de cable TPR de 5x2.5";;;;;;;;;;;;;;;;;;
12/12/2023;;Tonos;;;Nacho y Jose;"Modificación de manguera desagüe de A.A 
2 piso techo
2 split .
Lavado de filtro de las 4 unidades 
Materiales utilizados 
4 metro de manguera
Servi a aire portátil 
Cambio de capacitor de 40uf.";;;;;;;;;;;;;;;;;;
12/12/2023;;Gabriela Liendo;;;Nacho y Pablo ;"Service de a.a portatil
Cambio de capacitor 40uf";;;;;;;;;;;;;;;;;;
13/12/2023;;Eco Max ;;;Nacho y Pablo ;Visita para revisar el funcionamiento del forzador que no cortaba.;;;;;;;;;;;;;;;;;;
13/12/2023;;Patricia Moreno;;;Nacho  y Pablo;"Service completo de A.A.VENTANA 
Reemplazamos capacitor de 30UF";;;;;;;;;;;;;;;;;;
13/12/2023;;Padre Josho ;;;Nacho  y Pablo;Service completo desintalado (sin instalacion);;;;;;;;;;;;;;;;;;
13/12/2023;;Mauricio Moran ;;;Jose y Emmanuel ;"Instalación de 2 equipos A.A 
Materiales ocupado 
6mts de caños de 3/4 
6mts de caños de 1/2 
8mts de cable tpr de 2,5 x5 
8 aislante
1 plantilla 
2 mts de manguera cristal
12 tacos del 6
12 tornillos 
2 rollo de cinta blanca
2 tuerca de 1/2
2 tuerca de 3/4";;;;;;;;;;;;;;;;;;
13/12/2023;;Graciela Gracelli ;;;Nacho;"Reparacion electrica de AA de 6000fg 
Reemplazo de capacitor de 60 uf
Reemplazo de termica bipolar
(Coordinar visita previa para dividir lineas de AA, llevar cable tpr de 3 x 2.5mm 8m)";;;;;;;;;;;;;;;;;;
13/12/2023;;Hispa (Casa Manzur);;;Nacho;"Visita tecnica y pronostico de falla por falta de tension.
Coordinar visita para realizar service a UE de equipo piso techo comercial.( revision de capacitor de forzador UE)
Pasarle precios de equipos de aire acondicionados de 3500w para futura instalacion.";;;;;;;;;;;;;;;;;;
14/12/2023;;Mauricio Moran ;;;Jose y Emmanuel ;"Instalación de equipo A.A 
Materiales:
8 mts de caño 5/8
8 mts de caño 1/4
5 aislante de 5/8
5 aislante de 1/4
1 rollo de cinta blanca 
8 mts de cable tpr de 2,5 x5 
12 tacos del 6
12 tornillos";;;;;;;;;;;;;;;;;;
14/12/2023;;Alan Faraudo (BUEN GUSTO);;;Nacho,Pablo y Jose ;"Agregamos 3 metros de manguera de cristal
Reemplazamos la plaqueta universal (compro Nacho)
nacho poner lo que hizo";;;;;;;;;;;;;;;;;;
14/12/2023;;Padre Josho ;;;Nacho y Pablo ;reemplazamos capacitor de 50Uf al A.A;;;;;;;;;;;;;;;;;;
14/12/2023;;Patricia Moreno;;;Nacho y Pablo ;Reinstalacion A.A. ventana;;;;;;;;;;;;;;;;;;
14/12/2023;;Elio Morales FIRESTONE;;;Nacho y Pablo ;"Service de unidad interior.
Solución falla eléctrica cuando arrancaba compresor.";;;;;;;;;;;;;;;;;;
15/12/2023;;Mauricio Moran ;;;Pablo,Jose y Emmanuel;"desintalaron e hiciero un service
Agregamos 1 metro de manguera corrugada.";;;;;;;;;;;;;;;;;;
15/12/2023;;Ulises Contreras ;;;Nacho, Pablo, Jose y Emmanuel ;"Service en seco de 2 A.A (2 U.I y 2 U.E)
Instacion de Estractor";;;;;;;;;;;;;;;;;;
;;;;;;;;;;;;;;;;;;;;;;;;
18/12/2023;;Macarena Pugliese;;;Nacho ;Arreglo de cartel led;;;;;;;;;;;;;;;;;;
18/12/2023;;Taller;;;Pablo;Revision de plaquetas y su funcionamiento;;;;;;;;;;;;;;;;;;
18/12/2023;;Federico Ocampo;;;Nacho y Pablo;"Solucionamos falla en bandeja de desagote del service anterior.
Movimos de lugar sensor de ambiente.";;;;;;;;;;;;;;;;;;
18/12/2023;;Abril Arias;;;Nacho y Pablo;Carga de refrigerante 410A;;;;;;;;;;;;;;;;;;
18/12/2023;;Beba Soria ;;;Nacho y Pablo;"Solución provisoria de problemas con desagote. 
Ocupamos 4 metros de manguera de cristal, precintos necesarios y codo.
Nacho debe hacerle el presupuesto de la solución indicada y de mover un equipo de un ambiente para otro ambiente.";;;;;;;;;;;;;;;;;;
18/12/2023;;Mauricio Moran;;;Jose y Emmanuel ;"1 Instalacion de aire acondicionado
Se utilizó 1 metro de cano de 1/2 
Y un metro de caño de 1/4 
Cinta aislante
5 metro de cable tpr";;;;;;;;;;;;;;;;;;
19/12/2023;;Taller;;;Pablo y Jose;"Acomodamos el taller.
Revisamos la plaqueta del A.A que estaba en buen gusto, Nacho cambio sensores de ambientes y caño, está andando bien la plaqueta.";;;;;;;;;;;;;;;;;;
20/12/2023;;Mariano Ponce (Caruso);;;Jose y Emmanuel ;"1 instalacion de cortina
1 Instalacion de extractor
Reply:
	Materiales:
20 tacos del 6 
20 tornillos";;;;;;;;;;;;;;;;;;
20/12/2023;;Fabian Caruso;;;Pablo, Jose y Emmanuel;"Reemplazo de capacitores
Reemplazo de toma por punto y toma capsulado.
Reply:
	Capacitores de 
*45uf 
*4uf 
*3uf
También se ocuparon 5 fichas para la conexión en paralelo de capacitores";;;;;;;;;;;;;;;;;;
20/12/2023;;Blanca Serrano ;;;Nacho y Pablo;"Colocación de bomba.
Se ocupa oring que compro Nacho.
2 metros de cable TPR de 3x2.5.
Revisamos ventilador de techo.";;;;;;;;;;;;;;;;;;
20/12/2023;;Ulises Contreras;;;Nacho y Pablo;Revisamos A.A que no andaba, se terminó colocado la alimentación directa a la térmica.;;;;;;;;;;;;;;;;;;
20/12/2023;;Nelson (Peluqueria);;;Nacho y Pablo;Visita tecnica;;;;;;;;;;;;;;;;;;
21/12/2023;;Jorge Díaz Brizuela estudio;;;Pablo y Jose;"Solución provisoria de problema del caño embutido de desagote de aire.
Ocupamos aproximadamente 2 metros de cinta blanca y 1/2 de aislante de 1/4.
Limpieza de filtros de 5 A.A.
Reply:
	se ocupó cinta blanca necesaria para encintar suncho de cañería del A.A";;;;;;;;;;;;;;;;;;
21/12/2023;;Estudio contable Quijano;;;Pablo, Jose y Emmanuel;"Service de 1 A.A (unidad interior y exterior) y reemplazo de capacitor de 40UF.
Service en seco de 1 A.A (unidad interior)
Limpieza de desagote de 1 A.A.
Estaría faltando todavía ver otro A.A.";;;;;;;;;;;;;;;;;;
21/12/2023;;Nelson ;;;Pablo y Emmanuel;"Service de A.A (unidad interior e unidad exterior)
Control de presiones";;;;;;;;;;;;;;;;;;
21/12/2023;;Eco Max;;;Nacho y Jose ;se coloco 3 forzadores de central se frío y se desintalo 2;;;;;;;;;;;;;;;;;;
21/12/2023;;Membrana Urquiza ;;;Jose ;Se colo 2 artefacto (reflectores);;;;;;;;;;;;;;;;;;
22/12/2023;;Chechin ;;;Nacho y Jose ;Desintalacion a A.A ventana para realizar servi;;;;;;;;;;;;;;;;;;
21/12/2023;;Pepe Salazar;;;Nacho y Emmanuel;Revision Electrica y reparacion de ventilador;;;;;;;;;;;;;;;;;;
22/12/2023;;Estudio contable Quijano;;;Pablo y Emmanuel;"terminaron de limpiar las 2 unidades exteriores del dia anterior.

1 Service unidad interior (a.a luigi)

1 Service seco + 3.5 manguera cristal y 4 grampas y tornillos";;;;;;;;;;;;;;;;;;
22/12/2023;;Van Muylem ;;;Pablo y Emmanuel;"Limpieza de dasagote A.A Living 

1 Service seco pieza de el cliente 

1 Carga de gas A.A pieza del cliente 

3 Limpieza de filtros";;;;;;;;;;;;;;;;;;
22/12/2023;;Jorge Díaz Brizuela estudio;;;Pablo y Jose ;"Sacamos Aire de ventana y lo llevamos al taller
Reply:
	Jose le hizo el service en el taller";;;;;;;;;;;;;;;;;;
23/12/2023;;Jorge Díaz Brizuela estudio;;;Pablo y Emmanuel;Colocación de aire de ventana.;;;;;;;;;;;;;;;;;;
23/12/2023;;Peluqueria Fabian Moon ;;;Pablo y Emmanuel;Reemplazamos 1artefacto de embutir;;;;;;;;;;;;;;;;;;
;;;;;;;;;;;;;;;;;;;;;;;;
25/12/2023;;FERIADO POR NAVIDAD;;;;;;;;;;;;;;;;;;;;;;
26/12/2023;;Van Muylem;;;Pablo y Emmanuel ;"Limpieza de 2 U.E
Limpieza de 1 U.I
Limpieza de 1 aire ventana.";;;;;;;;;;;;;;;;;;
26/12/2023;;Nadia Lujan y Gerardo;;;Pablo y Emmanuel ;Solución de problema de perdida de agua de A.A;;;;;;;;;;;;;;;;;;
26/12/2023;;Pepe Salazar ;;;Pablo y Emmanuel ;Revisión de problema electrico, cuando fuimos probamos todo y no salto el disyuntor.;;;;;;;;;;;;;;;;;;
26/12/2023;;Cristian Pollero ;;;Pablo y Emmanuel ;Desintalamos U.I y la llevamos al taller para buscar perdida.;;;;;;;;;;;;;;;;;;
26/12/2023;;Chechin ;;;Nacho y Jose ;Reparación y cargador de gas r 22 (1k);;;;;;;;;;;;;;;;;;
26/12/2023;;A.A Taller;;;Jose ;"2 unidad exterior
1 interior
Reply:
	service seco y carga de refigerante";;;;;;;;;;;;;;;;;;
27/12/2023;;Mariano Ponce ;;;Pablo y Emmanuel ;Cavamos y colocamos 3 cámaras de inspección.;;;;;;;;;;;;;;;;;;
27/12/2023;;Cristian Pollero ;;;Pablo y Emmanuel ;"Revisamos U.I en busca de perdida.
Cargamos el refrigerante R22.
Reply:
	950 gr";;;;;;;;;;;;;;;;;;
27/12/2023;;Taller ;;;Jose ;"Reparación aire de taller
Cambio de orrin robinete 
Cambio de capacitor de de un unidad exterior 25uf
Cambio de capacitor de unidad exterior 9.5 uf";;;;;;;;;;;;;;;;;;
28/12/2023;;Fabian Caruso ;;;Pablo, Jose y Emmanuel ;"Limpieza de 4 U.I y 4 U.E
Nacho debe darle turno nomás a caruso para ir a terminar los aires que faltan";;;;;;;;;;;;;;;;;;
28/12/2023;;A.C.A ;;;Pablo, Jose y Emmanuel ;"Limpieza de 1 U.I y U.E
Revisamos otro aire que no prendía no compresor ni forzador. 
Tiene problema con compresor.";;;;;;;;;;;;;;;;;;
29/12/2023;;Fabian Caruso ;;;Pablo, Jose y Emmanuel ;"Limpieza de 2 A.A (U.I e U.E)
A 1 A.A le cargamos refrigerante 410A.
Limpieza de filtros de aire piso techo.
Ocupamos:
8 precintos.
Aislantes y cinta blanca.
Reemplazamos 2 artefactos para aplicar de 12W, redondos de luz fría (cromer)
Reemplazamos 1 artefactos de aplicar cuadrado luz fría (cromer)
Reemplazamos 1 reflector de 100W (cromer)
Colocamos 1 reflector de 100W (cromer)
Cableamos 1 boca.
Se instalo fotocelula al nuevo reflector.
Ocupamos:
8 metros de cable unipolar.
Cinta aisladora.
1 fotocelula (del taller)
Tacos y tornillos necesarios.
Dejamos 1 artefactos cuadrado de 12W luz día en caruso.
Está faltando cambiar puntos en las llaves de luz.";;;;;;;;;;;;;;;;;;
29/12/2023;;Van Muylem;;;Pablo, Jose y Emmanuel ;"Revisamos el problema de perdida de agua de. A.A que ya habíamos ido a ver (se solucionó)
Se alargó manguera de desagote.
Se ocupó:
4 metros de manguera de cristal.
Se ocupó muy poca silicona
Está faltando cambiar plaqueta de A.A de cocina.";;;;;;;;;;;;;;;;;;
30/12/2023;;A.C.A ;;;Pablo, Jose y Emmanuel ;"Solución de perdida de agua.
Problema: acomodamos mejor el evaporador de la U.I y tuvimos que destrancar varías mangueras de cristal de la parte de afuera (la bandeja se rebalsaba)
Se debería cambiar todos las mangueras de desagote de todos los aires en el sector donde estuvimos trabajando.";;;;;;;;;;;;;;;;;;
30/12/2023;;Maria Celia de Torcivia ;;;Pablo, Jose y Emmanuel ;"Solucionamos problema de perdida de agua de la parte de afuera de la pared, alargamos la manguera de desagote.
Ocupamos
2.5 manguera de cristal.
2 precintos.
Cinta blanca necesaria para 2 metros de caño.";;;;;;;;;;;;;;;;;;
30/12/2023;;Mariano Ponce ;;;Pablo, Jose y Emmanuel ;"Presurizamos A.A
Hicimos vacío.
Cargamos refrigerante 410, 700 gramos.";;;;;;;;;;;;;;;;;;
30/12/2023;;Fabian Caruso ;;;Pablo, Jose y Emmanuel ;"Reemplazamos 2 módulos de putnos.
Estuvimos revisando conexión de pasillo. Supuestamente debería encender/prender las luces desde 3 lugares distintos y no andan. Dejamos 1 punto que prenda las luces provisoriamente.
Está faltando
Buscar 2 pines luz calida.
Revisar luces de pileta que están quemadas.
Revisar los puntos de pasillo y conexión";;;;;;;;;;;;;;;;;;
;;;;;;;;;;;;;;;;;;;;;;;;
2/1/2024;;Nico Gallo;;;Nacho,Pablo, Josè y Emmanuel;"Colocación de tablero 36 bocas.
Colocación de 1 disyuntor bipolar y 6 térmicas bipolar.
Colocación de 9 lámparas y portalámparas.
Colocación de 1 caja de 10x10
Hicimos reparación de canalización quemada/ obstruida.
Cableamos 11 bocas.
Ocupamos del taller:
1 módulo de 2 1/2 puntos combinados.
1 llave completa de punto simple.
1 módulo de punto simple.
Aproximadamente 200 metros de cable unipolar de 2.5mm de diferentes colores.
3 metros de cable unipolar de 6mm de diferentes colores.
12 cuplas de PVC de 22mm.
15 metros de caño corrugado de 7/8.
Está faltando:
Reacomodar termic gral.
Colocar la jabalina.
Reemplazar 2 térmicas.
Revisar algún detalle como colocar portalámpara.
Terminar de tapar para que quede más prolija alguna caja";;;;;;;;;;;;;;;;;;
3/1/2024;;Nico Gallo;;;Nacho,Pablo, Josè y Emmanuel;"Colocación de jabalina y caja de inspección.
Reemplazo de 2 térmicas de 16A.
Colocamos 1 portalámpara y lámpara.
Cableamos 1 boca.
Colocamos 1 toma doble.
Terminamos de poner prolijas los últimos detalles de las canaletas y tablero.
Ocupamos del taller:
11 metros de cable unipolar de 2.5 de distintos color.
6 metros de cable de red.
1 toma doble.
Casi 1 tacho grande de cemento y casi 1 tacho grande de arena.";;;;;;;;;;;;;;;;;;
3/1/2024;;Conrado Van Muylem;;;Nacho, Pablo y José;"Revisamos otra vez el problema de perdida de agua del A.A de living.
Carga de refrigerante R22.
Configuramos el control universal de A.A de cocina.
Ocupamos:
Nacho compro caño 110 para colocar un pedazo entre el evaporador y bandeja de desagote trasera del equipo.";;;;;;;;;;;;;;;;;;
3/1/2024;;Taller;;;Nacho, Pablo y José;Colocación de 3 cámaras y conexión al DVR;;;;;;;;;;;;;;;;;;
4/1/2024;;Taller;;;Pablo, José y Emmanuel;limpieza del taller;;;;;;;;;;;;;;;;;;
4/1/2024;;Victor Hernández -Jujuy;;;Pablo y Emmanuel;"Instalación de 2 A.A 
Ocupamos del taller
3.5 metros de caño de 1/2
3.5 metros de caño de 1/4
5.5 metros de manguera de cristal.
11 metros de cable TPR de 3x2.5.
2 pares de ménsulas.
15 tacos y tornillos del 6.
12 tacos y tornillos del 10
8 bulones.
2 aislantes de 1/2.
2 aislantes de 1/4.
Cinta blanca y negra necesaria.";;;;;;;;;;;;;;;;;;
4/1/2024;;Jime Clienta;;;Nacho y Jose;"Re realizo realizo reparo pedida de refrigerante de A.A encontrada en robinete 
Se cargo refrigerante r22 (500grs) 
Chica bandera 
Revisión eléctrica 
Programación de riego";;;;;;;;;;;;;;;;;;
4/1/2024;;Pepe Salazar ;;;Nacho y Jose;"Revisión eléctrica 
Programación de riego";;;;;;;;;;;;;;;;;;
5/1/2024;;Jose Carrizo ;;;Pablo, Jose Y Emmmanuel ;"Service de A.A (U.I e U.E).
Carga de refrigerante 410A, 350 grs.
Reemplazamos la manguera de cristal (ocupamos 3 metros de manguera)
materiales: 3 tacos y 3 tornillos Nº 6. Precintos 3";;;;;;;;;;;;;;;;;;
5/1/2024;;Italo Reyes;;;Pablo, Jose Y Emmmanuel ;aislamos unos cables unipolar con cinta negra. Y volvimos a aislar todo el suncho con cinta blanca. Fue casi 40 cm el trato que aislamos.;;;;;;;;;;;;;;;;;;
5/1/2024;;Marisa -Catamarca;;;Pablo, Jose Y Emmmanuel ;"Media instalación de A.A en altura (2do piso)
Nacho fue a auxiliarnos y tuvimos que llevar al taller la U.E para revisar la rosca de un pico porque no se podía señir.
Faltaría revisar eso y terminar la instalación.";;;;;;;;;;;;;;;;;;
5/1/2024;;Graciella Gracelli;;;Nacho;"Reemplazo de alimentacion de entrada, Utilizamos (Visita tecnica con solucion)
4m de cable de 10mm
2m de cable de 6mm";;;;;;;;;;;;;;;;;;
;;;;;;;;;;;;;;;;;;;;;;;;
8/1/2024;;Alan Faraudo Dpto ;;;Pablo, Jose Y Emmmanuel ;Retiramos U.E por posible perdida.;;;;;;;;;;;;;;;;;;
8/1/2024;;Nicolas Gallo ;;;Pablo y Emmanuel ;"Colocación de 3 artefactos plafón.
Ocupamos 7 tacos de durlok y 7 tornillos del 6";;;;;;;;;;;;;;;;;;
8/1/2024;;Italo Reyes ;;;Pablo y Emmanuel ;Colocación de plaqueta, la cual Nacho reemplazó el relay;;;;;;;;;;;;;;;;;;
8/1/2024;;Alan Faraudo Dpto ;;;José;"Se limpio unidad exteriores de a.a( buen gusto. Catamaqueña) 
Se presurizo unidad exterior buen gusto. Nose encontró pedida";;;;;;;;;;;;;;;;;;
9/1/2024;;Mely Clienta ;;;Pablo;"A.A living: Reemplazo de capacitor de compresor de 35UF.
Los caños de inyección no se congelaba. El caño de retorno volvía frío (tacto en la U.E)";;;;;;;;;;;;;;;;;;
9/1/2024;;Mario Serrano (casa);;;Pablo y Jose ;"Solución al problema del A.A su habitación (no enfriaba, el problema eran los contactos de la parrilla del contactor).
Reemplazamos los capacitores de compresor y forzador.
Ocupamos:
Para compresor (capacitores de 20; 3; 2.5UF en paralelo)
Para forzador (capacitor de 3UF)
5 precintos
8 fichas para contactos de capacitor";;;;;;;;;;;;;;;;;;
9/1/2024;;Marisa - Catamarca;;;José;Carga refrigerante A.A catamarqueños. R22 (1.116kg);;;;;;;;;;;;;;;;;;
9/1/2024;;Marisa - Catamarca;;;Nacho, Pablo, José y Emmanuel;"Terminamos de instalar el equipo.
Cargamos esa cantidad de refrigerante (Nacho lo empezó en el taller y nosotros lo terminamos)";;;;;;;;;;;;;;;;;;
9/1/2024;;Marisa - Catamarca;;;Nacho, José y Emmanuel;"Se cambio robinete de unidad exterior a.a catamarqueña
Reply:
	Se limpio unidad exteriores de a.a";;;;;;;;;;;;;;;;;;
9/1/2024;;Taller;;;Pablo;Estuve reparando 2 alargues para que lo podamos usar.;;;;;;;;;;;;;;;;;;
9/1/2024;;Italo Reyes ;;;Pablo, Josè y Emmanuel;Retiramos nuevamente la plaqueta de A.A para llevarla al taller así Nacho revisa el error en el display.;;;;;;;;;;;;;;;;;;
10/1/2024;;Alan Faraudo Dpto ;;;Nacho, Pablo, José y Emmanuel;"Terminamos de instalar la U.E
Reemplazamos la térmica de 10A por una de 20A (compró Nacho)
Ocupamos cinta blanca y aislante.
Ocupamos 7 precintos
Carga de refrigerante R22: 1.932 kg.";;;;;;;;;;;;;;;;;;
10/1/2024;;Italo Reyes ;;;Nacho y Pablo ;"Colocación de plaqueta de A.A
Reemplazamos sensor de ambiente de 10K, ocupamos uno que había en el taller.";;;;;;;;;;;;;;;;;;
11/1/2024;;Blanca Serrano - Federalito;;;Pablo, Jose y Emmanuel ;"Service de varias U.I de A.A:
1) 7to service de U.I
2) 6to A service de U.I (Reemplazamos manguera de cristal, 3m del taller+1 precinto)
3) 6to B service de U.I (Reemplazamos manguera de cristal, 3m del taller+1 precinto)
4) 3ro B service de U.I(Reemplazamos manguera de cristal, 3m del taller+1 precinto)
5) 3ro A service de U.I.
6) 1año A service de U.I
7) 1año B service de U.I
8) 2do A service de U.I
9) 2do año B service de U.I
10) 5to B service de U.I
11) 5to A service de U.I";;;;;;;;;;;;;;;;;;
12/1/2024;;Blanca Serrano - Federalito;;;Pablo, Jose y Emmanuel ;"Service de 7 U.I
Limpieza de 6 U.E";;;;;;;;;;;;;;;;;;
12/1/2024;;Blanca Serrano - Federalito;;;Pablo y Jose ;"Limpieza de 7 U.E
Reply:
	Resumiendo el trabajo que hicimos en la escuela:
1) 4to año A service completo.
2) Biblioteca service completo (reemplazo de manguera cristal 5m del taller +1 precinto
3) Antiguo kiosco service completo.
4) Sala al lado de antiguo kiosco service completo.
5) Oficina de doña blanca service completo.
6) Depósito de oficina service completo.
7) Depósito uniformes service completo.
8) 3ro B service completo (reemplazo de manguera cristal 3m del taller +1 precinto) 
9) 2do año B service completo.
10) 1 año B service completo.
11) 5to año B service completo
12) 6to A service completo (reemplazo de manguera de cristal 3 m del taller+ 1 precinto)
13) 6to B service completo (reemplazo de manguera cristal 3m del taller+ 1 precinto)
Estaría faltando 5 U.E de A.A para que sean service completo.";;;;;;;;;;;;;;;;;;
12/1/2024;;Agustin Pagotto ;;;Nacho y Emmanuel ;Instalacion de aire split 3500fg;;;;;;;;;;;;;;;;;;
;;;;;;;;;;;;;;;;;;;;;;;;
15/1/2024;;Italo Reyes ;;;Nacho y Pablo;Garantía de trabajo realizado;;;;;;;;;;;;;;;;;;
15/1/2024;;Gonzalo Quijano ;;;Nacho y Pablo ;"Prueba de desagote de A.A (prueba hídrica)
Garantía de trabajo.
Estaría faltando revisar cañeria embutida";;;;;;;;;;;;;;;;;;
15/1/2024;;Electromundo - Eduardo Saine;;;Nacho y Pablo;"Visita técnica.
Limpieza de filtros de aire piso techo";;;;;;;;;;;;;;;;;;
16/1/2024;;Elio Morales, EDM ANDINA ZONA SUR.;;;Nacho y Pablo;Visita técnica (control de consumo de las 3 fases trifásicas. Revisión de tira LED que no funciona);;;;;;;;;;;;;;;;;;
16/1/2024;;Blanca Serrano - Federalito;;;Jose y Emmanuel;"5 servi a unidades exterior 

Se cambió el desagüe a 4 unidades interiores

Desinstalamos una Aire acondicionado split (falta hacer el servi se lo lleva a taller ) 

Se colocó cinta nueva a 15 cañerias de unidades exterior 
 
Materiales

3 rollos de cinta blanca 
20 metros de manguera cristal
15 precintos 
1 una cinta aisladora";;;;;;;;;;;;;;;;;;
16/1/2024;;Electromundo - Eduardo Saine;;;Nacho y Pablo;"Presurizamos aire piso techo, dejando el manifold para controlar perdida.
Acomodamos mejor la U.E y aseguramos con tira fondo.
Ocupamos:
1.5 metros de caño de 3/4
1.5 metros de caño de 3/8
1.5 metros de aislante de 3/4
1.5 metros de aislante de 3/8
32 metros de alambre de atar.
1/2 rollo de cinta blanca.
1/2 rollo de cinta negra.
2 tornillos para chapa.
Ocupamos casi 1 varilla de plata y un poco de decapante";;;;;;;;;;;;;;;;;;
17/1/2024;;Electromundo - Eduardo Saine;;;Pablo  y Emmanuel ;"Control de presurización de todo el aire piso techo 
Vacío de todo el aire piso techo.
Carga de refrigerante 410A (del cliente)
Le está faltando que vaya Nacho a revisar el equipo.";;;;;;;;;;;;;;;;;;
17/1/2024;;Jardin Federalito - Blanca Serrano ;;;Pablo y Jose ;Service de 4 U.I.;;;;;;;;;;;;;;;;;;
18/1/2024;;Jardin Federalito - Blanca Serrano ;;;Pablo, Jose y Emmanuel;"Service de 4 U.I
Service de 8 U.E.
Reemplazamos plaqueta de 1 A.A 

MATERIALES 
2 y 1/2 cinta blanca del taller.
1 plaqueta PG del taller.
10 fichas para plaqueta del taller.
2 precintos.
1 metro de cable TPR de 3x2.5
1/2 Cinta negra.";;;;;;;;;;;;;;;;;;
18/1/2024;;CINEMACENTER ;;;Pablo y Jose ;Visita técnica, revisión de aire de sala 2. Falta que Nacho haga el presupuesto.;;;;;;;;;;;;;;;;;;
18/1/2024;;Electromundo - Eduardo Saine;;;Nacho y Pablo ;"Revisión de aire piso techo.
Nacho detecto que posiblemente este tapado el capilar en la U.E.
Nacho va a buscar información de las medidas de capilar y otros datos del compresor.
Ocupamos 1/2 cinta negra";;;;;;;;;;;;;;;;;;
19/1/2024;;Roxana Vanni ;;;Pablo y Jose;Desinstalacion de a.a ventana (lo trajeron al taller para realizar service);;;;;;;;;;;;;;;;;;
19/1/2024;;Taller Roxana vanni ;;;Pablo, Jose y Emmanuel;"Service de aire ventana.
Está faltando que Nacho siga viendo el equipo porque daba bajo el amperaje y no tira tanto frío.";;;;;;;;;;;;;;;;;;
19/1/2024;;Riki ;;;Pablo y Jose;"Service completo de A.A
Ocupamos del taller:
Agregamos 3 metros de manguera de cristal.
3 grampas.
3 tacos.
3 tornillos.
3 precintos.
Muy poco de cinta aisladora.
3/4 de cinta aisladora blanca para aires.
1 aislante de media.";;;;;;;;;;;;;;;;;;
19/1/2024;;Silvia Jorge;;;Nacho y emmanuel.;Reparacion y carga de refrigerante R134A  al aire de la camioneta (0.420kg);;;;;;;;;;;;;;;;;;
;;;;;;;;;;;;;;;;;;;;;;;;
22/1/2024;;Grasi Gas;;;Pablo, Jose y Emmanuel.;"Reemplazamos 6 artefactos de alta potencia de 30W luz fría.
Anulamos alimentacion de reflector. 
Realizamos alimentación del mismo reflector pero de otra forma. Para ello utilizamos 20 metros de cable TPR de 3x1.5";;;;;;;;;;;;;;;;;;
22/1/2024;;Flia Loyola;;;Pablo, Jose y Emmanuel.;"Service completo de A.A
Ocupamos del taller
Ocupamos 1 aislante de 1/4 y cinta blanca para aislar caños, aproximadamente 1/4 de cinta.";;;;;;;;;;;;;;;;;;
22/1/2024;;Jorge Diaz Carbel ;;;Pablo, Jose y Emmanuel.;"Ocupamos del taller:
Colocamos 1 metro de membrana y cinta blanca en cañería de aire piso techo. Aproximadamente 1/2 cinta blanca.
Volvimos a acomodar luz exterior.";;;;;;;;;;;;;;;;;;
22/1/2024;;Gonzalo Quijano ;;;Pablo, Jose y Emmanuel.;"Control de perdida de agua.
Detectamos que se empezaba a congelar el evaporador.
Cargamos gas R22 (tenía 24 de recalentamiento y quedó en 12-13) porque lo dejamos funcionando al equipo. Mañana pesamos la garrafa y marcamos cuánto gastamos.
Reply:
	A Quijano le cargamos 168gramos de R22";;;;;;;;;;;;;;;;;;
23/1/2024;;EDM -Sur - Elio Morales;;;Pablo, Jose y Emmanuel.;"Reemplazamos llave de 2 punto de aplicar de tira LED del banner del medio.
La llave de 2 punto de aplicar de la compró en el momento.";;;;;;;;;;;;;;;;;;
23/1/2024;;Roxana Vanni ;;;Nacho y Pablo - Jose y Emmanuel;"Presurizamos aire de ventana.
Es un equipo viejo y ya pierde rendimiento.
Reply:
	José y Emma
Fueron a colocarle el aire.";;;;;;;;;;;;;;;;;;
23/1/2024;;Emanuel  Avila  (Pata);;;José y Emmanuel - Nacho y chicos;"Retiraron el aire ventana de la casa del cliente.
Reply:
	José, Emma, Nacho y Pablo
Presurizamos y controlamos el equipo.
Cargamos refrigerante R22: 1048kg.
Reemplazamos la colita de carga.";;;;;;;;;;;;;;;;;;
23/1/2024;;Estudio Juridico - Carreño Menem Tello;;;Pablo, Jose y Emmanuel.;"Limpiamos caño de desagote embutido.
Agregamos 1 metro de caño.
Ocupamos del taller:
1 caño de 25.
1 cupla de 25.";;;;;;;;;;;;;;;;;;
24/1/2024;;Marcela Rios - calle Jujuy;;;Pablo, Jose y Emmanuel.;"Instalación de A.A
Ocupamos del taller:
2 aislantes de 1/2
2 aislantes de 1/4
3 metro de caño de 1/2
3 metros de caño de 1/4
3.5 metros de cable TPR de 5x2.5
3 metros de manguera de cristal.
1 par de mensula.
8 tornillo de 10
8 arandelas.
8 tacos de 10
6 tacos del 6
8 tornillos del 6
8 precintos.
1 rollo de cinta blanca.
4 bulones con tuerca.
30cm de cable TPR de 3x2.5
1 ficha hembra.";;;;;;;;;;;;;;;;;;
24/1/2024;;Pepe Llamos -Arq.;;;Pablo, Jose y Emmanuel.;"Pasamos la primera parte del suncho de caños para el aire de la pieza de Pepe.
Ocupamos del taller:
8 metros de caño de 5/8
8 metros de caño de 3/8
Dejamos largo el caño en el techo para saber cómo quiere colocar U.E Nacho, para que no se vea tanto digamos.
4 aislantes de 5/8
4 aislantes de 3/8
1 cinta y media blanca.
9 metros de cable TPR de 5x2.5
(Está faltando la otra tirada de suncho. Nos falta:
Caño de 3/8.
Aislante de 3/8.
Aislante de 5/8.
Cinta blanca.
Revisar cómo es la conexión eléctrica, para verificar la cantidad de cable que haga falta
Dejamos en pepe la soga y la extensible guardada)";;;;;;;;;;;;;;;;;;
25/1/2024;;Pepe Llamos -Arq.;;;Nacho, Pablo y Jose ;"Acomodamos artefactos que estaba caído.
Colocación de U.I de A.A de 9mil kW 
Pasamos la segunda parte del suncho.
Ocupamos:
1 trampa de aceite del caño de 5/8.
20 cm de manguera corrugada de cristal 
8 tacos y tornillos del 6.
4 tira fondo y tacos del 10.
5 metros y 1/2 de caño de 5/8
5 metros y 1/2 de caño de 3/8.
3 aislante y 1/2 de 5/8
3 aislantes y 1/2 de 3/8
6 metros y 1/2 de cable TPR de 5x2.5
1 y 1/2 de cinta blanca.
1/2 varilla de plata. 
8 metros de cable unipolar de 2.5 de color verde amarillo
*Está faltando:
Subir U.E.
Pasar 3 cables por un suncho.
Reemplazar 2 fotocelulas.
Y hacer prezurisacion y vacio*
Reply:
	También se ocupó 1 codo de cobre de 5/8";;;;;;;;;;;;;;;;;;
25/1/2024;;Tonos 3;;;Pablo y Jose ;"Controlamos presiones de 1 Aire piso techo que no enfría bien.
Revisamos filtros, turbinas. 
Le comentamos a Nacho que no nos da el recalentamiento.
Dicen que en tonos 2 no está andando bien el aire piso techo";;;;;;;;;;;;;;;;;;
26/1/2024;;Fabian Luna ;;;Pablo, Jose y Emmanuel.;"Limpiamos 14 artefactos del quincho.
Colocamos 2 tapas en las luces de pileta.
Limpiamos 3 tiras leds del frente de la casa.
Reply:
	Está faltando:
Reemplazar 3 artefactos en la puerta de entrada.
Colocar 2 tapas en luces de pileta (no las tiene)
Revisar toma exterior que no funciona, le llega 50Volt en la fase";;;;;;;;;;;;;;;;;;
26/1/2024;;Gabriel Moreno ;;;Pablo y Emmanuel ;"Presurizamos el equipo.
Cargamos refrigerante R410A. 504gr";;;;;;;;;;;;;;;;;;
26/1/2024;;Pepe Llamos -Arq.;;;Pablo, Jose y Emmanuel.;"Pasamos cables de sensores y tierra (1 boca) (cables que puso Pepe)
Subimos la U.E.
Terminamos de instalar el A.A
Reemplazamos el obu de la válvula de servicio (del taller)
Reemplazamos 2 fotocelulas (puso Pepe)
Reemplazamos 1 toma doble (puso Pepe)
Cableamos la alimentación del A.A hasta el tablero de la pieza de abajo (cables puso Pepe)
Colocamos térmica de 15A bipolar (térmica puso Pepe)";;;;;;;;;;;;;;;;;;
;;;;;;;;;;;;;;;;;;;;;;;;
29/1/2024;;Fabian Caruso ;;;Pablo y Jose ;"Reemplazamos 4 artefacto AR111 en cocina. Eran pines 12 Volt y lo pasamos a tipo dicroica de 220V
Reemplazamos 2 artefactos bajo alacena.
Agregamos un punto a un toma que ya estaba colocado, para que lo prendan de ahí (al punto lo puso Caruso) eso fue en la cocina.
Reemplazamos 1 punto que no funcionaba en una habitación. (Este punto es del taller)
Reemplazamos 1 fotocelula (la puso Caruso).
Reemplazamos 3 focos luz cálida por luz fría, en cocina (los puso Caruso)
Bajamos el ventilador que no funciona, colocamos un portalámparas con lámpara (lo puso Caruso)y aislamos el dimmer porque no corta la corriente.
Reply:
	Se ocuparon 8 precintos";;;;;;;;;;;;;;;;;;
29/1/2024;;Pepe Llamos -Arq.;;;Pablo y Jose ;Reemplazo de luz de pileta.;;;;;;;;;;;;;;;;;;
30/1/2024;;Estancia Caudillos riojanos (AGUSTINA GRACELLI);;;Nacho y Jose ;"Se reviso conexión eléctrica 
Desconexion y conexión de fases faltantes";;;;;;;;;;;;;;;;;;
30/1/2024;;Isabel (AV Agelelli);;;Nacho y Jose ;Cambio de capacitor 35uf unidad exterior A.A;;;;;;;;;;;;;;;;;;
30/1/2024;;Marcela Rios (Heladera);;;Nacho, Pablo y Jose ;"Soldamos punta de capilar que estaba suelto.
Presurizamos la unidad.
Cargamos 150gramos de gas 134A.
Llevamos la heladera a la casa del cliente.";;;;;;;;;;;;;;;;;;
31/1/2024;;Flavio Valdez ;;;Pablo y Jose ;"Prezurisacion de equipo.
Hicimos birolas nuevas.
Hicimos Vacío al equipo.
Carga de refrigerante R22=580 g";;;;;;;;;;;;;;;;;;
31/1/2024;;Emanuel  Avila  (Pata);;;Nacho, Pablo y Jose ;"Aire ventana 
Cargamos refrigerante 2 veces:
Primero 1kg. Y la segunda vez 706g.
Entregamos aire de ventana";;;;;;;;;;;;;;;;;;
31/1/2024;;Jonathan Rodriguez;;;Pablo y Jose ;"Instalación de A.A en altura.
Ocupamos del taller:
3 metros de caño de 1/4
3 metros de caño de 3/8
2 aislante de 1/4.
2 aislante de 3/8.
1 cinta blanca.
5 metros de cable TPR de 5x2.5.
1/2 metro de manguera de cristal.
1 par de ménsulas.
6 tacos del 10 con tornillos del 10.
6 tacos del 6 con tornillos del 6
4 bulones.";;;;;;;;;;;;;;;;;;
1/2/2024;;Eco Max;;;Pablo y Jose ;Reemplazamos el forzador de heladera dónde están los lácteos.;;;;;;;;;;;;;;;;;;
1/2/2024;;Juan Answer;;;Pablo y Jose ;"Instalación de A.A living.
Ocupamos del taller:
1 metro de caño de 1/4.
1 metro de caño de 1/2
1 aislante de 1/4
1 aislante de 1/2
1/2 rollo de cinta blanca.
2 metros de caño corrugado
10 metros de cable unipolar de 2.5 de diferente colores.
6 tacos del 6 con tornillos.
2 metros de manguera de cristal.
Media instalación de A.A comedor
Ocupamos del taller
1.5 metros de caño de 1/4.
1.5 metros de caño de 1/2.
1 aislante de 1/4
1 aislante de 1/2
2 metros de caño corrugado
10 metros de cable unipolar de 2.5 de diferentes colores.
1 metro de manguera de cristal.
1/2 cinta blanca.
1 par de ménsulas.
6 tacos del 10
6 tornillos del 10
2 bulones.
Media instalación de A.A de pieza.
Ocupamos del cliente:
1 par de ménsulas.
Ocupamos del taller:
6 tacos del 10
6 tornillos del 10
3 arandelas.
Reply:
	2.5 metros de manguera de cristal";;;;;;;;;;;;;;;;;;
2/2/2024;;Juan Answer;;;Pablo y Jose ;"Terminamos instalación de A.A de pieza
Ocupamos hoy:
0.5 metros de caño de 1/4.
0.5 metros de caño de 1/2.
7.5 metros de de cable de 2.5mm de diferentes colores.
1.5 metros de caño corrugado.
1/2 cinta blanca.";;;;;;;;;;;;;;;;;;
2/2/2024;;Juan Answer;;;Nacho, Pablo y Jose ;Terminamos de instalar A.A comedor;;;;;;;;;;;;;;;;;;
2/2/2024;;Conrrado Van muylem ;;;Nacho, Pablo y Jose ;"Se hizo vitolas nuevas.
Se cargó refrigerante R410A. Solo que no pesamos el gas cuando llegamos.";;;;;;;;;;;;;;;;;;
2/2/2024;;Roxana Vanni ;;;Pablo y Jose ;"Desintalamos aire de ventana.
Instalación nuevo aire de ventana.
Ocupamos del taller:
2 baldes de mezcla.
2 tacos y tornillos del 6
20 cm de cable unipolar de 2.5 de diferentes colores.
Agregamos toma de aplicar (lo puso el cliente)
Reply:
	También ocupamos 2.de asistente de 1/4";;;;;;;;;;;;;;;;;;
2/2/2024;;Pauli Clienta;;;Nacho ;1/2 service de aire portatil;;;;;;;;;;;;;;;;;;
3/2/2024;;Pauli Clienta;;;Nacho ;1/2 service de aire portatil;;;;;;;;;;;;;;;;;;
TOTAL SEMANAL:;;;;;;;;;;;;;;;;;;;;;;;;
5/2/2024;;Juan Answer;;;Pablo y Jose;Garantia de trabajo;;;;;;;;;;;;;;;;;;
5/2/2024;;Roberto Menem;;;Pablo y Jose;"Service completo A.A de dormitorio principal.
Se tiró refrigerante que tenía demás hasta llegar a 2.6 de recalentamiento.
Service completo de A.A de comedor.
Se presurizo, se hizo virolas y de hizo vacío.
Se cargó refrigerante R22 (nos faltó pesar)
Service completo de A.A de pieza 1er piso.
Están faltando 2 service más.
Reply:
	326gramos de r22 en el equipo de comedor";;;;;;;;;;;;;;;;;;
5/2/2024;;Nacho Tello ;;;Pablo y Jose;"Aire ventana
Se reemplazó capacitor de compresor pero no anduvo el compresor.
Se trajo el equipo al taller.";;;;;;;;;;;;;;;;;;
6/2/2024;;Roberto Menem;;;Pablo y Jose;Service completo de 2 A.A (1 comedor del fondo, pieza al lado del A.A Hisense, que es del fondo);;;;;;;;;;;;;;;;;;
6/2/2024;;Nacho Tello ;;;Pablo y Jose;Dejamos aire de ventana (compresor no anduvo);;;;;;;;;;;;;;;;;;
6/2/2024;;Franco Toledo ;;;Pablo y Jose;"Solucionamos el problema electrico.
Reply:
	ocupamos 1 rollo de cinta aisladora.";;;;;;;;;;;;;;;;;;
6/2/2024;;Mario Carmona ;;;Pablo y Jose;"Reemplazamos capacitor de 1.5UF de forzador de U.I (del taller)
Service completo del mismo A.A
Reply:
	ocupamos 2 precintos";;;;;;;;;;;;;;;;;;
7/2/2024;;Amelia (Mama Pata);;;Pablo y Jose;Volvimos a buscar aire de ventana para seguir revisando;;;;;;;;;;;;;;;;;;
7/2/2024;;Cristian Polleria ;;;Pablo y Jose;"Encontramos perdida de gas en unidad exterior, soldamos. Ocupamos 15cm de caño de 1/2 del taller. Y varilla de plata.
Hicimos la prezurisacion.
Hicimos vacío 
Cargamos refrigerante R22, 876g.";;;;;;;;;;;;;;;;;;
7/2/2024;;Taller;;;Pablo y Jose;"Aire split (Titi cuñado maicol)
Medimos bobinas de A.A
Cambiamos orings de robinetes.
Hicimos la prezurisacion.
Aire de ventana (David martinez)
Colocamos colita de carga.
Encontramos la presunta perdida, soldamos.
Hicimos la presurización";;;;;;;;;;;;;;;;;;
8/2/2024;;Roxana ;;;Pablo y Jose;Revision conexion aire ventana;;;;;;;;;;;;;;;;;;
8/2/2024;;Eco Max;;;Pablo y Jose;Visita técnica, ajustamos bulones que sujetan a 1 motor.;;;;;;;;;;;;;;;;;;
8/2/2024;;David Martinez ;;;Pablo y Jose;"Service de aire ventana
Carga de refrigerante R410A, 1153kg";;;;;;;;;;;;;;;;;;
8/2/2024;;Titi (Cuñado maicol);;;Pablo y Jose;"Service de A.A en el taller
Reply:
	Orings 2";;;;;;;;;;;;;;;;;;
9/2/2024;;Tonos 3;;;Pablo y Jose;"Revisión de falla eléctrica.
Desconexión de tubo LED que estaba roto y dando la conexión en el piso.";;;;;;;;;;;;;;;;;;
9/2/2024;;Tonos zona sur ;;;Pablo y Jose;"Reemplazo de tiras LED. 4.5 metros de tiras del taller.
Reemplazo de módulo de punto del taller.
Ocupamos un poco de estaño, cinta aisladora y silicona.";;;;;;;;;;;;;;;;;;
9/2/2024;;Karina Arias;;;Pablo y Jose;Service en seco de U.I.;;;;;;;;;;;;;;;;;;
9/2/2024;;Silvana Velazquez ;;;Pablo y Jose;"Instalación de protector baja alta tensión.
Ocupamos
1 caja de 4 bocas para aplicar (puso José)
3 metros de cable de 6mm de diferentes colores.
2 tacos y tornillos del 6.";;;;;;;;;;;;;;;;;;
;;;;;;;;;;;;;;;;;;;;;;;;
12/2/2024;;Analia Maidana Vega ;;;Pablo y Jose ;"Instalación de A.A
Ocupamos:
2 metros de manguera de cristal.
1 aislante de 1/4
1 aislante de 3/8
1 metro de caño de 1/4
1 metro de caño de 3/8
8 tornillos y tacos del 6
8 tornillos y 8 tacos del 10
8 arandelas 
4 bulones 
1/2 cinta blanca.
7.5 metros de cable unipolar de diferentes colores 
1.5 caño corrugado.
5 precintos 
3 tacos y tornillos del 6
2 pilas 3A";;;;;;;;;;;;;;;;;;
12/2/2024;;Armando Javier Bejarano ;;;Pablo y Jose ;"Instalación de A.A en 2do piso.
Ocupamos:
1.70 metros de caño de 1/2
1 aislante y medio de 1/4
1 aislante y medio de 1/2
1 cinta blanca.
2 metros de cable unipolar verde amarillo de 2.5
3 bulones.
2 metros de manguera de cristal.
10 tacos y tornillos del 6.
6 tacos y tornillos del 10.";;;;;;;;;;;;;;;;;;
13/2/2024;;Graciela Gracelli ;;;Jose ;"Instalacion de conjunto punto y toma con tapa exterior

Materiales utilizados 
Bastidor con tapa de exterior
Modulo punto
Modulo Toma
Modulo tapon ciego";;;;;;;;;;;;;;;;;;
13/2/2024;;Raul Pacella ;;;Jose ;Visita tecnica sin solucion!;;;;;;;;;;;;;;;;;;
14/2/2024;;Agropercuaria Norte ;;;Nacho, Pablo y Jose ;"Revisión de equipo rooftop 
Carga de refrigerante R22: 7.032kg";;;;;;;;;;;;;;;;;;
14/2/2024;;Yesica Jorge ;;;Pablo y Jose ;"Service en seco de U.I de A.A de comedor.
Control de presiones y recalentamiento
Ocupamos un poco de silicona porque tenía gastada el plástico que lleva en el evaporador.
Solución de problema electrico de A.A de quincho (volvimos a empalmar cable de alimentación de 1 A.A. Esa fase tenia bajo voltaje, la colocamos en otra fase que tenga mayor voltaje)
El único inconveniente que tienen es que hay térmicas mal dimensionadas, cómo de 20A o 40A para A.A que consumen 8 A y menos.";;;;;;;;;;;;;;;;;;
14/2/2024;;Jorge Diaz Cabel ;;;Pablo y Jose ;"Presurizamos el A.A
Hicimos virolas nuevas.
Hicimos vacío
Cargamos gas R410A: 1650kg";;;;;;;;;;;;;;;;;;
15/2/2024;;Titi (cuñado maico);;;Pablo y Jose ;"Cargamos gas R22, 820g.
Dejamos prezurizada la U.I.
Falta terminar de armar la U.E.";;;;;;;;;;;;;;;;;;
15/2/2024;;Raul Pacella ;;;Nacho, Pablo y Jose ;"A.A habitación del señor:
Modificamos descarga de agua.
Reparación de bandeja de desagote (tenía grietas y soldamos el plásticos para que no pierda agua)
Ocupamos del taller:
4 metros de manguera de cristal.
2 cuplas de caño de 25
1 codo a 90 de caño de 25
1 metro de caño de 25.
2 baldes de concreto
3 grampas.
3 tacos, tornillos del 6
2 precintos
A.A de living:
Presurizamos.
Hicimos virolas nuevas.
Hicimos vacío.
Cargamos refrigerante R22 (nos faltó pesar)
Reemplazamos el obu de la válvula de servicio
Reemplazamos capacitor de compresor de U.E del A.A del living, de 35UF. Y capacitor de forzador de U.E de 2.5 del living también";;;;;;;;;;;;;;;;;;
15/2/2024;;Veronica ( Higiene y seguridad) ;;;Nacho.;Visita tecnicia con solucion;;;;;;;;;;;;;;;;;;
16/2/2024;;Titi (cuñado maico);;;Pablo y Jose ;"Al A.A de Titi recién le reemplazamos el capacitor de forzador de U.E de 2.5 (del taller)
Reemplazamos la tapa de la válvula de servicio";;;;;;;;;;;;;;;;;;
16/2/2024;;Buen gusto;;;Pablo y Jose ;Solución de perdida de agua en A.A;;;;;;;;;;;;;;;;;;
16/2/2024;;Mariano Ponce;;;Pablo y Jose ;"Colocación de 5 medias bocas 
Hicimos más de la mitad de la sanja porque se nos dificultó mucho porque había muchas raíces (eran 12 metros y cavamos 9)
Ocupamos del taller:
3 cajas de 5x10
2 cajas de 7x7
11 metros de caño corrugado de 7/8";;;;;;;;;;;;;;;;;;
;;;;;;;;;;;;;;;;;;;;;;;;
19/2/2024;;Gonzalo Quijano ;;;Pablo y Jose;"Volvimos a colocar la manguera de desagote.
Ocupamos: 
2 precintos.";;;;;;;;;;;;;;;;;;
19/2/2024;;Mariano Ponce ;;;Pablo y Jose;"Cavamos los últimos 3 metros de la sanja para alimentar el asador.
Colocamos 2 cámaras de inspección.
Cableamos las 2 camaras.
Tapamos toda la sanja.
Alimentamos el asador desde el tablero principal
Cableamos 5 bocas.
Armamos:
1 toma doble; 1 llave de 2 puntos; 1 tortuguita para el asador; 1 toma doble de exterior.
Modificamos el lugar de 2 tomas dobles en la habitación principal.
Ocupamos del taller:
1 toma doble de exterior capsulado.
43 metros de cable unipolar de 2.5 de diferentes colores.
1 carretilla y media de arena.
10 tornillos (Parker y punta aguja negro)
Estaría faltando colocar un artefacto en dónde estaría la Bacha en el asador (no lo llevaron)";;;;;;;;;;;;;;;;;;
20/2/2024;;Escuela Gastronomica (Vero);;;Pablo y Jose;"Cocina deposito:
Reemplazamos 2 tubo fluorescente por 2 tubos leds.
Reemplazamos 1 lámparas LED de 9W
Fuera de cocina deposito:
Reemplazamos un tubo fluorescente de 0.60cm por uno LED.
Reemplazamos lámpara LED de 9W
Cambiador:
Reemplazamos 1 tubo LED.
Fuera de baño de damas:
Agregamos una llave de punto para separar las luces del baño y el vesitor 
Alimentamos lámpara.
Cableamos 1 boca.
Ocupamos:
2 cablecabal.
1 lámpara LED de 9W.
7 metros de cable de distintos color.
Una llave de punto de aplicar.
2 tacos y tornillos del 6
Salon de prácticas:
Reemplazamos el artefacto bajo alacena.
Pasillo:
Reemplazamos 2 lámparas dicroicas";;;;;;;;;;;;;;;;;;
21/2/2024;;Fabian Caruso ;;;Pablo y Jose;"Reemplazamos reflector de 150W.
Anulamos una fotocelula.
Cableamos 1 retorno.
Colocamos espuma de poliuretano en todos los caños de los A.A
Ocupamos del taller:
3 metros de cable de 2.5.
1 lata de 300ml de espuma de poliuretano";;;;;;;;;;;;;;;;;;
21/2/2024;;Mariano Ponce ;;;Pablo y Jose;Colocamos reflector de 10W (me parece);;;;;;;;;;;;;;;;;;
21/2/2024;;Escuela Gastronomica (Vero);;;Pablo y Jose;"Colocación de 1 tablero de 36 bocas para aplicar.
Separamos circuitos.
Reemplazamos 6 lámparas dicroicas de luz fría.
Ocupamos del taller:
1 térmica tetrapolar de 20A.
1 térmica tetrapolar de 32A.
4 térmica bipolar de 15-16 A.
6 metros de cable de 10 mm de diferentes colores.
6 tornillos del 6";;;;;;;;;;;;;;;;;;
22/2/2024;;Fabian Caruso ;;;Pablo y Jose;"Agregamos llave de punto en el baño.
Cableamos 1 boca.
Ocupamos del taller:
5 metros de cable TPR de 3x2.5.
1 caja de 5x10 de chapa.
4 tornillos del 6 (3 punta aguja negro y un autoperforante)
6cm de perfil de durlok 
Comenzamos a diferenciar circuitos en el tablero.
Buscamos fuga de corriente y encontramos la posible causa.";;;;;;;;;;;;;;;;;;
22/2/2024;;Raul Pacella ;;;Pablo y Jose;Limpiamos la bandeja de desagote del aire de living que estaba trancada. Hicimos la prueba hídrica para asegurarnos que se desagotaba el agua;;;;;;;;;;;;;;;;;;
23/2/2024;;Escuela Gastronomica (Vero);;;Pablo y Jose;Reemplazamos llave de 2 punto.;;;;;;;;;;;;;;;;;;
23/2/2024;;Jardin Federalito (Blanca Serrano);;;Pablo y Jose;"Reemplazamos mangueras de desagote
Ocupamos del taller: 
Aproximadamente 20 metros de manguera de cristal.";;;;;;;;;;;;;;;;;;
23/2/2024;;Escuela Federalito (Blanca Serrano);;;Pablo y Jose;"Reemplazamos mangueras de cristal
Ocupamos del taller:
10 aproximadamente metros de manguera de cristal";;;;;;;;;;;;;;;;;;
23/2/2024;;Carla Luna ;;;Pablo y Jose;"Colocamos:
23 toma doble 
3 llave de punto simple
1 llave de punto doble
1 llave punto y toma 
1 toma simple
Todo estos materiales ocupamos del taller, excepto 2 tomas dobles
Reply:
	Faltaría poner 3 toma doble 
3 toma simple 
3 punto simple
En teoría, faltarían armar 6 llave de combinación, no sé si 8. También revisar un retorno que no prende nada.";;;;;;;;;;;;;;;;;;
23/2/2024;;Academia Fabian Moon ;;;Pablo y Jose;"Revisamos aire piso techo 
El forzador y el compresor de la unidad exterior no arranca. No pudimos hacer mediciones porque llovía.";;;;;;;;;;;;;;;;;;
;;;;;;;;;;;;;;;;;;;;;;;;
26/2/2024;;Don Ruiz ;;;Pablo y Jose;Revisamos aire de ventana, controlamos los capacitores, bajamos el equipo y revisamos bobinas. Eléctricamente está bien pero el compresor no arranca.;;;;;;;;;;;;;;;;;;
26/2/2024;;Carla Luna (Departamento);;;Pablo y Jose;"Colocamos:
4 tomas dobles.
4 tomas simples.
1 llave de 1 punto.
1 llave de 2 puntos.
2 batidores con tapones ciegos.
Cableamos 3 bocas.
1 reflector de 10W.
6 cortinas.
Ocupamos del taller:
Todos esos tomas, llaves de puntos y bastidores. También ocupamos 30 tornillos largos.";;;;;;;;;;;;;;;;;;
27/2/2024;;Carla Luna (Departamento);;;Pablo y Jose;Reconexión de alimentación luces común de depto y bomba.;;;;;;;;;;;;;;;;;;
27/2/2024;;Maxi pollería calle María Teresa de Calcuta;;;Pablo y Jose;"2 desinstalación de A.A.
1 service completo.
1 instalación de A.A.
Ocupamos del taller:
7 tacos del 6
3 tacos del 8
6 tacos del 10
2 tornillos del 10
1 aislante de 1/4
1 aislante de 1/2";;;;;;;;;;;;;;;;;;
27/2/2024;;Escuela Federalito ;;;Pablo y Jose;"Revisión de mangueras de desagotes de U.E 
Ocupamos:
1/3 de aislante de 1/2
4 precintos";;;;;;;;;;;;;;;;;;
28/2/2024;;Beba Soria (Jose Carrizo);;;Pablo y Jose;"TRABAJO REALIZADO
Reparación problema electrico de interconexión de A.A.
Reemplazamos el fusible de 3.15 A (del taller).
Revisamos bobinas de compresor y forzador del A.A
Reply:
	hacer presupuesto de trabajo futuro 
No hay tierra en la alimentación del A.A. posiblemente no haya en ningún lado.
No hay disyuntor. No debe estar separado por circuitos.
Otro A.A no enfría y le falta gas. Tiene 50 psi siendo refrigerante R410A
Falta colocar caja de térmica de 2 bocas para aplicar.
Falta reemplazar térmica de 20A por una de 16A";;;;;;;;;;;;;;;;;;
28/2/2024;;Guillermo Cabanillas;;;Pablo y Jose;"Colocación de reflector de 10W luz fría.
Reemplazamos el toma doble de cocina.
Reemplazamos el toma de aire de ventana en la pieza de la hija de Guillermo.
Amuramos caja de aplicar en la pieza de la hija.
Colocamos caño rígido de 22mm.
Ocupamos:
4 metros de caño rígido.
2 metros de cable TPR de 3x2.5.
11 grampas de 22mm
6 tacos y tornillos del 6.
1 toma doble.
1 toma de 20A
2 curvas.
1 cupla.";;;;;;;;;;;;;;;;;;
28/2/2024;;Jorge Díaz Brizuela ( Inmobiliaria);;;Pablo y Jose;Reemplazamos mangueras de cristal pero no quedaba bien. Falta darle solución.;;;;;;;;;;;;;;;;;;
29/2/2024;;Fabian Caruso ;;;Pablo y Jose;"Instalación de ventilador de techo en el dormitorio principal.
Reemplazo de foco de artefacto en pasillo
Colgamos 8 cortinas, ya estaban puestos los soportes.
Ocupamos:
6 tacos y tornillos del 6
4 arandelas.
1 metro de cable unipolar de 2.5";;;;;;;;;;;;;;;;;;
29/2/2024;;Carla Luna (Departamento);;;Pablo y Jose;"Colocación de portalámparas de pared.
Colocación de fotocelula.
Colocación de módulo de punto simple (del taller)
Colocación de 1 cortina.
Dejamos los agujeros listos para otra cortina a la que le faltaban los soportes.
Reemplazamos 3 artefactos cuadrados de aplicar de 6W luz cálida.
Ocupamos:
8 tacos y tornillos del 6
2 tacos y tornillos del 8.";;;;;;;;;;;;;;;;;;
29/2/2024;;Fabian Luna Casa;;;Pablo y Jose;"Reemplazamos la llave de unto y toma en el baño del quincho (pero quiere que sea de la misma marca, teclastar)
Solucionamos el problema eléctrico en su casa, saltaba el disyuntor";;;;;;;;;;;;;;;;;;
1/3/2024;;Eco Max ;;;Pablo y Jose;"Controlamos que forzadores andaban.
Controlamos bobinas de los 3 pares de forzadores";;;;;;;;;;;;;;;;;;
1/3/2024;;Jorge Díaz Brizuela ( Inmobiliaria);;;Pablo y Jose;"Terminamos de solucionar problema de desagote 
Ocupamos del taller:
1 codo de goma del taller (es el que traen las bombas mini Orange) y 1 rollo de manguera corrugada.
4 media omegas
4 tacos y tornillos del 6";;;;;;;;;;;;;;;;;;
1/3/2024;;Carla Luna (Departamento);;;Pablo y Jose;"Colocamos 1 artefactos redondo de embutir de 18W de luz cálida (cromer)
Colocamos 8 tapas ciegas de 5x10 (cromer)
Colocamos tapa ciega de 10x10 (cromer)
Colocamos tapa de 15x15 (estaba en la casa)";;;;;;;;;;;;;;;;;;
1/3/2024;;Fabian Luna Casa;;;Pablo y Jose;"Zona casa 
Volvimos a colocar 3 artefactos de 6W de luz cálida (compramos)
Reemplazamos 4 dicroicas luz cálida (cromer)
Zona quincho 
Reemplazamos llave de 5 puntos marca teclastar (cromer)
Reemplazamos módulo de punto marca teclastar (cromer)
Colocamos cerradura en puerta de madera del baño.
Reemplazamos 2 lámpara de 9W de luz fría.";;;;;;;;;;;;;;;;;;
1/2/2024;;Santiago Brizuela ;;;Nacho ;"Reparacion de placa de aire piso techo $60000
Resistencias$4000";;;;;;;;;;;;;;;;;;
;;;;;;;;;;;;;;;;;;;;;;;;
4/3/2024;;Grasi Gas ;;;Pablo ;"Colocación de 9 artefactos de aplicar cuadrados de 18W luz fría (de cromer)
Reemplazo de reflector de 10W (del taller)
Reemplazo de reflector de 100W (de cromer)
Colocación de artefacto de baño (de cromer)
Limpieza de 2 artefactos tortugas y reemplazo de 2 focos 9W luz fría (cromer)
Colocación de foco 9W luz fría en ante baño (cromer) 
Reemplazo de 4 lámparas de alta potencia de 30W luz fría (cromer) en planchada
Colocación de 4.5 metros de cablecanal (cromer) para tapar cable coaxial y fibra 
Ocupamos aparte del taller:
15 tacos del 6.
4 precintos.
Reply:
	coloque 1 luz de emergencia de 60";;;;;;;;;;;;;;;;;;
5/3/2024;;Tonos 2 (San Nicolas de Bari);;;Pablo ;"Reemplazo de 4 tubos LED de 1.20cm (cromer)
Reemplazo de artefacto de embutir cuadrado de luz neutra de 24W (cromer)
Reemplazo de fuente de 120W de tiras leds (cromer)";;;;;;;;;;;;;;;;;;
5/3/2024;;Grasi Gas ;;;Pablo ;"Reemplazo de cable cabal,
fueron 10 metros (cromer)
Reemplazo de 3 tomas con cajas de aplicar. (cromer)
Reemplazo de 3 tomas con cajas de aplicar (cromer)
Reemplazo de 3 tomas dobles de.embutir en pared (cromer)";;;;;;;;;;;;;;;;;;
6/3/2024;;Tonos 2 (San Nicolas de Bari);;;Pablo y Jose ;Reemplazo de 2 lámparas de alta potencia de 60W;;;;;;;;;;;;;;;;;;
6/3/2024;;Grasi Gas ;;;Pablo y Jose ;"Reemplazo de 3 tomas dobles (2 de cromer y 1 del taller)
Reemplazo de 2 punto y toma (de cromer)
Modificación del lugar de cable de internet (picada y amurada)
Colocación de 1 metro de cable canal
Reply:
	Ocupamos 20cm de alambre de atar";;;;;;;;;;;;;;;;;;
6/3/2024;;Ana Brigido ;;;Pablo y Jose ;"Modificación del lugar de 2 reflectores 
Alimentación para nuevo reflector.
Agregamos térmica de 16A para dividir circuito de termotanque y baño 
Ocupamos del taller:
5 metros de cable TPR de 3x2.5
3 metros de cable de 2.5 de diferentes colores. 
6 tacos y tornillos del 6.
25 grampas para sujetar el cable TPR de los reflectores";;;;;;;;;;;;;;;;;;
7/3/2024;;Carla Luna Dpto;;;Pablo y Jose ;Reconexion de cables a termica;;;;;;;;;;;;;;;;;;
7/3/2024;;Ana Brigido ;;;Pablo y Jose ;"3 Instalcion de artefactos de 10w (del taller)
Alimentacion a 2 reflectores 
(20mts cable tpr de 2x1.5 de cromer)
1 Reemplazo de reflector de 125w (del cliente)
1 Modificacion de reflector de 100w
1 Instalacion de reflector de 50W
1 Instalacion de fotocelula (del cliente)
1 reemplazo de ficha macho de termotanque 

MATERIALES ELECTROFRIO 
23 Tacos y tornillos del 6
16 Arandelas 
8 Grampas de pared con clavos 
15 Grampas media omega 
5 Tornillos autoperforante 1";;;;;;;;;;;;;;;;;;
8/3/2024;;Taller ;;;Nacho y Pablo;"Control de estanqueidad aire ventana 
Service al mismo aire 


Limpieza de patio taller 
Desvastado de soldaduras de porton";;;;;;;;;;;;;;;;;;
;;;;;;;;;;;;;;;;;;;;;;;;
11/3/2024;;Federico Arias 12;;;Pablo y Jose ;"Service completo.
Reemplazo de orings de ambos robinetes (del taller)
Está faltando carga de refrigerante 410.";;;;;;;;;;;;;;;;;;
11/3/2024;;Rombola Padre;;;Pablo y Jose ;Solución de ruido de la U.I.;;;;;;;;;;;;;;;;;;
11/3/2024;;Riki;;;Pablo y Jose ;Solución de perdida de agua en la U.I.;;;;;;;;;;;;;;;;;;
11/3/2024;;Emilio Maldonado ;;;Pablo y Jose ;Reemplazo de capacitores del compresor (45UF) y forzador (3UF) de la U.E. ambos del taller.;;;;;;;;;;;;;;;;;;
12/3/2024;;Elena Colque ;;;Pablo y Jose ;Instalacion aire ventana;;;;;;;;;;;;;;;;;;
12/3/2024;;Federico Arias ;;;Nacho, Pablo y Jose ;Carga de refrigerante R410A=570gm.;;;;;;;;;;;;;;;;;;
12/3/2024;;Cecilia Mercado ;;;Pablo y Jose ;Visita tecnica con solucion sin materiales;;;;;;;;;;;;;;;;;;
13/3/2024;;Taller;;;Jose ;;;;;;;;;;;;;;;;;;;
14/3/2024;;Obra Alejandra (Pepe);;;Pablo y Jose ;"Hicimos la canaleta y embutidos los caños para 12 medias bocas (no teniamos cajas de 5x10 para amurarlas)
Dejamos lista 3 medias bocas
Dejamos listo para colocar el tablero de 36 bocas.
Ocupamos del taller:
1 rollo y 1/2 de caño corrugado de 7/8
3 cajas de 7x7 de chapa";;;;;;;;;;;;;;;;;;
15/3/2024;;Obra Alejandra (Pepe);;;Pablo y Jose ;"Terminamos de colocar 12 medias bocas de ayer 
colocamos tablero de 36bocas 
instalacion de caja de inspeccion de puesta tierra 
intalacion de caja chapa de 7*7
armado de cañeria de PVC
Reply:
	MATERIALES UTILIZADOS:
8 Curvas PVC de 22mm 
2 cuplas PVC 22MM
1/2 ROLLO DE CAÑO CORRUGADO 7/8
4 cuplas de chapa de 7/8
1 caja de chapa de 7*7
10 grampas de pvc de 22mm
10 Tornillos autoperforantes 
10 conectores de pvc de 22mm";;;;;;;;;;;;;;;;;;
16/3/2024;;Sergio Sad;;;Nacho;Desinstalacion forzador de aire central (Lunes lo llevo a reparar);;;;;;;;;;;;;;;;;;
17/3/2024;;Freddo;;;Nacho;Solucion electrica y reemplazo de termica tetrapolar 4*40;;;;;;;;;;;;;;;;;;
;;;;;;;;;;;;;;;;;;;;;;;;
18/3/2024;;Obra Alejandra (Pepe);;;Pablo y Jose ;"Dejamos lista 6 medias bocas
Amuramos 4 cajas de 5x10 de chapa 
Dejamos listo el corrugado de alimentación de la isla.
Ocupamos:
1 rolo de caño corrugado de 7/8 (del taller)
8 cajas 5x10 de chapa (cromer)
2 cajas de 7x7 de chapa (del taller)";;;;;;;;;;;;;;;;;;
19/03/24;;Obra Aljandra (Pepe);;;Pablo y Jose ;"Colocación de 3 medias bocas.
Limpiamos y tapamos todas las cajas.
Ocupamos:
2 cajas de 5x10 de chapa (cromer)
1 caja de 10x10 de chapa (del taller)
1/2 rollo de caño corrugado de 7/8";;;;;;;;;;;;;;;;;;
19/3/2024;;Freddo ;;;Nacho, Pablo y Jose ;Reemplazo de 8 artefactos de embutir redondos de luz cálida de 24W. Fue un trabajo en altura.;;;;;;;;;;;;;;;;;;
20/03/24;;Coll Ricardo ;;;Pablo y Jose ;"1 Instalacion de aire 3500fg
2 metros de caños e 1/4
2 metros de caño de 1/2
1 y 1/2 de alisante de cada uno.
Cinta blanca (medio rollo)
Cable TPR de 3x2.5 3 metros.
Cable TPR de 2x1.5 3 metros.
Tacos y tornillos del 6=12
4 omegas de chapa.
3 metros de manguera de cristal
1 precinto.";;;;;;;;;;;;;;;;;;
20/3/2024;;Peluqueria Fabian Moon ;;;Pablo y Jose ;"Retiramos bomba que hacia saltar disyuntor
y revisamos tornillos de termica de un sector que estaban flojos";;;;;;;;;;;;;;;;;;
21/3/2024;;Cheito;;;Pablo y Jose ;Sandeo de sunchos;;;;;;;;;;;;;;;;;;
21/3/2024;;Obra Aljandra (Pepe);;;Pablo y Jose ;"Instalacion de 9 medias bocas 

MATERIALES 
3/4 de rollo caño corrugado de 7/8(taller)
4 cuplas de pvc 22mm (cromer) 
2 curvas de pvc 22mm (cromer)
5 cajas de 7*7 pvc (taller)
4 cajas chapa 7*7 (taller)
6 caños pvc 22mm (de cromer y del taller)
10 Conectores de pvc 22mm (taller)";;;;;;;;;;;;;;;;;;
22/3/2024;;Peluqueria Fabian Moon ;;;Pablo y Jose ;Instalamos de nuevo la bomba pero sigue haciendo saltar el disyuntor. tuvimos que volver a retirarla;;;;;;;;;;;;;;;;;;
22/3/2024;;Obra Aljandra (Pepe);;;Pablo ;"Instalacion de 4 medias bocas 

MATERIALES 
4 cajas chapa 7*7 (taller)
3 cuplas pvc 22mm (cromer)
3/4 rollo caño corrugado 7/8 (taller)";;;;;;;;;;;;;;;;;;
22/3/2024;;Jey Ci ;;;Nacho y Pablo ;"Reemplazo de forzador de 1 heladera  
(Esta fallando compresor de esa heladera y controlamos temperatura de maquina de hielo)";;;;;;;;;;;;;;;;;;
;;;;;;;;;;;;;;;;;;;;;;;;
25/3/2024;;Freddo Paseo Cultural ;;;Pablo y Jose ;Reemplazo de capacitor de bomba de agua de 30uf (del taller);;;;;;;;;;;;;;;;;;
25/3/2024;;Marcela Rios ;;;Nacho, Pablo y Jose ;"Retiramos unidad interior de A.A
Reply:
	Prezurisacion del equipo.";;;;;;;;;;;;;;;;;;
25/3/2024;;Elio Morales ;;;Pablo y Jose ;Visita del lugar para chequear porque estaban sin luz;;;;;;;;;;;;;;;;;;
26/3/2024;;Marcela Rios ;;;Pablo y Jose ;Carga de refrigerante R410A (640g);;;;;;;;;;;;;;;;;;
26/3/2024;;Luis Sartori  Contador ;;;Pablo y Jose ;"Solucion de problema electrico del aire de su oficina
Reply:
	reparacion de forzador 
50000";;;;;;;;;;;;;;;;;;
26/3/2024;;Sergio SAD ;;;Nacho, Pablo y Jose ;"Desinstalacion de aire centralizado 
Service a unidad interior";;;;;;;;;;;;;;;;;;
27/3/2024;;Grasi Gas ;;;Pablo y Jose ;Reparacion electrica;;;;;;;;;;;;;;;;;;
27/3/2024;;Cheito ;;;Pablo y Jose ;"Pasamos cables guia por casi toda la instalacion 

MATERIALES 
75mts cable";;;;;;;;;;;;;;;;;;
27/3/2024;;Emmanuel avila ;;;Pablo y Jose ;Fueron a dejar el equipo;;;;;;;;;;;;;;;;;;
28/3/2024;;Freddo Paseo Cultural ;;;Nacho;Visita a freddo por falta de funcionamiento de la bomba, causa: se pegobel flotante de la sisterna.;;;;;;;;;;;;;;;;;;
28/3/2024;;Victoria Botiglieri ;;;Pablo y Jose ;"Instalación de A.A
Alimentación de aire desde el tablero hasta el equipo
Colocación de cable canal y toma de aplicar
Ocupamos los materiales del cliente. Solo ocupamos del taller 0.50 metro de cablecanal.
7 tacos y tornillos del 6";;;;;;;;;;;;;;;;;;
 ;;Ariel Cliente ;;;Pablo y Jose ;Carga de refrigerante R410A (400gm);;;;;;;;;;;;;;;;;;
29/3/2024;;Nicolás del Rosso (Petshop);;;Nacho, Pablo y Jose ;"Desinstalación de aire piso techo.
Service de U.E de piso techo.
Está faltando la U.I del piso techo 
Colocación de ménsulas y de U.E.
José y Pablo 
Service de 2 aire splits.
Un aire tiene rota la turbina, la goma donde va el eje del motorcito. También le falta el buje de goma y todos los tornillos";;;;;;;;;;;;;;;;;;
29/3/2024;;Sergio SAD ;;;Nacho;"Instalacion de evaporarador y puesta en funcionamiento:
Materiales usados:
Caño de cobre, cinta, aislante, varilla de simil plata";;;;;;;;;;;;;;;;;;
30/3/2024;;Nicolás del Rosso (Petshop);;;Nacho, Pablo y Jose ;"Colocación de U.I de piso techo.
Colocación de otro A.A.
Ocupamos del taller:
2.5 metros de caño de 3/4.
2.5 metros de caño de 1/2.
3 aislantes de 3/4
3 aislantes de 1/2.
7 metros de caño de 1/2.
7 metros de caño de 1/4.
3 aislantes de 1/2.
3 aislantes de 1/4.
11 metros de manguera de cristal.
12 metros de TPR 5x2.5
1 par de ménsulas.
2 varillas roscadas. 16 tuercas. 12 arandelas.";;;;;;;;;;;;;;;;;;
;;;;;;;;;;;;;;;;;;;;;;;;
1/4/2024;;Nicolas del Rosso (Petshop);;;Nacho, Pablo y Jose ;"Modificación buje de turbina.
Armamos la U.I.
Ocupamos del taller:
1 buje de goma
10 tornillos.";;;;;;;;;;;;;;;;;;
2/4/2024;;Nicolas del Rosso (Petshop);;;Nacho, Pablo y Jose ;"Terminamos de instalar el aire piso techo.
Ocupamos:
Orings para robinetes.
Cargamos refrigerante R22.
Terminamos de instalar aire 9000.
1 varilla de plata 
Le estaban faltando refrigerante R22.
Ocupamos:
1 varilla de plata.
1 tuerca para válvula de servicio.
15 cm de caño de 3/4
10 tacos y tornillos del 6.
10 arandelas paga tornillos del 6
8 tacos y tornillos del 10
1 1/2 de aislante de 5/8.
1/2 cinta blanca.
3 metros de manguera de cristal
4, bulones, 8 tuercas y 8 arandelas.";;;;;;;;;;;;;;;;;;
3/4/2024;;Nicolas del Rosso (Petshop);;;Pablo y Jose ;"Carga de refrigerante R22 para aire del 9000.
Volvimos a reacomodar el aire para que quede derecho.
Modificamos la interconexión de aire de 4000
Controlamos las 4 tuercas del aire de 4000.
Tapamos los agujeros de los sunchos de los aires con espuma de poliuretano.
Nos faltó pesar la garrafa de R22 cuando volvimos.
Reply:
	TOTAL DE R22 UTILIZADO   5690 kg de R22
Reply:
	4 o 5 cintas blancas en total
También 1 control universal";;;;;;;;;;;;;;;;;;
4/4/2024;;Peluqueria Fabian Moon ;;;Pablo;"Instalación de bomba periférica de 1hp.
Ocupamos:
Cáñamo y sella rosca, cantidad necesaria para 3 roscas.";;;;;;;;;;;;;;;;;;
4/4/2024;;Jorge Diaz Carbel ;;;Nacho y Pablo;"Garantía de trabajos.
Limpieza de filtros de aire piso techo.";;;;;;;;;;;;;;;;;;
4/4/2024;;Rombola ;;;Nacho y Pablo;Revisión de bomba de aspersores que no andaba. Es el contactor modular que está fallando.;;;;;;;;;;;;;;;;;;
5/4/2024;;Rombola ;;;Pablo y Jose ;Reemplazo de contactor modular (de cromer)para bomba de aspersores.;;;;;;;;;;;;;;;;;;
5/4/2024;;Nicolas del Rosso (Petshop);;;Pablo y Jose ;Escondimos cable de U.I de aire piso techo.;;;;;;;;;;;;;;;;;;
5/4/2024;;Mariano Ponce ;;;Pablo y Jose ;"Garantía de aire de sala de estar (carga de refrigerante R410A)
Ocupamos del taller:
50 cm de montante de durlok 
Colocación de ventilador de techo.";;;;;;;;;;;;;;;;;;
5/4/2024;;Jorge Diaz Carbel ;;;Pablo y Jose ;"Colocación de trozos de membrana.
Revisamos artefactos que están caído.
Ocupamos 1 tacos y tornillo del 6.";;;;;;;;;;;;;;;;;;
;;;;;;;;;;;;;;;;;;;;;;;;
8/4/2024;;Pepe Llamos (Casa);;;Pablo y Jose ;"Colocación de 14 artefactos (8 de aplicar y 6 de embutir) fueron 8 de 12W, 4 de 6W, 2 de 18W
Colocación de 6 tomas doble, 1 llave de punto simple, 1 llave de punto doble.
Cableamos 3 retornos nuevos.
Está faltando colocar 3 artefactos, reemplazar 1 reflector y revisar una conexión eléctrica porque cruce retornos y no quedó bien
Reply:
	Ayer cableamos también los 16 artefactos con TPR (ocupamos 6 metros del taller y todo lo demás fue de Pepe)
También ocupamos 3 metros de cable unipolar de 2.5 del taller";;;;;;;;;;;;;;;;;;
9/4/2024;;Pepe Llamos (Casa);;;Pablo y Jose ;"Colocación de 2 artefactos de aplicar de 12W.
Colocación de 1 artefacto para antebaño.
Colocación de 5 metros de tira led y transformador.
Cableamos neutro y tierra para armar punto y toma.
Revisamos luces de pileta, al parecer está medio flojo un pinde conexión de la fuente RGB (la encintamos para que no se mueva)
Reemplazo de reflector de 50W
Faltaría que José agregue los tomas y llaves de punto que armó porque no recuerdo cuántos fueron hoy. 
Ocupamos:
Silicona para tiras leds
Reply:
	En total serian (9)tomas dobles 
Llave de punto seria simple (1)
(1) llave de 4 puntos
(1) punto y un tomas";;;;;;;;;;;;;;;;;;
9/4/2024;;Obra Cheito ;;;Pablo y Jose ;"Colocación de 6 medias bocas en lavadero.
Hicimos la modificación para que quede el caño corrugado de alimentación para el lavadero.
Ocupamos del taller
5 cajas de 5x10 de chapa
1 caja de 7x7 de chapa
1/2 rollo de caño corrugado de 7/8 (de cromer)
1 cupla de PVC de 22mm";;;;;;;;;;;;;;;;;;
10/4/2024;;Obra Cheito ;;;Pablo y Jose ;"Colocación de 9 medias bocas
Ocupamos 1/2 rollo de caño corrugado de 7/8 (cromer)
Ocupamos del taller
5 cajas de 5x10 de chapa 
4 cajas de 7x7 de chapa 
3 cuplas de 7/8";;;;;;;;;;;;;;;;;;
11/4/2024;;Obra Cheito ;;;Pablo;"Marque dónde irían las lámparas en el durlok.
Terminé de hacer la canaleta para la futura alimentación de la bomba (faltaría cavar una vez terminen los albañiles)
Ocupé del taller
2 metros de caño de 1 pulgada y cuarto";;;;;;;;;;;;;;;;;;
11/4/2024;;Taller;;;Pablo;Pinte la primera mano de la mitad del portón;;;;;;;;;;;;;;;;;;
12/4/2024;;Jorge Diaz Carbel ;;;Pablo;Reemplazo de panel de 60x60 de luz neutra (cromer);;;;;;;;;;;;;;;;;;
12/4/2024;;Taller;;;Pablo;"Pinté la primera mano a la otra mitad del portón.
Pinté 27 listones de aluminio para el portón";;;;;;;;;;;;;;;;;;
;;;;;;;;;;;;;;;;;;;;;;;;
15/4/2024;;Taller;;;Pablo ;"Pinté una de las caras de las laminas de aluminio, eran 15.
Pinté la otra cara de las laminas de aluminio, eran 25.";;;;;;;;;;;;;;;;;;
15/4/2024;;Freddo Paseo Cultural ;;;Nacho y Pablo ;"Solución de problema electrico de termotanque.
Solución de problema eléctrico de alimentación de contactor.
Ocupamos del taller:
Un poco de cable de 2.5 y cinta aisladora";;;;;;;;;;;;;;;;;;
16/4/2024;;Taller ;;;Nacho, Pablo y Jose ;"Colocacion de 40 laminas de aluminio al porton 
pintamos segunda mano en una cara de las laminas";;;;;;;;;;;;;;;;;;
16/04/24;;Hemoterapia (Hospital Margarita);;;Pablo y Jose ;"Control de heladera 
(al parecer estan quemados 2 fusibles de 6 A)";;;;;;;;;;;;;;;;;;
16/4/2024;;Escuela Mariano Moreno (Vero);;;Pablo y Jose ;Retiramos heladera que esta pichado y la trajimos al taller;;;;;;;;;;;;;;;;;;
17/4/2024;;Cheito ;;;Pablo y Jose ;"Cableamos 30 bocas.
Están faltando aun varias bocas todavía más.";;;;;;;;;;;;;;;;;;
18/4/2024;;Cheito ;;;Pablo y Jose ;"Cableamos 26 bocas
Aún quedan un par de bocas y detalles que terminar";;;;;;;;;;;;;;;;;;
19/4/2024;;Cheito ;;;Pablo y Jose ;"Cableamos 1 boca.
Ya dejamos listo la parte eléctrica dentro dela casa (faltaría las luces, el cable TPR y terminar de cablear las 2 bocas bajo del tablero)
Cavamos 14 metros
Ocupamos:
4 cintas.
1 vaselina
Casi todos los rollos de cable que llevó Pepe 
Faltaría ver el temas de los caños de los aires";;;;;;;;;;;;;;;;;;
;;;;;;;;;;;;;;;;;;;;;;;;
22/4/2024;;Cheito ;;;Pablo y Jose ;Cavado de 8 metros de zanja;;;;;;;;;;;;;;;;;;
23/4/2024;;Cheito ;;;Pablo y Jose ;Cavamos aproximadamente 8 metros;;;;;;;;;;;;;;;;;;
24/4/2024;;Cheito ;;;Pablo y Jose ;Cavamos aproximadamente 6 metros;;;;;;;;;;;;;;;;;;
25/4/2024;;Cheito ;;;Pablo y Jose ;"Cavamos aproximadamente 6 metros.
Comenzamos a hacer agujeros guías dónde irían las luminarias";;;;;;;;;;;;;;;;;;
26/4/2024;;Jorge Diaz Brizuela ;;;Nacho y Paloma :);Visita tecnica sin solucion (El equipo tiene falta de rendimiento, estaba muy limpio y el consumo era normal. Solo es falta de redimiento por que es viejo);;;;;;;;;;;;;;;;;;
26/4/2024;;Cheito ;;;Pablo y Jose ;"Cavamos hasta donde nos dijo Nacho, cerca del pilar. Pero está faltando sacar las piedras muy grandes. ( Hoy cavamos aproximadamente 7 metros)
Terminamos de hacer los agujeros guías y dejar bien el cable.";;;;;;;;;;;;;;;;;;
;;;;;;;;;;;;;;;;;;;;;;;;
29/4/2024;;Taller ;;;;Mitad del dia acomodando y ordenando taller;;;;;;;;;;;;;;;;;;
29/04/24;;Cheito ;;;Pablo y Jose ;Movimos casi la mitad de las piedras de la sanja.;;;;;;;;;;;;;;;;;;
30/4/2024;;Cheito ;;;Pablo y Jose ;"Casi terminamos de mover todas las piedras de la sanja.
Colocamos 2 cámaras de inspección 
Falta que Pepe nos lleve cemento";;;;;;;;;;;;;;;;;;
30/4/2024;;Carla Navarro ;;;Pablo y Jose ;Reemplazo de portalámpara. Ocupamos 1 que había en la chata que es de la obra chaito.;;;;;;;;;;;;;;;;;;
1/5/2024;;FERIADO DIA DEL TRABAJO;;;;;;;;;;;;;;;;;;;;;;
2/5/2024;;Rombola ;;;Pablo y Jose ;"Reemplazo de 2 sensor de movimiento en cochera. Cableamos 2 bocas para pasar unos retornos así los sensores se activen junto con las luces del timer digital.
Reemplazo de 2 focos de 10W en quincho 
Solución provisoria de problema eléctrico en cocina de quincho (uns fase está mal, medimos desde el pilar y está mal)
Limpiamos válvula y anduvo bien la bomba de los aspersores.
Programación de timer digital de casa.
Reemplazo de artefacto de aplicar cuadrado de 12W";;;;;;;;;;;;;;;;;;
2/5/2024;;Cheito ;;;Pablo y Jose ;Colocación de 3 camaras de inspección;;;;;;;;;;;;;;;;;;
3/5/2024;;Cheito ;;;Pablo y Jose ;"Colocamos 2 cámaras de inspección.
Colocamos caja de 20x20
José comenzó a tapar la sanja
Ocupamos del taller
1/2 rollo de caño corrugado de 1 pulgada y cuarto.
5 cuplas de 1 pulgada y cuarto";;;;;;;;;;;;;;;;;;
;;;;;;;;;;;;;;;;;;;;;;;;
6/5/2024;;Cheito ;;;Jose y Martin ;"Cableado del pilar al tablero 
Se coloco termica general
Se saco disyuntor des poste de luz y se colo en el tablero 
Se alimento térmica de potencia de cocina y línea de tomas
Se coloco dos tomas dobles 
Se tapo la mitad de la sanja";;;;;;;;;;;;;;;;;;
7/5/2024;;Cheito ;;;Jose y Martin ;"Se completo tablero alimentando la termica faltante 
De 2 A.A
De luces exterior 
De luces interior 
De asador
De lavadero 
Se coloco 3 punto simple, 3 porta lámpara, 1 toma doble. 
Se identificador los retornos con ayuda de nacho 
Y se terminó de tapar la sanja";;;;;;;;;;;;;;;;;;
8/5/2024;;Freddo Paseo Cultural;;;Nacho y Jose ;( revisión a carama frigorífica);;;;;;;;;;;;;;;;;;
08/05/24;;Cheito ;;;Nacho y Jose ;Cabamos una sanja de 5mts para alimentar bomba de agua;;;;;;;;;;;;;;;;;;
8/5/2024;;Taller ;;;Jose ;Se coloco 2 caja de 10x5 fe chapa;;;;;;;;;;;;;;;;;;
9/5/2024;;Grasi Gas ;;;Pablo y Jose ;"Reemplazo de 2 lámparas de alta potencia de 30W de luz fría (cromer) 
Reemplazo de 1 reflector de 10W por 1 de 30W luz fría (cromer)";;;;;;;;;;;;;;;;;;
9/5/2024;;Obra Alejandra Pepe;;;Pablo y Jose ;"Cableamos 19 bocas.
Colocamos 10 tomas dobles";;;;;;;;;;;;;;;;;;
10/5/2024;;Freddo Paseo Cultural;;;Nacho, Pablo y Jose ;"Solución problema cámara frigorífica.
Reemplazo de 1 válvula de 220V.
Reemplazo de filtro.
Carga de refrigerante de 404
Limpieza de filtros U.I.";;;;;;;;;;;;;;;;;;
;;;;;;;;;;;;;;;;;;;;;;;;
13/5/2024;;Obra Alejandra Pepe ;;;Pablo y Jose;"Cableamos 21 bocas
Dejamos listos los agujeros para 8 artefactos.
Están faltando que nos lleven 8 tomas dobles.
Hay una fotocelula rota.
Faltaría definir de dónde se prenderán las luces para pedir llaves de punto.
Estaría faltando aproximadamente 30 metros de cable TPR para los artefactos.";;;;;;;;;;;;;;;;;;
13/5/2024;;Taller ;;;Pablo y Jose;Cavamos para colocar caño de 110 en el nuevo bañito;;;;;;;;;;;;;;;;;;
14/5/2024;;Obra Alejandra Pepe ;;;Pablo y Jose;"Cableamos 3 bocas.
Colocamos 9 artefactos ( 4 de aplicar de 12W; 4 de embutir de 12W; 1 de aplicar de 24W)
Comenzamos a armar el tablero
Ocupamos del taller:
15 metros de cable TPR de 2x1.5
50 metros de cable unipolar de 2.5 verde amarillo.
1 cinta aisladora
24 metros aproximadamente de cable de 6mm de diferentes colores.
Reply:
	A 8 artefactos que colocamos, también lo cableamos.";;;;;;;;;;;;;;;;;;
14/5/2024;;Taller ;;;Pablo y Jose;"Colocamos 2 medias bocas.
Colocamos caños para alimentar el mueble";;;;;;;;;;;;;;;;;;
15/5/2024;;Obra Alejandra Pepe ;;;Pablo y Jose;"Terminamos de armar el tablero.
Cableamos 1 boca 
Colocamos 1 toma simple
Descubrimos caño para desagote de A.A";;;;;;;;;;;;;;;;;;
15/5/2024;;Cheito ;;;Pablo y Jose;"Colocamos caños para alimentar bomba.
Colocamos 1 media boca.
Ocupamos del taller
1 caja de 5x10
1 cupla de 1 pulgada y cuarto
6 metros de caño de 1 pulgada y cuarto";;;;;;;;;;;;;;;;;;
15/05/24;;Rombola ;;;Pablo y Jose;"Revisamos bomba y flotantes automático de la misma.
Revisar A.A
Falta terminar el trabajo.";;;;;;;;;;;;;;;;;;
16/5/2024;;Rombola ;;;Pablo y Jose;"Reemplazo de 2 flotantes automático.
Reemplazo de 5 lámparas.
Modificación de lugar de poste de luminaria.
Controlamos aire que tiene perdida de corriente ( lo dejamos conectado sobre el disyuntor)";;;;;;;;;;;;;;;;;;
16/5/2024;;Tonos Galpon ;;;Pablo y Jose;Colocación de lámpara galponera;;;;;;;;;;;;;;;;;;
17/5/2024;;Tonos Galpon ;;;Pablo y Jose;"Reemplazo de 6 artefactos de 24W cuadrados de aplicar de luz fría.
Reemplazo de 1 portalámparas de pared.
Reemplazo de 2 lámparas de 9W luz fría";;;;;;;;;;;;;;;;;;
17/5/2024;;Tonos San Nicolás de Bari;;;Pablo y Jose;Reemplazo de lámpara de 60W en altura;;;;;;;;;;;;;;;;;;
17/5/2024;;Nicolas Del Rosso ;;;Pablo y Jose;"Reemplazo de orings de ambos robinetes.
Carga de refrigerante R22:860gramos";;;;;;;;;;;;;;;;;;
18/5/2024;;Mariano Ponce ;;;Pablo y Jose;Solución de problema eléctrico (Reemplazo de térmica tetrapolar (tenía una de 40 y le coloqué una de 25) era del taller la térmica);;;;;;;;;;;;;;;;;;
18/5/2024;;Freddo;;;Pablo y Jose;"Carga de refrigerante 404A 1 lata (aproximadamente 640gramos tiene la lata)
Encontramos posible perdida. 
Colocamos una tapa de bronce del taller";;;;;;;;;;;;;;;;;;
;;;;;;;;;;;;;;;;;;;;;;;;
20/5/2024;;Taller ;;;Nacho, Pablo y Jose ;"José y Nacho 
Picaron canaleta para arriba del tablero
Movieron el tablero.
Comenzaron a limpiar techo 
Pablo 
Cabe para colocar poste para el portón 
Saque el viejo pilar del portón
José, Nacho, Pablo 
Colocamos caños para el nuevo portón";;;;;;;;;;;;;;;;;;
21/5/2024;;Taller ;;;Nacho, Pablo y Jose ;"José
Coloco 2 media boca (1 caja de 5x10 y 1 caja de 10x10)
Cavo para alimentación del portón
Dejé corrugado para puesta a tierra
José y Pablo picamos alimentación de caja de 10x10.
Pablo 
Terminé de tapar el tablero 
Nacho y Pablo 
Terminamos de pintar el techo 
Nacho, José y Pablo
Empezamos a armar la estructura del cielo rraso.";;;;;;;;;;;;;;;;;;
22/5/2024;;Tonos Catamarca ;;;Nacho, Pablo y Jose ;"Hicimos 25 agujeros para colocar artefactos.
Sacamos las viejas ménsulas.";;;;;;;;;;;;;;;;;;
23/5/2024;;Serigio Saad;;;Pablo y Jose;Sacamos forzador del equipo de su casa.;;;;;;;;;;;;;;;;;;
23/5/2024;;Juan Caruso (vinoteca);;;Pablo y Jose;"Alimentamos nuevamente un reflector (al parecer alguien corto el cable)
Cambiamos la alimentación de la fotocelula por un punto.";;;;;;;;;;;;;;;;;;
23/5/2024;;Estudio Quijano;;;Pablo y Jose;"Service de unidad interior de equipo donde están secretaria.
No anda el motorcito del deflector de Luigi, deberíamos cambiarlo";;;;;;;;;;;;;;;;;;
24/5/2024;;Grasi Gas;;;Pablo y Jose;"Teníamos 2 cables.
Guillermo habló con José de que quieran poner un techo y Joshin le daba su opinión sobre unos cables.
Ampliación donde esta tomas";;;;;;;;;;;;;;;;;;
24/5/2024;;Ampliacion Obra Pepe ;;;Pablo y Jose;"Fuimos a ver la obra, no tenían idea sobre que se debía colocar tomas y los changos.
Sacamos fotos para que Nacho vaya diseñando lo que hay que hacer.";;;;;;;;;;;;;;;;;;
24/5/2024;;Obra Alejandra Pepe;;;Pablo y Jose;"Colocamos 2 bocas (picada, amurada y cableada)
Reemplazamos 1 fotocelula (dejamos andando bien los reflectores)
Modificamos los retornos de las luces.";;;;;;;;;;;;;;;;;;
;;;;;;;;;;;;;;;;;;;;;;;;
27/5/2024;;Taller ;;;Nacho, Pablo y Jose ;"Recinectamos la alimentación de todo el taller.
Tensamos los cables TPR y Sintenax.
Compramos cemento, acomodamos un poco las cosas y ayudamos a Nacho con el cielo raso";;;;;;;;;;;;;;;;;;
27/5/2024;;Virginia Caceres;;;Pablo y Jose ;Solución de problema eléctrico, falta que Nacho le haga una visita así le da un presupuesto de un trabajo (varias veces le dieron unos fogonazos en unos centros de su casa);;;;;;;;;;;;;;;;;;
28/5/2024;;Daniel Vargas ;;;Pablo y Jose ;"Desintalamos 1 A.A
Instalación de otro A.A
Ocupamos del taller:
2.5 metros de caño de 1/4
4 metros de cable TPR de 5x2.5
4 metros de cable unipolar de 2.5 verde amarillo.
1.5 de aislante de 1/4.
1.5 de aislante de 5/8.
1/2 cinta blanca
8 tacos y tornillos del 6
1 toma de embutir de 10A.";;;;;;;;;;;;;;;;;;
28/5/2024;;Taller ;;;Nacho, Pablo y Jose ;Ayúdanos a Nacho con el cielo raso;;;;;;;;;;;;;;;;;;
29/5/2024;;Ampliacion Obra Pepe ;;;Pablo y Jose ;"Colocamos 10 medias bocas.
Estaría faltando colocar las luces en la pared que nos decía Nacho.";;;;;;;;;;;;;;;;;;
30/5/2024;;Silvana Velazquez ;;;Pablo y Jose ;Desintalacion de dos equipos y desintalacion de protector de tension;;;;;;;;;;;;;;;;;;
30/5/2024;;Taller ;;;Pablo y Jose ;Picado de desagote de A.A;;;;;;;;;;;;;;;;;;
30/5/2024;;Eco Max ;;;Pablo y Jose ;Reemplazo de forzador heladera exhibidora;;;;;;;;;;;;;;;;;;
30/5/2024;;Estudio Quijano ;;;Pablo y Jose ;Service en seco de U.I;;;;;;;;;;;;;;;;;;
31/5/2024;;Obra Alejandra Pepe ;;;Pablo y Jose ;"Colocación cable TPR de 4x6mm de alimentación de pilar a caja de paso de 10x10 
Colocamos 1 llave de punto
2 llave de 3 puntos 
1 llave de 4 puntos 
5 tomas para exterior capsulados
2 tomas simples 
1 punto y toma capsulados
12 tapas ciegas de plásticos de 7x7
1 tapa ciega de chapa de 7x7
5 tapas ciegas de plásticos de 9x9
3 tapas ciegas de chapa de 10x10
2 portalámparas de pared.
Acomodamos reflector
Ocupamos del taller:
25 metros de cable TPR de 4x6mm.
3 tapas ciegas de chapa de 10x10.
1 tapa ciega de chapa de 7x7.
10 tacos y tornillos del 6
2 metros de alambre galvanizado.";;;;;;;;;;;;;;;;;;
31/5/2024;;Taller ;;;Pablo;;;;;;;;;;;;;;;;;;;
31/5/2024;;Sergio Saad;;;Nacho y Jose ;Reinstalacion de forzador a serggio saad de equipo central en su domicilio;;;;;;;;;;;;;;;;;;
;;;;;;;;;;;;;;;;;;;;;;;;
3/6/2024;;Mariano Ponce ;;;Pablo y Jose ;"Configuramos control universal 
Nacho compro el control.
Distribuimos de otra maneras las térmicas en el tablero.";;;;;;;;;;;;;;;;;;
3/6/2024;;Fabian Caruso ;;;Pablo y Jose ;"Reemplazo de fotocelula
Nacho compro la fotocelula";;;;;;;;;;;;;;;;;;
3/6/2024;;Agropecuaria Norte ;;;Nacho, Pablo y Jose ;"Reemplazo de sensores
Estamos con la duda de donde va cada sensor (nachin necesita encontrar el manual de la placa que tiene el equipo)
Los 3 sensores que se ocupó eran del taller";;;;;;;;;;;;;;;;;;
4/6/2024;;Karina Mariani;;;Pablo y Jose ;"Sacamos U.I para service en el taller.
Le hicimos service a la U.I
Soldamos caños porque en 1 tenía una perdida.";;;;;;;;;;;;;;;;;;
4/6/2024;;Rombola ;;;´Pablo y Jose ;Solución de problema eléctrico.;;;;;;;;;;;;;;;;;;
04/06/24;;Taller ;;;Pablo y Jose ;Empezamos a acomodar la otra parte del taller;;;;;;;;;;;;;;;;;;
5/5/2024;;Karina Mariani;;;Pablo y Jose ;"Colocamos la U.I.
Hicimos las 4 virolas.
Hicimos vacío.
Realizamos la carga de refrigerante R410 (creemos que nos faltó cargar).";;;;;;;;;;;;;;;;;;
5/6/2024;;Taller ;;;Pablo y Jose ;"Seguimos acomodando la otra parte del taller.
Comenzamos a controlar los caños que estaban afuera y a guardarlos";;;;;;;;;;;;;;;;;;
6/6/2024;;Karina Mariani;;;Pablo y Jose ;Terminaron de cargar refrigerante;;;;;;;;;;;;;;;;;;
6/6/2024;;Peluqueria Fabian Moon ;;;Pablo y Jose ;"Reemplazo de 3 artefactos de embutir cuadrado, de 18W, luz fría. Marca Tacoma.
Reemplazo de 3 tubos LED de 18W. Marca interlec.
Reemplazo de 2 zócalos para tubos LED.
Reconectamos 1 toma doble.
Reemplazo de 1 toma doble.
Todo el material se sacó de cromer.";;;;;;;;;;;;;;;;;;
6/6/2024;;Obra Alejandra (PEPE);;;Pablo y Jose ;"Colocación de 3 medias bocas 
Comenzamos a cabaletear el frente. Aún nos queda cosas por hacer";;;;;;;;;;;;;;;;;;
07/06/24;;Obra Alejandra (PEPE);;;Pablo y Jose ;"Cableamos
Colocamos 3 bocas (picada, amurada y cableadas)
Cableamos 2 bocas en la estructura durlok.
Cableamos 1 neutro y tierra para dejar armado un toma para la cámara.
Ocupamos del taller:
15 metros de cable de 2.5 verde amarillo.
55 metros de cable de 1.5 de diferente colores.
20 metros de cable de 2.5 de diferente colores)
14 metros de caño corrugado de 7/8.
3 cajas de 7x7 de chapa.
2 cuplas de PVC de 22mm
1 tapa ciega de 7x7 de PVC.
2 tapa ciega de 9x9 de chapa 
2 florones.
1 lámpara 
Faltaría que José agregue lo que ocupó en la estructura de durlok
Reply:
	Estructura de durlok
3 caja de chapa de 10x5
4 metros de caño rígido 
2 metro de de caño pvc de 40
2 curva de 40";;;;;;;;;;;;;;;;;;
;;;;;;;;;;;;;;;;;;;;;;;;
10/6/2024;;Freddo Paseo Cultural ;;;Nacho, Pablo y Jose;"José y Pablo 
Retiramos bomba centrífuga
José, Nacho y Pablo 
Hicimos el mantenimiento de la bomba: reemplazo de 2 rulemanes, 1 sello y 1 portasello.
José y Pablo 
Instalación nuevamente de bomba.
Volvimos a alimentar la bomba con los flotantes automáticos.
Reemplazo de flotante electrónico en tanque cisterna.";;;;;;;;;;;;;;;;;;
11/6/2024;;Ministerio de turismo y culturas ;;;Nacho ;Reparacion bomba;;;;;;;;;;;;;;;;;;
11/6/2024;;Ampliacion Obra Pepe ;;;Pablo y Jose;"Colocación de 2 medias bocas.
Comenzamos armar la estructura de PVC 
Comenzamos a canaletear para caños de aires.
Ocupamos del taller:
2 cajas de 7x7 de chapa 
1 caja de 7x7 de PVC.
5 caños de PVC de 22mm 
4 curvas de PVC de 22mm.
5 cuplas de PVC de 22mm";;;;;;;;;;;;;;;;;;
11/6/2024;;Victoria Botiglieri ;;;Pablo y Jose;"Instalación de A.A.
Ocupamos del taller:
4.20 metros de cable TPR de 5x2.5.
4 metros de caño de 1/2.
4 metros de caño de 1/4
2 aislante de 1/2.
2 aislante de 1/4.
3 metros de manguera de cristal.
6 tacos y tornillos para durlok.
1 codo de caño de 1/2.
1 rollo de cinta blanca.
1 valde de concreto";;;;;;;;;;;;;;;;;;
12/6/2024;;Victoria Botiglieri ;;;Pablo y Jose;Tapamos desagote de aire y hueco en la losa.;;;;;;;;;;;;;;;;;;
12/6/2024;;Taller ;;;Nacho y Jose ;Colocaron caños para el baño.;;;;;;;;;;;;;;;;;;
12/6/2024;;Raul Pacella ;;;Pablo y Jose;"Colocamos un timer digital.
Reemplazo de 1 lámpara de luz fría.
Reemplazo de 1 artefacto de 18 W cuadrado de aplicar de luz fría.
Revisamos 4 artefactos bipines pero no andaban.";;;;;;;;;;;;;;;;;;
13/6/2024;;Ampliacion Obra Pepe ;;;Pablo y Jose;"Colocación de 4 medias bocas.
Terminamos de armar estructuras de PVC.
Desintalamos 1 A.A
Modificamos de lugar 1 boca.
Comenzamos a armar desagotes de A.A.
Colocamos caños de 63 para sunchos de A.A.
Ocupamos del taller 
3 cajas de 7x7 de chapa.
1 caja de 10x10 de chapa.
5 caños de PVC de 22mm.
4 cuplas.
6 curvas de PVC de 22mm.
1 codo de PVC de 25mm.
1 T de 25mm.
2 metros de caños de 63.
2 codos de 45 de 63.
4 metros de caño de 25mm.
1/4 de rollo de caño corrugado de 7/8";;;;;;;;;;;;;;;;;;
14/6/2024;;Ampliacion Obra Pepe ;;;Pablo ;"Reemplazo de tablero de 12 bocas por uno de 24.
Continúe con el desagote de A.A
Material del taller
Tablero de 24 bocas de chapa
2.30 metros de caño de 25mm gris.
Está faltando:
Picar para colocar los 4 caños para arriba.
Colocar caja de paso.
La dueña quiere colocar un tanque cisterna, seguramente habrá que ver la alimentación.
2.5 metros de caño de 25 gris.";;;;;;;;;;;;;;;;;;
14/6/2024;;Raul Pacella ;;;Pablo;Reemplazo de sensor de movimiento.;;;;;;;;;;;;;;;;;;
14/6/2024;;Tonos Catamarca ;;;Nacho y Jose ;;;;;;;;;;;;;;;;;;;
;;;;;;;;;;;;;;;;;;;;;;;;
17/6/2024;;Taller;;;Nacho, Pablo y Jose ;Estábamos revisando y soldando estantes.;;;;;;;;;;;;;;;;;;
17/6/2024;;Ampliacion Obra Pepe;;;Pablo y Jose ;"Terminamos de colocar desagotes para A.A
Colocamos 1 media boca.
Tapamos caños de A.A.
Sacamos cable Sintenax que estaba en la pared.
Ocupamos del taller 
2 codos de 45 de 63.
1.80 metros de caño gris de 25mm.
1/2 rollo de caño corrugado de 7/8
1 caja de 15x10 de chapa";;;;;;;;;;;;;;;;;;
18/6/2024;;Taller;;;Nacho, Pablo y Jose ;"Pintamos estantes.
Armamos estantes.";;;;;;;;;;;;;;;;;;
18/6/2024;;Ampliacion Obra Pepe;;;Pablo y Jose ;"Cableamos 16 bocas.
Revisamos problema eléctrico en la cocina (alguien corto unos cables)
Falta:
diferenciar circuitos.
Revisar unos tomas que no tienen tensión.
Falta cablear unas bocas y hacer empalmes.
Diferenciar linea de cocina y termotanque
Ocupamos del taller:
60 metros de cable unipolar de 1.5 de diferentes colores.
80 metros de cable unipolar de 2.5 de diferentes colores.";;;;;;;;;;;;;;;;;;
19/6/2024;;Ampliacion Obra Pepe;;;Pablo y Jose ;"Armamos tablero seccional.
Reemplazo de tablero principal.
Cableamos 6 bocas.
Alimentamos luces del fondo
Ocupamos del taller:
13 térmicas bipolar (10 de 10A. 1 de 32A. 2 de 15A)
1 disyuntor bipolar de 25A.
1/4 de rollo de caño corrugado de 7/8.
1 caja de térmica de chapa de 4 bocas.
6 metros de cable unipolar de 10mm.
116 metros de cable unipolar de 2.5 de diferentes colores.
1 cinta negra.
1 caja de 5x10 de chapa
Estaría faltando:
Colocar jabalina y cable desnudo.
Colocar tomas en cocina.";;;;;;;;;;;;;;;;;;
20/6/2024;;Ampliacion Obra Pepe;;;Pablo y Jose ;"Cableamos 1 boca.
Colocamos jabalina y cable desnudo.
Tapamos caños bajo el tablero principal.
Ocupamos del taller:
3 metros de cable desnudo.
1 jabalina de 1.5 metros.
1 morceta.
3 metros de caño corrugado.
6 metros de cable unipolar de 2.5 de diferentes colores.";;;;;;;;;;;;;;;;;;
20/6/2024;;Jorge Diaz Carbel ;;;Nacho, Pablo y Jose ;"Desinstalación de aire piso techo.
Sacamos 2 estantes de madera.
Sacamos 1 luz de emergencia.
Sacamos un soporte de extintor.";;;;;;;;;;;;;;;;;;
21/6/2024;;Taller;;;Pablo y Jose ;"Movimos el estante de madera del frente para la pieza detrás del taller.
Sacamos todas las cosas que están en la pieza detrás del taller.
Colocamos estantes de chapa y modificamos la posición de los estantes.
Llevamos los aires, luces, y pedazos de cielo rraso al otro local.
Trajimos del otro local al taller una mesa de trabajo.
Con ramiro y Mica comenzamos a colocar todos el material de aire y electricidad.";;;;;;;;;;;;;;;;;;
;;;;;;;;;;;;;;;;;;;;;;;;
24/6/2024;;Taller ;;;Pablo y Jose ;Estuvimos acomodando y llevando cosas al otro local.;;;;;;;;;;;;;;;;;;
24/6/2024;;Elizabet Vanni ;;;Pablo y Jose ;"Revisamos 3 equipos (kevinator, diplomátic, Hitachi)
Kevinator: necesita 
Service de A.A
1 control universal 
Revisar deflector que no anda.
Prolongar manguera de desagote (8 metros necesita)
Diplomátic necesita
7 metros de manguera de cristal.
Hitachi necesita 
1 control universal (no sé si primero probarlo con el otro control universal que llevemos para revisar bien).
Es frío solo, podríamos llevar 6 metros de manguera.
A los 3 A.A deberíamos agregar aislante y cinta blanca si es necesaria.";;;;;;;;;;;;;;;;;;
24/6/2024;;Jorge Diaz Carbel ;;;Pablo y Jose ;"Desintalamos dvr y 6 cámaras.
Desintalamos central de alarma.
Instalamos provisoriamente el sistema de alarma
Desintalamos 1 zapatilla.";;;;;;;;;;;;;;;;;;
25/6/2024;;Jorge Diaz Carbel ;;;Pablo y Jose ;"Colocación prolija de sistema de alarma.
Colocación de mensulas de A.A 
Desintalamos 3 zapatillas
Desintalamos toldo y lona
Ocupamos del taller
20 metros de cable UTP 
5 varillas de cable canal
20 tacos y tornillos del 6
5 tacos y tornillos del 10.";;;;;;;;;;;;;;;;;;
26/6/2024;;Elizabet Vanni ;;;Pablo y Jose ;"Service de A.A Kelvinator 5100FC.
Alargamos de manguera de desagote 
Dejamos y programamos control universal para A.A Kelvinator.
Alargamos manguera de desagote A.A Hitachi.
Dejamos y programamos control universal para A.A Hitachi.
Alargamos manguera de desagote A.A diplomatic.
Ocupamos del taller
2 control universal.
17 metros manguera de cristal.
5 tacos y tornillos del 6
50 cm de alambre galvanizado.
1/2 cinta blanca.
1 asialnte de 1/4";;;;;;;;;;;;;;;;;;
26/6/2024;;Jorge Diaz Carbel ;;;Nacho, Pablo y Jose ;"Reinstalación de aire piso techo.
Colocación de 2 muebles de madera
Colocación de extintor.
Dejamos provisoriamente 2 zapatillas eléctricas.
Ocupamos del taller 
10 tacos y tornillos del 10
6 tacos y tornillos del 6
5 metros de manguera de cristal 
1.5 aislante de 1/4
1/2 cinta blanca";;;;;;;;;;;;;;;;;;
27/6/2024;;Jorge Diaz Carbel ;;;Nacho, Pablo y Jose ;"José y Pablo 
Alimentamos zapatillas para mueble de computadora de la entrada.
Colocamos 3 zapatillas 
Retiramos cable de alimentación de aire piso techo
Colocación de 4 artefactos de 60x60 de aplicar de luz neutra.
Nacho y Pablo 
Colocación de 2 artefactos de 60x60 de aplicar de luz neutra.
Solución de problema eléctrico (neutro cortado)
Dejamos alimentado provisoriamente luz de cartel
Ocupamos del taller:
3.5 piso canales.
1 cable canal.
2 cintas aisladoras 
30 tacos y tornillos del 6.
12 metros de cable unipolar de 2.5 verde amarillo.";;;;;;;;;;;;;;;;;;
28/6/2024;;Jorge Diaz Carbel ;;;Pablo y Jose ;"Colocación de 4 artefactos de aplicar de 60x60 de luz cálida.
Alimentación de tomas para computadora y cartel.
Comenzamos a organizar el tablero.
Colocamos 1 caja de aplicar de 5x10 con toma 
Colocamos 1 toma.
Colocamos 1 tapa ciega
Ocupamos del taller:
9 cable canal 
Medio piso canal grande 
36 metros de cable de 1.5mm de diferentes colores.
6 metros de cable de 2.5mm de diferentes colores.
1 caja de aplicar de 12 bocas.
2 cintas aisladoras
11 metros de cable TPR de 3x2.5
40 tacos y tornillos del 6
1 caja de aplicar
2 tomas dobles
1 tapa ciega de plástico de 10x10
8 metros de cable de 6mm de diferentes colores
Reply:
	Tambien ocupamos 15 metros de cable TPR de 5x2.5";;;;;;;;;;;;;;;;;;
29/6/2024;;Jorge Diaz Carbel ;;;Pablo y Jose ;"Acomodamos el tablero.
Colocamos tierra a los tomas de las computadoras y máquinas.
Colocamos 3 artefactos de aplicar de 60x60 de luz cálida.
Emprolijamos agujero de sunchos de aire.
Colocamos 1 luz de emergencia
Ocupamos del taller 
1 jabalina de 1.5.
2.5 metros de cable desnudo
1 tapa de inspección.
6 cable canales.
1.5 piso canal grande.
1 térmica bipolar de 10A.
7 metros de cable unipolar de 2.5 de diferentes colores.
1/2 silicona.";;;;;;;;;;;;;;;;;;
;;;;;;;;;;;;;;;;;;;;;;;;
1/7/2024;;Jorge Diaz Carbel ;;;Pablo y Jose ;"Alimentamos cartel de afuera (escondimos los cables con cable canal)
Colocamos tierra a 2 tomas que faltaban
Colocamos tapa de tuercas de U.E de aire piso techo.
Colocamos tapas ciegas de PVC en centros.
Ocupamos del taller
2 cable canal chico 
20 tacos y tornillos del 6
6 tapas ciegas
2 metros de cable unipolar de 2.5";;;;;;;;;;;;;;;;;;
1/7/2024;;Elio Morales (YPF BRIGIDO);;;Pablo y Jose ;"Acomodamos mejor el tablero
Ocupamos del taller
1 caño de chapa de 7/8
50 cm de caño de chapa de 1 pulgada
1 curva de 1 pulgada de chapa 
2 curvas de 7/8 de chapa 
1 conector de 1 pulgada de chapa 
5 conectores de 7/8 de chapa
1 caja de aplicar de 5x10
1 tapa ciega
Cinta aisladora
1 metros de cable de 10mm";;;;;;;;;;;;;;;;;;
1/7/2024;;Fabian Caruso (Madre);;;Nacho ;Reemplazo de termica bipolar 25A;;;;;;;;;;;;;;;;;;
2/7/2024;;Elio Morales (YPF BRIGIDO);;;Pablo y Jose ;"Pintamos tapa de tablero que hicimos.
Ocupamos del taller 
Pintura 
43x43 de chapa de un estante";;;;;;;;;;;;;;;;;;
2/7/2024;;Ampliacion Obra PEPE;;;Pablo y Jose ;"Colocamos 12 artefactos.
Colocamos 11 tomas dobles
Ocupamos del taller:
3 tapa ciega de 10x10.
15 metros de cable TPR de 3x1.5
25 tacos de durlok y tornillos del.
10 tornillos largos.
1 y media de cinta aisladora.
Están faltando colocar bien 2 reflectores, colocar portalámparas de pared, revisar unas luces. Colocar otra tapa ciega de 5x10
Reply:
	también alimentamos cocina y termotanque";;;;;;;;;;;;;;;;;;
3/7/2024;;Ampliacion Obra PEPE;;;Pablo y Jose ;"Terminamos de identificar circuitos en el tablero.
Acomodamos 2 reflectores.
Colocamos tapa de inspección de jabalina.
Colocamos 6 portalámparas para pared.
Colocamos 4 tapas ciegas de 5x10.
Revisamos 2 portalámparas de ella que no andaban.
Reemplazo de llave de 3 puntos.
Colocamos 1 tapa ciega de 10x10.
Ocupamos del taller:
5 portalámparas de pared.
1 tapa de inspección para jabalina 
2 tapas de 9x9 de chapa
10 tornillos T1.
15 tornillos del 6
15 tornillos Parker de 1.5cm.
2 tapas ciegas de PVC de 5x10
1 tapa de 10x10 de chapa.";;;;;;;;;;;;;;;;;;
3/7/2024;;Tonos Plaza Trento ;;;Pablo y Jose ;"Colgamos tv.
Colocamos de nuevo el artefactos de 60x60.
Compramos tornillos para soporte de tv";;;;;;;;;;;;;;;;;;
3/7/2024;;Jorge Diaz Carbel ;;;Pablo y Jose ;"Armamos 2 brazos para colocar reflector.
Colocamos 1 brazo con reflector en el local
Ocupamos del taller:
2 metros de caño de chapa
30 cm de varilla chata de chapa
2 tornillos T1
8 metros de cable TPR de 3x1.5
8 tornillos y tacos del 6.
30cm de alambre galvanizado.";;;;;;;;;;;;;;;;;;
4/7/2024;;Jorge Diaz Carbel ;;;Pablo y Jose ;"Colocamos 1 brazo con reflector.
Ocupamos del taller
Pintura negra 3 en 1.";;;;;;;;;;;;;;;;;;
4/7/2024;;Pepe Llamos ;;;Pablo y Jose ;"Comenzamos a diferenciar circuitos en el tablero
Colocamos 4 tomas";;;;;;;;;;;;;;;;;;
4/7/2024;;Yesica Jorge ;;;Pablo y Jose ;"Instalación de A.A
Ocupamos del taller
13 tacos y tornillos del 6 
3 metros de manguera de cristal.
1 par de ménsulas.
6 tornillos del 10 
2 tacos del 10
1/2 cinta blanca sin pega.
30 cm de caño de 1/2.
30 cm de caño de 1/4
1/2 aislante de 1/2 
2 metros de cable TPR de 5x2.5
2 bulones";;;;;;;;;;;;;;;;;;
5/7/2024;;Pepe Llamos ;;;Pablo y Jose ;"Acomodamos tablero de primero piso.
Cambiamos alimentación del tablero de primero piso.
Agregamos disyuntor a tablero de piso de abajo.
Agregamos provisoriamente térmica en tablero de abajo
Colocamos 8 artefactos de 12W.
Reemplazo de 1 artefactos de 12 W.
Colocamos 2 artefactos de 24W.
Solucionamos pronlema electrico (cortocircuito)
Armamos 2 llaves de combinacion
Reply:
	También ocupamos del taller:
10 tacos de durlok y tornillos.
2 metros de cable del 6.
1/2 cinta aisladora.";;;;;;;;;;;;;;;;;;
5/7/2024;;Cecilia Zona Sur ;;;Nacho, Pablo y Jose ;"Alimentamos 2 A.A
Los materiales no sé si eran de la cliente o de Nacho.";;;;;;;;;;;;;;;;;;
;;;;;;;;;;;;;;;;;;;;;;;;
8/7/2024;;Ulises Contreras;;;Pablo y Jose ;Carga de refrigerante R22, no pesamos el gas;;;;;;;;;;;;;;;;;;
8/7/2024;;Rombola ;;;Pablo y Jose ;"Solución de problema eléctrico.
Está faltando reemplazar 1-2 portalámparas de pared. Colocar 2 lámparas luz día. Reemplazar 1 artefacto de aplicar de 12W cuadrado luz día.";;;;;;;;;;;;;;;;;;
8/7/2024;;Mariano Ponce ;;;Pablo y Jose ;"Desinstalación de termotanque.
Instalación de nuevo termotanque.
Ocupamos del taller:
30cm de caño de 3/4 para fusionar
3 unión de 3/4 para fusionar 
Cáñamo.";;;;;;;;;;;;;;;;;;
9/7/2024;;Tonos Catamarca ;;;Nacho, Pablo y Jose ;;;;;;;;;;;;;;;;;;;
10/7/2024;;Tonos Catamarca ;;;Nacho, Pablo y Jose ;;;;;;;;;;;;;;;;;;;
11/7/2024;;Tonos Catamarca ;;;Nacho, Pablo y Jose ;;;;;;;;;;;;;;;;;;;
12/7/2024;;Tonos Catamarca ;;;Nacho, Pablo y Jose ;"Salon
Reemplazo de tablero electrico. 
Clableado y armado de lineas del local.
Cableado de 4 lineas de redes
7 Cableado de lineas de camaras...
3 Alimentacion de zapatillas para pc
Instalacion de 19 paneles led 60 x 69
1 Alimentacion de tv
Instalacion de 82 tiras ocultas led...
Instalacion de 28 tiras led a la vista.
Alimentacion de mueble idi.
Show room..
Instalacion de 6 luminarias ( falta 1 )
Academia instalacion de 8 luminarias ( faltan 2 completas y 6 drivers)
Reply:
	Materiales utilizados de electrofrio:
1 tablero electrico 54 bocas de chapa
Cables:
Tierra 100m 1.5mm verde /amarillo
Tipo par 2x1.5 100m
Cable unipolar celeste 2.5mm 60m
Cable unipolar rojo 2.5mm 60m
Materiales comprados
Siliconas 12 jorge maso
4 compradas
Tacos tornillos 6 20uni
Tornillos t2 20 unidades
Cable canal 7
Cables unipolares para armado de tablero y empalmes.
Utp la caja entera (fabian)";;;;;;;;;;;;;;;;;;
;;;;;;;;;;;;;;;;;;;;;;;;
15/7/2024;;Jorge Diaz Carbel;;;Pablo y Jose ;"Terminamos detalles que faltaron (emprolijar cable canal, luz y tablero)
Dejamos andando luz de emergencia.
Ocupamos del taller:
15 tacos y tornillos del 6
3 tornillos T1
1 tapa de 20x20 de chapa
10 cm de piso canal.
Reply:
	ocupamos un floron del taller";;;;;;;;;;;;;;;;;;
15/7/2024;;Fabian Caruso (Madre);;;Pablo y Jose ;"Reemplazo de alimentación de tablero principal.
Reemplazo de térmica bipolar de 20A.
Reemplazo de disyuntor bipolar de 25A.
Ocupamos del taller:
1 térmica bipolar de 20A.
1 disyuntor bipolar de 25A.
2.5 metros de cable de 6mm.
La señora quiere que le coloquemos 1 luz para afuera de su casa (no se que conviene poner, lámpara o reflector y que cantidad será la indicada)";;;;;;;;;;;;;;;;;;
15/7/2024;;Rombola ;;;Pablo y Jose ;"Reemplazo de 1 portalámparas de pared.
Reemplazo de 2 lámparas de luz fría de 9W.
Reemplazo de 1 artefacto de aplicar cuadrado de luz fría de 12W.
Revisamos 1 toma doble para verificar si le llegan los 220, efectivamente sí le llegan.
Escondimos (volvimos) un cable Sintenax que nos dijo rombo dentro de una camara de inspección. Y lo aislamos";;;;;;;;;;;;;;;;;;
15/7/2024;;Pepe LLamos ;;;Pablo y Jose ;"Cableamos combinación desde inicio de escalera hasta cerca de tablero (pasamos por 5 bocas ya cableadas)
Cableamos retorno para prender pergola (pasamos por 1 boca ya cableada)
Colocamos 2 artefactos de aplique.
Colocamos 1 artefacto redondo de 12W de aplicar.
Colocamos 1 reflector de 30W me parece.
Reemplazamos 2 lámparas.
Está faltando ver la pergola y revisar 2 artefactos.
Ocupamos del taller:
2 tacos de durlok.
Aproximadamente 80 metros de cable de 2.5 de diferentes colores";;;;;;;;;;;;;;;;;;
16/7/2024;;Fabian Caruso (Madre);;;Pablo y Jose ;Revisión problema de bomba (está aparentemente pegado un flotante eléctrico, lo estuvimos probando y volvió a andar) quedó andando la bomba;;;;;;;;;;;;;;;;;;
16/7/2024;;Elio Morales (YPF BRIGIDO);;;Pablo y Jose ;"Solucionamos problema eléctrico (térmica defectuosa)
Reemplazo de 2 artefactos de embutir de 18W.
Ocupamos del taller:
1 térmica unipolar de 15A.
2 artefactos de embutir de 18W de luz cálida.";;;;;;;;;;;;;;;;;;
16/07/24;;Pepe LLamos ;;;Pablo y Jose ;"Armamos estructuras de PVC en pérgola.
Terminamos algunos detalles que faltaban (conectar combinadas, cambiar llaves de 4 puntos, tapar llaves 
Cableamos la estructura de la pergola (4 bocas) 
Ocupamos del taller
2 conectores de PVC de 22mm.
8 cuplas de PVC de 22mm.
10 grampas de PVC de 22mm.
8 curvas de PVC de 22mm.
15 metros de cable unipolar de 2.5mm.
1/2 cinta aisladora
1 tapa ciega de 10x10 de PVC ocupamos del taller";;;;;;;;;;;;;;;;;;
17/7/2024;;Fabian Caruso (Madre);;;Pablo y Jose ;"Reemplazo de flotante eléctrico de tanque superior.
Ocupamos del taller
1 Flotante eléctrico de 1.5m.";;;;;;;;;;;;;;;;;;
17/7/2024;;Gonzalo Quijano ;;;Pablo y Jose ;"Modificamos altura de caños para sunchos y dasagote de A.A 
Ocupamos del taller:
1 Balde de concreto";;;;;;;;;;;;;;;;;;
17/7/2024;;Mariano Ponce ;;;Pablo y Jose ;Solución de problema eléctrico (cortocircuito en artefacto);;;;;;;;;;;;;;;;;;
17/7/2024;;Pepe LLamos ;;;Pablo y Jose ;Revisamos la falla en llave de punto (el tipo de traba es media floja y se había soltado un retorno);;;;;;;;;;;;;;;;;;
18/7/2024;;Grasi gas ;;;Pablo y Jose ;"Reemplazo de reflector de 150W marca Alic.
Ocupamos del taller
Reflector de 150 W marca Alic";;;;;;;;;;;;;;;;;;
18/7/2024;;Gonzalo Quijano ;;;Pablo y Jose ;"Service de A.A.
Está faltando soldar caños y dejar listo el sunchos de caños.";;;;;;;;;;;;;;;;;;
18/7/2024;;Malena Gomez ;;;Pablo y Jose ;"Aire sala de estar
Reemplazo de capacitor de forzador de U.i de 2UF.
Aire pieza
Service de A.A.
Reemplazo de 1 obu
Ocupamos del taller
1 capacitor de 2UF.
1 obu";;;;;;;;;;;;;;;;;;
19/7/2024;;Grasi gas ;;;Pablo y Jose ;"Solucion Problema electrico (Reemplazo de termica bipolar)

Materiales 
1 termica bipolar 20A";;;;;;;;;;;;;;;;;;
19/7/2024;;Gonzalo Quijano ;;;Pablo y Jose ;"Terminamos de soldar los caños del A.A
Ocupamos del taller:
1.5 aislante de 1/2.
1.5 aislante de 1/4.
3/4 de cinta blanca sin pega.
Muy poca cinta aisladora negra.";;;;;;;;;;;;;;;;;;
19/7/2024;;Taller;;;Nacho, Pablo y Jose ;"Reparación heladera marca Bambi.
Carga de refrigerante 134A: 120 gramos.
Colocamos colita de carga.
Ocupamos la gotita y soldadura en fría.
José y Pablo 
Acomodamos el taller
Faltaría lo que hicieron José y Nacho";;;;;;;;;;;;;;;;;;
;;;;;;;;;;;;;;;;;;;;;;;;
22/7/2024;;Ariel LLamo ;;;Pablo y Jose ;"Revisamos problema eléctrico pero sin encontrar la causa del problema. Quedó andando la luz.
Quedó andando pero no lo pudimos encontrar. Hicimos 
#Diferenciar térmica de casa y quincho, cochera.
#Verificar cable subterráneo de alimentación de la casa.
#Verificar circuitos de tablero de la casa (plata baja y primer piso)
#verificar consumo de térmicas y balanceamos el consumo de la térmica de la casa.
Volvimos a colocar reflector con motorcito de A.A.
Ocupamos del taller
1 térmica tetrapolar de 40A.
1/2 cinta aisladora.
Está faltando terminar algunos detalles y volver a pasar unos cables. Deberíamos volver mañana.";;;;;;;;;;;;;;;;;;
23/7/2024;;Ariel LLamo ;;;Nacho y Pablo ;"Solución de problema eléctrico (cable de alimentación de tablero de primero piso está comido)
Ocupamos del taller
6 metros de cable Sintenax de 4x4
1/2 cinta aisladora";;;;;;;;;;;;;;;;;;
23/7/2024;;Taller ;;;Nacho y Pablo ;"Colgamos la estructura de hierro.
Comenzamos a armar la otra estructura de hierro";;;;;;;;;;;;;;;;;;
24/7/2024;;Pasteleria con Amor (Eve Millicay);;;Pablo y Jose ;"Instalación de 3 bocas de superficie.
Alimentamos esas 3 bocas, colocando 1 térmica separada de 16A bipolar
Reemplazo de llave de punto por punto y toma.
Reemplazo de toma simple por tomar doble.
Reemplazo de termostato y resistencia de 1500W de termotanque.
Ocupamos del taller
3 caños de PVC de 22mm.
2 cajas de aplicar de 5x10.
5 conectores de PVC de 22mm 
8 grampas de PVC de 22mm.
3 curvas de PVC de 22mm..
40 metros de cable de 2.5
1 termostato y 1 resistencia que compro Nacho.
De cromer se ocupó:
20 tacos y tornillos del 6 para durlok.
1 térmica de 16A bipolar.
1 caja de aplicar de 5x103 de PVC
Reply:
	También se ocupó 4 tomas dobles y 1 llave de punto y toma del taller";;;;;;;;;;;;;;;;;;
24/7/2024;;Mariangel Arroyo Corzo;;;Nacho ;Visita técnica ( Solución problema eléctrico) (Ir a colocarle 2 termicas unipolares);;;;;;;;;;;;;;;;;;
25/7/2024;;Taller (Heladera Bambi);;;Nacho  y Pablo ;"Colocamos colita de carga.
Reemplazo de filtro.
Carga de refrigerante M049plud 95gramos";;;;;;;;;;;;;;;;;;
25/7/2024;;Taller ;;;Nacho, Pablo y Jose ;Instalacion estructura colgante en local;;;;;;;;;;;;;;;;;;
25/7/2024;;Taller;;;Pablo ;Pinto macorcos de puerta negocio;;;;;;;;;;;;;;;;;;
26/7/2024;;Daniel Playa (Hermana);;;Pablo y Jose ;"Solución de problema eléctrico (neutro soltado)
Ocupamos del taller
Cinta aisladora.
En algún momento debería revisar porque hay cables unipolares al aire libre.
No tienen tablero, solo una antigua llave de corte.";;;;;;;;;;;;;;;;;;
26/7/2024;;Taller;;;Pablo y Jose ;;;;;;;;;;;;;;;;;;;
;;;;;;;;;;;;;;;;;;;;;;;;
29/7/2024;;Fabian Caruso (Madre);;;Pablo y Jose ;"Colocación de reflector de 20W luz fría.
Colocación de fotocelula para reflector.
Ocupamos del taller 
1 tapa ciega de 7x7
1 reflector
4 metros de cable TPR de 2x1.5
4 Tacos y tornillos del 6 
Nacho compro (pagó) de cromer 1 fotocelula y grampas (ocupamos 8)";;;;;;;;;;;;;;;;;;
29/7/2024;;Mariano Ponce ;;;Pablo y Jose ;"Reemplazo de 4 artefactos de 12W de luz cálida (artefactos del cliente)
Colocamos tapa de tablero";;;;;;;;;;;;;;;;;;
29/7/2024;;Mariangel Arroyo Corzo ;;;Pablo y Jose ;"Reemplazo de térmica bipolar de 20A por 2 unipolares de 15A.
Solución de problema eléctrico (cortocircuito por cables que estaban medio pelado ya)
Ocupamos del taller
2 térmicas unipolar de 15A.";;;;;;;;;;;;;;;;;;
30/7/2024;;Gustavo Fonsi ;;;Pablo y Jose ;"Reemplazo de térmica en tablero principal 
Ocupamos del taller 
Térmica bipolar de 20A (sacamos del negocio)";;;;;;;;;;;;;;;;;;
30/7/2024;;Alejandra contadora ;;;Nacho, Pablo y Jose ;"Movimos cable de internet
Colocamos toma doble
Movimos camara de lugar 
Movimos sensor de lugar
Ocupamos del taller 
9 metros de cable unipolar
1 toma doble
2 tapas ciegas
1 tapón ciego para toma
8 tornillos del 6
4 Tacos de durlok";;;;;;;;;;;;;;;;;;
30/7/2024;;Tony Santellan ;;;Nacho ;Visita tecnica;;;;;;;;;;;;;;;;;;
31/7/2024;;Tonos Catamarca ;;;Nacho y Pablo;"Subimos 2 unidades exteriores de los aires cassette.
Reemplazo de 2 extractores de los baños.
Colocación de 3 Paneles leds de 60x60 luz neutra
Colocación de 1 artefacto cuadrado de 18w de embutir.
Colocación de 1 artefacto cuadrado de 18w de aplicar
Colocación de la puesta a tierra.
Armado de las fichas de redes (todas)
Ocupamos del taller 
Jabalina
Tapa de inspección 
3 metros de cable desnudo 
1/2 cable canal";;;;;;;;;;;;;;;;;;
31/7/2024;;Taller;;;Jose;;;;;;;;;;;;;;;;;;;
1/8/2024;;Patricia de Luca (Casa);;;Pablo y Jose ;"Reemplazo de 2 artefactos de 18W de aplicar luz cálida.
Reemplazo de 1 artefactos de 18W de embutir luz cálida.
Reemplazo de 11 dicroicas de 6W de luz cálida.
Reemplazo de 1 lámpara de luz fría de 9W
Llevamos un artefacto así Nacho lo revisa
Todos los artefactos, la lámparas y las dicroicas lo sacamos de cromer.
Lo que ocupamos del taller fue 1 tapa ciega de 7x7.";;;;;;;;;;;;;;;;;;
1/8/2024;;Paula M de Pacella (Negocio);;;Pablo y Jose ;Service de A.A de 3.500 aproximadamente;;;;;;;;;;;;;;;;;;
2/8/2024;;Tonos Catamarca;;;Nacho y Pablo ;"Instalación de 2 aires tipo cassette 
Alimentamos aires.
Colocación de 5 luces de emergencia 
Alimentamos las luces de emergencia 
Colocación de cartel de salida.
Reemplazo de 1 llave de punto y toma.
Ocupamos del taller
1 llave de punto y toma.
15 metros de cable unipolar de 1.5
35 metros de cable unipolar de 2.5
1 tapa ciega de 9x9 de pvc
10 tacos del 6 y 14 tornillos del 6
2 térmicas tetrapolar de 15A 
8 varillas roscada.
32 tuercas.
16 arandelas
1.5 solera.
Tornillos T1 y T2, cantidad necesaria para fijar la estructura.
Caño de cobre de 3/8: 12 metros
Caño de cobre de 3/4: 12 metros
Cable TPR de 5x2.5: 22 metros.
Cable sintenax de 4x2.5: 15 metros
3.5 cinta aisladora blanca.
1.5 cinta de aluminio.
3 cintas aisladora negra
6 aislante de 3/4
6 aislante de 3/8
1.40cm de membrana";;;;;;;;;;;;;;;;;;
2/8/2024;;Alejandra contadora ;;;Jose y Martin ;Servi a A.A 3500 unidad interior/exterior.;;;;;;;;;;;;;;;;;;
2/8/2024;;Pasteleria con amor ;;;Jose y Martin ;Solución eléctrica punto de luz;;;;;;;;;;;;;;;;;;
2/8/2024;;Tony Santellan ;;;Jose y Martin ;"Se desintalo A.A se lo llevo al taller para controlar, xq nose encontró perdida.
Reply:
	Service seco a 1 equipo";;;;;;;;;;;;;;;;;;
;;;;;;;;;;;;;;;;;;;;;;;;
5/8/2024;;Facundo Neira ;;;Pablo y Jose ;"Reemplazo de 4 tubos leds de 18W.
Revisamos tablero porque la noche anterior le saltó el disyuntor, pero ahora andaba bien.
Ocupamos del taller
Los 4 tubos LED lo compro Nacho.
Desintalamos 1 ventilador de techo.
1 tapa ciega de 7x7 de PVC";;;;;;;;;;;;;;;;;;
5/8/2024;;Alejandra Contadora ;;;Pablo y Jose ;"Instalación de A.A de 3500
Ocupamos del taller 
20 tacos y tornillos del 6 
3.5 caños de 1/4
3.5 caños de 1/2
2 aislante de 1/4
2 aislante de 1/2
1 cinta blanca
4m de cable TPR de 5x2.5mm
12m de cable TPR de 3.4mm
Un poco de varilla de plata porque tuvimos que soldar caños.
3.5 metros de manguera de cristal.
Un poco de alambre galvanizado.
1/4 de cinta aisladora
Colocamos 2 cartel de alarma";;;;;;;;;;;;;;;;;;
5/8/2024;;Tony Santellan ;;;Nacho, Pablo y Jose ;"Nacho y José 
Carga de refrigerante R410:1.100kg
Control de perdida de equipo
José y Pablo 
Volvimos a colocar A.A de 3.500 
Ocupamos del taller
1 aislante de de 1/4
1 aislante de 1/2
3/4 de 1 cinta blanca 
1/4 de cinta aisladora
Un poco de varilla de plata para soldar caños";;;;;;;;;;;;;;;;;;
6/8/2024;;Facundo Neira ;;;Pablo y Jose ;"Reemplazo de térmica tetrapolar
Reemplazo de tubo 5 tubos leds por portalámparas
Reemplazo de reflector por portalámpara de pared 
Ocupamos del taller
1 térmica tetrapolar de 32A.
5 portalámparas de colgar
1 portalámparas de pared.
2 tacos y tornillos del 6.
2 tornillos parker.
1.5 metros de cable de 2.5mm";;;;;;;;;;;;;;;;;;
6/8/2024;;Tonos 2 ;;;Pablo y Jose ;"Reemplazo de fuente de 250W de 10A.
Reemplazo de 1 artefacto de embutir de 24 W cuadrado de luz neutra.
Reemplazo de 1 lámpara galponera.
Reemplazo de modulo de punto.
Ocupamos del taller
1 lámpara de 100W.
Sacamos de cromer:
1 artefacto de embutir de 24W cuadrado de luz neutra.
1 módulo de punto.";;;;;;;;;;;;;;;;;;
7/8/2024;;Taller ;;;Pablo y Jose ;"Intentaron reparar bomba, buscaron presupuesto para la misma

Jose siguio con el Stock";;;;;;;;;;;;;;;;;;
8/8/2024;;Silvia Parola ;;;Pablo y Jose ;"Service a 2 A.A 
( A uno le repararon el desagote)";;;;;;;;;;;;;;;;;;
9/8/2024;;Mauricio Moran ;;;Pablo y Jose ;"Instalación de A A 5,2 kw
Ocupamos del taller 
6.5 metros de caño de 1/4
6.5 metros de caño de 1/2
3.5 aislante de de 1/4
3.5 aislante de 1/2
8.5 metros de cable TPR de 5x2.5
14 tacos y tornillos del 6
2 cintas blancas";;;;;;;;;;;;;;;;;;
9/8/2024;;Tony Santellan ;;;Pablo y Jose ;Revisión de A.A por ruido. Quedó andando bien;;;;;;;;;;;;;;;;;;
;;;;;;;;;;;;;;;;;;;;;;;;
12/8/2024;;Nicolas Gallo (aire);;; Pablo y Jose ;"Reparación de problema en el capilar.
Carga de refrigerante R410A: 1.310kg.
Ocupamos un poco de varilla de plata.";;;;;;;;;;;;;;;;;;
12/8/2024;;Taller ;;; Pablo y Jose ;Estuvimos controlando el stock de materiales;;;;;;;;;;;;;;;;;;
13/8/2024;;Taller ;;; Pablo y Jose ;Acomodaron y contaron Stock;;;;;;;;;;;;;;;;;;
14/8/2024;;Peluqueria Fabian Moon;;; Pablo y Jose ;"Reemplazo de 2 artefactos cuadrados de embutir de luz fría de 18W
Sacamos de cromer los artefactos.";;;;;;;;;;;;;;;;;;
14/8/2024;;Taller ;;; Pablo y Jose ;Seguimos ordenando y contando el stock;;;;;;;;;;;;;;;;;;
15/8/2024;;Patricia de Luca Casa ;;; Pablo y Jose ;"Reparación de 1 artefacto.
Colocación de artefactos sobre respaldar de cama.
Reemplazo de 2 lámparas dicroicas de luz cálida de 6W. Ellos tenían las lámparas.";;;;;;;;;;;;;;;;;;
15/8/2024;;Mauricio Moran ;;; Pablo y Jose ;Dejamos el control de A.A que revisó Nacho.;;;;;;;;;;;;;;;;;;
15/8/2024;;Nicolas Gallo (aire);;; Pablo y Jose ;Fuimos a dejar el A.A.;;;;;;;;;;;;;;;;;;
15/8/2024;;Taller ;;; Pablo y Jose ;Seguimos ordenando y controlando el stock;;;;;;;;;;;;;;;;;;
16/8/2024;;Leo Guzman ;;; Pablo y Jose ;"Colocación de 1 caja de térmica de aplicar de 4 bocas + 1 térmica tetrapolar de 16A.
Cableamos alimentación para cocina electrica.
Conectamos cocina electrica.
Ocupamos del taller
1 térmica tetrapolar de 16A.
10 grampas sujeta cable de 12''.
Sacamos de cromer
12 metros de cable TPR de 5x2.5.
1 tablero de aplicar de 4 bocas";;;;;;;;;;;;;;;;;;
16/8/2024;;Taller ;;;Nacho, Pablo y Jose ;"Colocamos 2 bocas (picada, amaruda y cableadas)
Colocamos 2 artefactos bidireccionales
Alimentamos una nueva linea para luz y portón con cable sintenax
Nacho iba a colocar 2 fotocelulas
Ocupamos del taller
Aproximadamente 10 metros de cable sintenax de 4x1.5
Aproximadamente 18 metros de cable 1.5 de diferentes colores.
1 caja de chapa de 7x7
1 caja de chapa de 10x10
2 tapas ciegas de chapa de 10x10
7 metros de caño corrugado de 3/4 color naranja.
Contamos contado el stock";;;;;;;;;;;;;;;;;;
;;;;;;;;;;;;;;;;;;;;;;;;
19/8/2024;;Taller ;;;Pablo y Jose ;"Pintamos 2 puertas 
Lavamos 4 pinceles
Colocamos la cañería para el desagote del techo
Seguimos controlando el stock del negocio
Ocupamos:
2 curvas de 45 de 110
2 metros de caño de 110
Desagote de 110 
Embudo de desagote de 110";;;;;;;;;;;;;;;;;;
20/8/2024;;Taller ;;;Pablo y Jose ;"Colocamos retados de chapa entre la unión de la pared del taller y la playa de al lado. Así se pueda poner membrana.
Colocamos 1 artefactos de 18w de embutir de luz cálida en el baño. 
Cableamos ese artefacto
Se tomo medidas con Nacho y se terminó de armar la mesa del negocio.
Ocupamos del taller
9 metros de cable unipolar de 1.5
3 metros de cable unipolar de 2.5";;;;;;;;;;;;;;;;;;
21/8/2024;;Grasi Gas;;;Pablo y Jose ;"Reemplazo de lámpara de 30W de planchada.
Ocupamos del taller:
Lámpara de 30W luz fría.
Revisamos el trabajo que quieren hacer: colocar luz al cartel de frente y reemplazar 2 tortugas bajan techo.
Hace falta: 15 metros de cable TPR
2 artefactos de aplicar
Aproximadamente 9 metros de cable unipolar 
3 reflectores
3 brazos de 1 metro casa uno.
Tacos y tornillos
Omegas 
Grampas para sujetar cable";;;;;;;;;;;;;;;;;;
21/8/2024;;Elio Morales (Firestone frente brigido);;;Pablo y Jose ;"Colocamos 9 bocas completas
Reemplazo de 1 reflector de 50W (lo puso Elio)
Reemplazo de artefactos de 24W de aplicar (lo puso Elio)
Ocupamos del taller 
8 cajas de 5x10 de aplicar
3 caños de 22mm de PVC.
15 conectores de PVC de 22mm 
2 cuplas de PVC de 22mm 
6 grampas de PVC de 22mm 
7 curvas de PVC de 22mm 
68 metros de cable unipolar de 2.5 de diferentes colores";;;;;;;;;;;;;;;;;;
22/8/2024;;Elio Morales Zona sur ;;;Pablo y Jose ;Controlamos tira led que supuestamente no andaba. Pero está funcionado perfectamente.;;;;;;;;;;;;;;;;;;
22/8/2024;;Taller ;;;Pablo y Jose ;Estuvimos acomodando el negocio.;;;;;;;;;;;;;;;;;;
22/8/2024;;Elio Morales (Firestone frente brigido);;;Pablo y Jose ;"Colocamos 5 bocas completas
Dejamos cableado aire y calentador eléctrico.
Ocupamos del taller 
1 de PVC de 22mm 
8 conectores de PVC de 22mm 
2 curvas de PVC de 22mm 
2 grampas de PVC de 22mm 
39 metros de cable unipolar de 2.5
5 metros de cable TPR de 3x4mm.
20 tornillos y tacos del 6
44 tornillos 
24 tacos de durlok";;;;;;;;;;;;;;;;;;
23/8/2024;;Grasi Gas;;;Pablo y Jose ;"Colocamos 6 brazos con reflectores 
Colocamos 2 fotocelulas con su alimentación 
Colocamos 2 artefactos de aplicar redondos de 12 W de luz fría.
Ocupamos del taller 
4 reflectores de 10W luz fría
3 caño de hierro
12 tacos del 10 y tornillos del 10
6 omegas 
12 tornillos t1
9 metros de cable unipolar de 2.5
Pintura negra y tinner
4 tacos y tornillos del 6
De cromer se sacó:
2 artefactos de aplicar de 12W.
2 fotocelulas 
2 reflectores 
30 metros de cable";;;;;;;;;;;;;;;;;;
23/8/2024;;Elio Morales (Firestone frente brigido);;;Pablo y Jose ;"Colocamos 2 bocas completas 
Alimentamos tierra en una parte que no había.
Alimentamos todo el sector nuevo.
Acomodamos un cable canal y ocupamos silicona
Ocupamos del taller:
1 caño de PVC de 22mm.
2 conectores de PVC de 22mm 
Ocupamos del taller
1varilla y 1/2 de cablecanal chico.
4 metros de cable de 2.5.
Armamos 13 tomas dobles 
Armamos 2 tomas simples
14 tornillos del 6 y 14 tacos del 6
Reply:
	*Lo que no sé si de Elio Morales Nacho compro las cajas de aplicar de 5x10, eran 15.
1 sacamos de cromer*";;;;;;;;;;;;;;;;;;
23/8/2024;;Elio Morales Zona sur ;;;Pablo y Jose ;"Reemplazo de artefactos de 24W redondo de luz fría
Se sacó de cromer";;;;;;;;;;;;;;;;;;
;;;;;;;;;;;;;;;;;;;;;;;;
26/8/2024;;Elio Morales Zona Sur ;;;Pablo y Jose ;"Colocación de 6 lámparas de 100W con rosca Goliat
Reemplazo de 6 portalámparas comunes por rosca Goliat.
Ocupamos del taller
6 lámparas de 100W
6 portalámparas con rosca Goliat
10 precintos
Alambre galvanizado 
Cinta aisladora.";;;;;;;;;;;;;;;;;;
26/8/2024;;Taller;;;Pablo y Jose ;"Pasamos el cable de red a las 2 computadoras.
Pasamos alimentación de compu hasta el tablero.";;;;;;;;;;;;;;;;;;
26/8/2024;;Leo Guzman ;;;Pablo y Jose ;"Solución de problema eléctrico.
Reemplazo de térmica bipolar de 32A (tienen cable de 2.5) por 2 térmicas unipolares de 15A.
Ocupamos del taller 
1 toma doble.
2 térmicas unipolares de 15A.
Nacho le debe hacer un presupuesto porque deben modificar circuitos y tablero+PAT.";;;;;;;;;;;;;;;;;;
26/8/2024;;Martin Arias ;;;Pablo y Jose ;"Desinstalación de Aire piso techo.
Desintalamos 3 artefactos de aplicar de 18W.
Colocamos 2 portalámparas viejos que tenían (sacamos 2q artefactos y colocamos esos portalámparas)
Reemplazo de un portalámparas que no andaba.
Ocupamos del taller
Cinta aisladora";;;;;;;;;;;;;;;;;;
27/8/2024;;Alejandra Andrada (Contadora);;;Pablo y Jose ;"Instalación de 1 A.A
Falta cargar refrigerante.
Media instalación de otro A.A, falta hacer vacío y revisar si también le faltará gas.
Ocupamos del taller 
7 metros de caño de 1/4
7 metros de caño de 3/8
2 aislantes de 1/4
2 aislantes de 3/8
2 cintas blancas 
8 metros de caño corrugado de 7/8
48 metros de cable unipolar de diferentes colores.
25 tacos y tornillos del 6
3 tuercas de 1/4
3 tuercas de 3/8
Falta cable TPR para alimentación, aproximadamente 16 metros";;;;;;;;;;;;;;;;;;
27/8/2024;;Adriana Clienta b° municipal ;;;Pablo y Jose ;Fuimos a ver qué no tenían luz en 2 piezas. Le dejamos con luz pero no pudimos identificar el problema.;;;;;;;;;;;;;;;;;;
27/8/2024;;Taller ;;;Nacho, Pablo y Jose ;"Estuvimos haciendo cosas en el local.
Colocamos inodoro y zapatilla electrica";;;;;;;;;;;;;;;;;;
28/8/2024;;Lider Climatizacion Comercio (Gallito);;;Pablo y Jose ;"Colocamos tiras leds en los muebles:
Mostrador 1
Mostrador 2
Mostrador caja
Plataforma 1
Plataforma 2
Estantería pared
Reply:
	[9:18 a.m., 28/8/2024] Ignacio Arias: TIRAS LEDS NEÓN 

.- MOSTRADOR 01

5 Tiras de 4,17m color azul

.- MOSTRADOR 02

4 Tiras de 5,40m color azul

.- MOSTRADOR CAJA

1 Tira de 7,31m color azul

.- PLATAFORMA 01

2 Tiras de 3,98m color azul

.- PLATAFORMA 02

1 Tira de 4,73m color azul

.- ESTANTERÍA BLANCA

8 Tiras de 4,63m color blanco
4 Tiras de 4,23 color blanco
2 Tiras de 3,00 color blanco

.- ESTANTERÍA PARED

2 Tiras de 4,35m color azul

.- MOSTRADOR VIDRIERA 01

1 Tira de 2,42m color azul
1 Tira de 4,94m color blanco

.- MOSTRADOR VIDRIERA 02

1 Tira de 4,53m color azul
1 Tira de 4,62m color azul
[9:18 a.m., 28/8/2024] Ignacio Arias: El mostrador 1 son los muebles con el frente todo gris. 

Mostrador 2 el los que tienen el cubo azul en el frente

Mostrador caja, obviamente es el mueble de la caja

Plataforma 1 son las 2 bases más chicas, las que están abajo de los teles digamos

Plataforma 2 es la base donde están las heladeras

Estantería blanca son los 2 muebles blancos grandes (las 8 tiras corresponden a las repisas más grandes, las 4 tiras a las repisas más angostas, y las 2 tiras una en cada zocalo)

Estanteria pared, son las 2 estanterías que están colgadas en la pared que en el medio tienen las 2 teles

Mostrador vidriera 01 es el que tenia la mesita digamos

Mostrador vidriera 02 es el de los cortes irregulares";;;;;;;;;;;;;;;;;;
29/8/2024;;Lider Climatizacion Comercio (Gallito);;;Pablo y Jose ;"Colocamos tiras leds en los muebles 
Mostrador vidriera 1
Mostrador vidriera 2
Estantería blanca 
Conectamos 2 fuentes.";;;;;;;;;;;;;;;;;;
29/8/2024;;Priscila Parisi ;;;Pablo y Jose ;"Instalación de aire de ventana 3650W.
Falta alimentar el aire aparte de la casa. Aproximadamente 15 metros de TPR se necesita";;;;;;;;;;;;;;;;;;
30/8/2024;;Lider Climatizacion Comercio (Gallito);;;Pablo y Jose ;"Alimentamos 18 fuentes de tiras leds.
Están quedando alimentar un par más de fuentes y colocar luces de emergencia.
Mañana revisamos bien lo que ocupamos.
Del cable de gallo se ocupó 9 metros";;;;;;;;;;;;;;;;;;
31/8/2024;;Lider Climatizacion Comercio (Gallito);;;Pablo y Jose ;"Terminamos de alimentar todas las fuentes de las tiras leds.
Colocamos 1 tira nueva.
Colocamos 3 luces de emergencia.
Ocupamos
2 pack de rollos de cocina (compró José)
10 metros de cable verde amarillo de gallo
Ocupamos del taller
30 metros de cable paralelo de 2x2.5
80 metros de cable unipolar de 2.5 de diferentes colores 
13 varillas de cable canal chico
2 cintas aisladoras negras
60 tornillos chicos para madera.
2 varillas de piso canales grande";;;;;;;;;;;;;;;;;;
;;;;;;;;;;;;;;;;;;;;;;;;
2/9/2024;;Rombola Casa;;;Pablo y Jose ;Solución problema eléctrico (linea de fotocelula y reflector hacia salta de vez en cuando el disyuntor). Reemplazamos 1 fotocelula y 1 reflector de 30W, lo sacamos de cromer;;;;;;;;;;;;;;;;;;
2/9/2024;;Gonzalo Quijano (Casa);;;Pablo y Jose ;Service de A.A (trajimos al taller);;;;;;;;;;;;;;;;;;
2/9/2024;;Taller;;;Pablo y Jose ;Fuimos a dejar todas las tarimas que habían acá en la casa del papá de Mica.;;;;;;;;;;;;;;;;;;
3/9/2024;;Grasi Gas;;;Pablo y Jose ;"Reemplazo de lámpara de alta potencia de 30W.
Sacamos de cromer";;;;;;;;;;;;;;;;;;
3/9/2024;;Jorge Diaz Carbel (Pintureria);;;Pablo y Jose ;"Colocamos desagote de U.E de aire piso techo
Ocupamos del taller 
1 codito de desagote de A.A
1 T de 3/4
1 metro de manguera de cristal
2 tacos y tornillos del 6
Un poco de alambre galvanizado";;;;;;;;;;;;;;;;;;
3/9/2024;;Fabian Caruso (Departamento);;;Pablo y Jose ;"Cableamos 6 bocas. Estaban en el mismo circuito cocina, termotanque y luces. Quedó solo un circuito para cocina y otro para termotanque y luces.
Llevamos al taller el anafe eléctrico porque estaba en corto y también se va a tierra.
Ocupamos del taller 
35 metros de cable unipolar de 2.5.
1 térmica bipolar de 15A";;;;;;;;;;;;;;;;;;
4/9/2024;;Gonzalo Quijano (Casa);;;Pablo y Jose ;"Instalación de A.A.
Colocamos manguera de desagote en otro A.A.
Ocupamos del taller
8 tornillos T2.
2 aislante de 1/4
2 aislante de 1/2
1 cinta blanca sin pega
1 cinta negra.";;;;;;;;;;;;;;;;;;
4/9/2024;;Elio Morales (Firestone frente Brigido);;;Pablo y Jose ;"Colocación de jabalina de 1.5m 
OcuMos del taller 
1 jabalina.
1 morceto
20 cm de cable desnudo";;;;;;;;;;;;;;;;;;
4/9/2024;;Brigido Gomeria ;;;Pablo y Jose ;"Conectamos cables de tierras que estaban desconectados.
Ocupamos del taller
1.5 varilla de cable canal chico.
8 metros de cable unipolar de 2.5.
Están faltando conectar 4 tomas";;;;;;;;;;;;;;;;;;
5/9/2024;;Brigido ;;;Pablo y Jose ;"Conectamos tierra a tomas que no tenían en sector boxes y local de venta
Ocupamos del taller
2 cable canal chicos
12 metros de cable unipolar de 2.5
3 metros de cable TPR de 3x2.5";;;;;;;;;;;;;;;;;;
05/09/24;;Elio Morales (Firestone frente Brigido);;;Pablo y Jose ;"Carga de refrigerante r410A:620 gramos
Limpieza de dedagotes de U.I de A.A";;;;;;;;;;;;;;;;;;
5/9/2024;;Taller;;;Pablo y Jose ;Colocamos de lavamos y fuelle de inodoro.;;;;;;;;;;;;;;;;;;
5/9/2024;;Fabian Caruso (Departamento);;;Pablo y Jose ;Dejamos anafe eléctrico;;;;;;;;;;;;;;;;;;
6/9/2024;;Lider Climatizacion Comercio (Gallito);;;Pablo y Jose ;"Cableamos alimentación para tiras leds (7 bocas cableamos)
Cableamos enchufe para para tv.
Alimentamos luz en depósito
Ocupamos del taller 
4 cable canal chico
1 llave de punto y toma para aplicar 
1 portalámpara lámpara 
1 floron
10 tacos y tornillos del 6
10 grampas sujeta cable del 12
1 térmica bipolar de 20A
1/2 cinta aisladora negra";;;;;;;;;;;;;;;;;;
;;;;;;;;;;;;;;;;;;;;;;;;
9/9/2024;;Silvana Oliva Vidable ;;;Pablo y Jose ;"Reemplazo de 2 capacitores de 2UF de ventilador de techo
Nacho compro los 2 capacitores";;;;;;;;;;;;;;;;;;
9/9/2024;;Beto Paez (Padre Ramiro);;;Pablo y Jose ;"Desintalamos A.A
Service de A.A";;;;;;;;;;;;;;;;;;
9/9/2024;;Fabian Caruso;;;Pablo y Jose ;"Instalación de reflector de luz solar.
Instalamos 2 reflectores de 150W
Ocupamos del taller 
10 tacos y tornillos del 10
cinta aisladora negra";;;;;;;;;;;;;;;;;;
10/9/2024;;Ricardo Coll;;;Pablo y Jose ;"Instalación de A.A de 3mil 
Ocupamos del taller 
3 metros de caño de 1/4
3 metros de caño de 1/2
1.5 aislante de 1/4
1.5 aislante de 1/2
4 metros de cable TPR de 3x2.5
4 metros de cable TPR de 2x2.5
1 cinta blanca sin pega
Cinta aisladora 
15 tacos y tornillos del 6
3 media Omega
3 metros de manguera de cristal";;;;;;;;;;;;;;;;;;
10/9/2024;;Liliana Celia Ampuero ;;;Pablo y Jose ;"Comenzamos instalación de A.A
Ocupamos del taller 
3 metros de caño de 1/4
3 metros de caño de 1/2
1.5 aislante de 1/4
1.5 aislante de 1/2
12 tacos y tornillos del 6
6 tacos y tornillos del 10
4 bulones con tuercas y arandelas
1 par de ménsulas 
4 metros de caño corrugado 
3 metros de manguera de cristal";;;;;;;;;;;;;;;;;;
11/9/2024;;Jorge Diaz Carbel ;;;Pablo .;"Reemplazo de drivers de artefactos de 60x60 
Se sacó de elcon a nombre de Nacho";;;;;;;;;;;;;;;;;;
11/9/2024;;Liliana Celia Ampuero ;;;Nacho y Pablo ;"Terminaron Instalacion del equipo
Reply:
	ocupamos 16 metros de cable unipolar de 2.5
1 cinta blanca sin pega";;;;;;;;;;;;;;;;;;
12/9/2024;;Rombola Padre;;;Pablo y Jose ;"Solucion Problema Electrico
Reply:
	ocupamos 1/2 cinta aisladora";;;;;;;;;;;;;;;;;;
12/9/2024;;Alejandra Andrada ;;;Pablo y Jose ;"Se finalizo  instalacion de los equipos 
MATERIALES 
A.A 1 refrigerante 410: 170g
A.A2 refrigerante r22:280g
6 metros de manguera de cristal
6 medias omegas
16 metros de cable sintenax de 3x2.5
1 cinta aisladora 
18 metros de cable unipolar de 2x5";;;;;;;;;;;;;;;;;;
13/9/2024;;Elio Morales (Av. Cordoba);;;Pablo y Jose ;"3 Reemplazo de lamparas galponeras en altura 100w


MATERIALES:
3 LAMPARA  GALPONERAS 100w";;;;;;;;;;;;;;;;;;
13/9/2024;;Taller (tonos cat y neg electro);;;Jose ;"Enumeraron y acomodaron stock negocio
Reply:
	Realizo brazos para reflectores para Tonos catamarca";;;;;;;;;;;;;;;;;;
13/9/2024;;Tonos Catamarca ;;;Nacho y Pablo ;"Terminamos de instalar dedagotes de 2 A.A tipo cassette.
Instalamos 7 camaras y dvr.
Instalamos 2 brazos con reflector
Ocupamos del taller
45 metros de cable unipolar de 2x2.5 
Tacos de durlok 
Tacos del 6
Tornillos del 6
2 cinta aisladora
3 metros de caño de chapa de 7/8
2 reflectores de 10W de luz cálida
Se ocupó de Ferplast 
2 varillas de caño de 25
2 metros de caño de 32
4 codos de 32 
2 reducción de 32 a 25
4 omegas 
8 tacos y tornillos del 10";;;;;;;;;;;;;;;;;;
;;;;;;;;;;;;;;;;;;;;;;;;
16/9/2024;;Mariano Ponce;;;Pablo y Jose ;"6 Instalación boca completa 

MATERIALES ELECTROFRIO 
10 mts de corrugado 3/4
4 caja de chapa 10x5 
60mts de cable 2,5
2 caño rígido de pvc 20mm
2 curva de pvc de 20mm
6 conectores de pvc 20mm
1 cupla de pvc 20mm
2 caja octogonal de pvc
2 toma doble
1 toma simple 
1 llave de punto 
1 balde de arena de 20k
1 balde de cemento de 10k
1 cinta aisladora
*Ocupamos 3 caños y medio de de PVC de 20mm
3 curvas de PVC de 20mm
2 grampas de PVC de 20mm*
Alambre galvanizado";;;;;;;;;;;;;;;;;;
16/9/2024;;Taller (Fabian Caruso);;;Pablo y Jose ;"Se armo estructura para anafe electrico 

MATERIALES ELECTRO
Tabla y pintura";;;;;;;;;;;;;;;;;;
17/9/2024;;Ecomax ;;;Nacho y Pablo ;"Reemplazo de forzador de heladera.
Está faltando reemplazar termostato.";;;;;;;;;;;;;;;;;;
17/9/2024;;Yamila Zona Oeste ;;;Pablo y Jose ;"Trajimos aire ventana al taller para revisar.
Se comenzó a revisar aire";;;;;;;;;;;;;;;;;;
17/9/2024;;Fabian Caruso ;;;Pablo y Jose ;"Colocamos anafe eléctrico 
Ocupamos del taller 
Silicona";;;;;;;;;;;;;;;;;;
18/9/2024;;Taller (Yamila Zona Oeste) ;;;Nacho, Pablo y Jose ;"Soldamos perdida
Carga de refrigerante r410A: 750gr.";;;;;;;;;;;;;;;;;;
18/9/2024;;Javier Boot;;;Pablo y Jose ;Cavamos 20 metros;;;;;;;;;;;;;;;;;;
19/9/2024;;Yamila Zona Oeste ;;;Pablo y Jose ;Llevamos aire ventana y lo colocamos;;;;;;;;;;;;;;;;;;
19/9/2024;;Javier Boot;;;Pablo y Jose ;"Cavamos 10 metros
Colocamos cable sintenax de 4x1.5 (aproximadamente 32 metros)
Conectamos alimentación a cable aéreo
Pusimos 2 bocas y un tablero de 8 bocas.
Colocamos jabalina
Ocupamos del taller 
39 metros de cable sintenax (32 sintenax de cable de 4x1.5mm; 7 metros de cable de 2x4mm)
2 cajas de chapa de 5x10
1 tablero de embutir de 8 bocas
1 tablero de 2 bocas.
2 morcetas para conexión aérea
1 toma doble de embutir 
1 toma para aplicar
1 jabalina+ morceto
2 metros de cable desnudo 
9 metros de cable unipolar de 2.5
3 metros de caño corrugado.
3 Valdes de concreto
10 tornillos";;;;;;;;;;;;;;;;;;
20/9/2024;;Alejandra andrada ;;;Pablo y Jose ;"Instalación de A.A de 6500W
Instalación de ventilador de techo
Revisamos aire de la pieza que hace ruido, notamos que desde el lado de donde va el buje de la turbina es el sumbido.
Colocamos 1 boca de aplicar 
Ocupamos del taller 
3 metros de caño de 5/8
3 metros de caño de 3/8
1 aislante y medio de 5/8
1 aislante y medio de 3/8
1 cinta blanca
25 metros de cable unipolar de 2.5mm
12 metros de cable unipolar de 4mm
6 metros de cable sintenax de 3x4mm
1 térmica bipolar de 20A
24 tornillos del 6
10 tacos de durlok 
8 tacos del 6
1/2 cinta aisladora
3.5 metros de caño corrugado de 7/8
1 varilla y media de cablecanal.
Nacho compro caja de aplicar y toma doble";;;;;;;;;;;;;;;;;;
;;FIN DE SEMANA;;;;;;;;;;;;;;;;;;;;;;
23/9/2024;;Augusto Dalbano;;;Nacho, Pablo y Jose ;"Instalación de aire piso techo
El aire piso techo tenía falla eléctrica. No tenía refrigerante. No tenía restrictor ni tuercas. No sé pudo hacer andar.
Ocupamos del taller 
2 tuercas de 3/4
3 tuercas de 3/8
3 metros de caño de 3/4
3 metros de caño de 3/8
1.5 aislante de 3/4
1.5 aislante de 3/8
1.5 cinta blanca.
1/2 cinta negra.
1 par de ménsulas 
8 tacos y tornillos del 10
8 arandelas
4 codos de cobre de 3/4
1 codo de 3/8
1.5 varilla de plata 
Ocupamos map
1 varilla roscada
8 tuercas y 8 arandelas 
6 metros de manguera cristal
1 restrictor (del aire de Martin)
1 cuplas de 3/4 también ocupamos";;;;;;;;;;;;;;;;;;
24/9/2024;;Boutique del bebe ;;;Pablo y Jose ;"Service de aire piso techo.
Ocupamos del taller
10 precintos";;;;;;;;;;;;;;;;;;
24/9/2024;;Emmanuel Avila (Pata);;;Pablo y Jose ;"Colocamos estructura de PVC (7 centros)
Colocamos 2 cajas de 10x10
Comunicamos 4 centros a la primera caja de 10x10
Comunicamos lo que seria alimentación de la casa a la caja de 10x10
Ocupamos del taller
7 cajas de 10x10
5 caños de PVC de 20mm
7 curvas de PVC de 20mm
5 grampas de PVC de 20mm
Medio rollo de caño corrugado de 3/4
2 cajas de chapa de 10x10";;;;;;;;;;;;;;;;;;
25/9/2024;;Javier Boot ;;;Pablo y Jose ;"Armamos losa (colocamos 10 centros)
Ocupamos del taller 
10 cajas de 7x7 de chapa
3 rollos de caño corrugado de 7/8";;;;;;;;;;;;;;;;;;
25/09/24;;Augusto Dalbano;;;Pablo y Jose ;Desintalamos aire piso techo que no anda;;;;;;;;;;;;;;;;;;
26/9/2024;;javier  mercado;;;Pablo y Jose ;"Desintalamos 2 A.A
Service a 2 A.A
Instalación de 2 A.A
Ocupamos del taller 
18 tacos y tornillos del 6
1 aislante de 1/4 
1 aislante de 1/2
1 cinta blanca
1 cinta aisladora negra";;;;;;;;;;;;;;;;;;
27/9/2024;;Beto Paez Villa union ;;;Nacho, Pablo y Jose ;"Casa de Ramiro 
Instalación de 2 aires de 3mil frigorías.
Nacho hizo parte eléctrica
Ocupamos del taller con José 
3 metros de caño de 3/8
1.5 aislante de 3/8
6 metros de caño de 1/4
3 aislante de 1/4
3 metros de caño de 1/2
1.5 aislante de 1/2
8 tacos y tornillos del 6
3 omegas
2 cintas blancas
6 metros de manguera de cristal
Depto de papá de Ramiro 
José, Nacho y Pablo 
Instalación de aire de 4.5kv me parece
Ocupamos del taller
3 metros de caño de 1/2
1.5 aislante de 1/2
1.5 aislante de 1/4
4 metros de caño corrugado 
20 metros de cable unipolar de 2.5.
Un poco de varilla de plata y map para soldar
3 omegas
1 cinta blanca
6 metros de manguera de cristal 
No sé si Nacho compro 1 varilla de cable canal, ficha Nacho y precintos.
Estaría faltando que coloquen cuantos cables ocuparon los changos";;;;;;;;;;;;;;;;;;
;;FIN DE SEMANA;;;;;;;;;;;;;;;;;;;;;;
30/9/2024;;Rombola Casa ;;;Pablo y Jose ;"Retiramos viejo A.A que no funcionaba.
Instalación de 2 A.A de 6mil fríogorias.
Alimentación de 1 A.A desde el tablero hasta la U.E
Ocuoamos del taller
6 metros de caño de 5/8
6 metros de caño de 3/8
3 aislante de 5/8
3 aislante de 3/8
2 cintas blancas
20 tacos y tornillos del 6
1 cinta aisladora negra 
25 metros de cable unipolar de 2.5
4 metros de caño corrugado 
3 metros de manguera de cristal 
Ocupamos de cromer
7 metros de cable TPR de 3x2.5
1 térmica bipolar de 16A.
1 cinta aisladora";;;;;;;;;;;;;;;;;;
1/10/2024;;Crovara ;;;Pablo y Jose ;"Purgamos bomba de agua.
Purgamos manguera de aspersor.
Revisamos flotante de cisterna";;;;;;;;;;;;;;;;;;
1/10/2024;;Ariana (dpto frente monjas);;;Pablo y Jose ;"Carga de refrigerante r410
No sé cómo Nacho dirá que fue este trabajo.";;;;;;;;;;;;;;;;;;
1/10/2024;;Escuela Gastronomica Mariano Moreno ;;;Pablo y Jose ;"Solución de problema eléctrico.
Separamos circuito de A.A
Ocupamos del taller
6 varillas de cablecanal chico
30 metros de cable unipolar de 2.5
15 tornillos del 6
1/2 cintas aisladora";;;;;;;;;;;;;;;;;;
2/10/2024;;Yamal Alaniz ;;;Pablo y Jose ;"Reinstalación de U.E de A.A.
Reemplazo de térmica de tablero principal.
Ocupamos del taller 
1 par de ménsulas
6 tacos y tornillos del 10 con arandelas
4 bulones con tuercas y arandelas
1 térmica bipolar de 32A.";;;;;;;;;;;;;;;;;;
2/10/2024;;Oscar (amigo papa);;;Nacho, Pablo y Jose ;"Sacamos aire de ventana y llevamos al taller
Reparamos plaqueta del aire.
Hicimos services del aire (falta armarlo)";;;;;;;;;;;;;;;;;;
3/10/2024;;La Boutique del bebe ;;;Pablo y Jose ;"Aislamos caños de U.E de piso techo
Ocupamos del taller 
1/4 cinta blanca
Medio aislantes de 5/8
Medio aislante de 3/8";;;;;;;;;;;;;;;;;;
3/10/2024;;Oscar (amigo papa);;;Pablo y Jose ;Llevamos aire de ventana a domicilio.;;;;;;;;;;;;;;;;;;
3/10/2024;;Elio Morales (Av. Cordoba);;;Pablo y Jose ;"Reemplazo de 3 reflectores de 50W.
Reemplazo de cable de 1 reflector.
Ocupamos del taller
3 metros de cable TPR de 3x2.5
Ocupamos de cromer 
3 reflectores de 50W.
1/2 cinta aisladora";;;;;;;;;;;;;;;;;;
3/10/2024;;Elio Morales (Zona Sur);;;Pablo y Jose ;"Colocamos 1 boca completa de aplicar
Reemplazo de lámpara de alta potencia de 100W en altura.
Reemplazo de artefacto de embutir de 24W.
Ocupamos del taller 
1 caño y medio de PVC de 20mm 
1 conector de PVC de 20mm 
1 curva de PVC de 20mm 
3 grampas de PVC de 20mm 
15 metros de cable unipolar de 2.5
1 lámpara de 100W.
1 ficha Nacho de aplicar de 16A de 220 completa
Ocupamos de cromer 
1 artefacto de embutir de 24W.
15 tacos y tornillos del 6";;;;;;;;;;;;;;;;;;
4/10/2024;;Jorge Diaz Carbel ;;;Pablo y Jose ;"Revisamos aire de despacho de Jorge. Falla la plaqueta. Nacho iba a buscar componente 
Limpieza de 7 par de filtros";;;;;;;;;;;;;;;;;;
4/10/2024;;Emmanuel Avila (PATA);;;pablo y Jose ;"Colocamos 9 media boca (picada y amurada)
Ocupamos del taller 
1 rollo y medio de corrugado de 3/4
9 cajas de chapa de 5x10
1 cuplas de chapa de 3/4
21 grampas de PVC de 20mm
9 tornillos del 6";;;;;;;;;;;;;;;;;;
;;FIN DE SEMANA;;;;;;;;;;;;;;;;;;;;;;
7/10/2024;;Grasi Gas;;;Pablo y Jose ;"Reemplazo de 2 lámparas de 30W
Reemplazo de 1 fotocelula 
Ocupamos de cromer
1 fotocelula 
Las 2 lámparas ya las tenían ellos. Igualmente habíamos sacado 2 y ellos las guardaron.";;;;;;;;;;;;;;;;;;
7/10/2024;;Emmanuel Avila (Pata);;;Pablo y Jose ;"Cableamos 18 bocas
Ocupamos del taller 
Aproximadamente 95 metros de cable unipolar de 1.5
Aproximadamente 75 metros de cable unipolar de 2.5
1.5 cinta negra";;;;;;;;;;;;;;;;;;
7/10/2024;; Micaela Loyola(Casa Padres);;;Pablo y Jose ;"Instalación de A.A
Ocupamos del taller 
3 metros de caño de 1/4
3 metros de caño de 1/2
1.5 aislante de 1/4
1.5 aislante de 1/2
1/2 cinta blanca
4 metros de caño corrugado 
20 metros de cable unipolar de 2.5
1.5 metros de manguera de cristal.
10 tacos y tornillos del 6
3 grampas (1 de chapa y 2 de PVC)";;;;;;;;;;;;;;;;;;
8/10/2024;;Leandro Jorge;;;Pablo y Jose ;Carga de refrigerante R410: 1.10kg.;;;;;;;;;;;;;;;;;;
8/10/2024;;Tonos San Nicolas d.B;;;Pablo y Jose ;"Reemplazo de zapatilla electrica.
Ocupamos del taller 
Zapatilla electrica";;;;;;;;;;;;;;;;;;
8/10/2024;;Fabricio Albornoz ;;;Pablo y Jose ;"Reemplazo de cable paralelo por cable TPR 
Reemplazo de llave de punto para aplicar
Ocupamos del taller 
4 metros de cable TPR de 3x2.5
1.5 metros de cable TPR de 2x1.5
1 llave de punto y toma de aplicar
9 grampas sujeta cable";;;;;;;;;;;;;;;;;;
8/10/2024;;Elio Morales (Zona Sur);;;Pablo y Jose ;"Reemplazo de artefacto de embutir de 24W.
Reemplazo de fuente de tira led.
Ocupamos del taller 
Fuente de tira led.
Ocupamos de cromer
Artefacto de embutir de 24W";;;;;;;;;;;;;;;;;;
9/10/2024;;Hemoterapia ampliacion ;;;Pablo y Jose ;"Buscamos forma de solucionar filtración de agua 
Ocupamos del taller 
50x50 de membrana
Un poco de map
Un poco de silicona
Dejamos puesto un nailon en el techo";;;;;;;;;;;;;;;;;;
9/10/2024;;Jorge Diaz Carbel ;;;Pablo y Jose ;"Colocación de plaqueta universal
MATERIALES: 
Plaqueta universal";;;;;;;;;;;;;;;;;;
9/10/2024;;Taller;;;Pablo y Jose ;Estuvimos ordenando;;;;;;;;;;;;;;;;;;
10/10/2024;;Maxi Molina ;;;Pablo y Jose ;"Colocamos tiras leds
Reemplazo de tramo de cable que alimenta motor de portón
Colección de 1 reflectores de 30W luz fría
Ocupamos del taller 
1.5 tira leds
1 fuente
3 metros de cable sintenax de 3x1.5
10 tornillos de madera
Grampas (Comprados en elcon)
Tacos y tornillos(Comprados en elcon) 
Cinta aisladora(Comprados en elcon)";;;;;;;;;;;;;;;;;;
10/10/2024;;Claudia Carrizo ;;;Pablo y Jose ;"Mejoramos empalmes de aire, asiamos mejor dicho empalme, colocamos tapa ciega y silicona 
Ocupamos del taller 
1 tapa ciega
Un poco de silicona";;;;;;;;;;;;;;;;;;
11/10/2024;;Emmanuel Avila (Pata);;;Pablo y Jose ;"Colocamos 7 portalámparas 
Colocamos 6 tomas dobles
Colocamos 1 llave de 1 punto
Colocamos 1 llave de 3 puntos 
Colocamos 1 bastidor con tapones ciegos 
Ocupamos del taller 
1 llave de 1 punto simple
1 llave de 3 puntos
1 bastidor con tapones ciegos
1.5 metros de cable de 2.5
3.5 metros de cable de 1.5
7 portalámparas 
7 florones 
Un poco de alambre galvanizado
3 lámparas leds de 10W
Reply:
	Los 6 tomas de pata lo sacamos de cromer";;;;;;;;;;;;;;;;;;
11/10/2024;;Javier Boot ;;;Pablo y Jose ;"Colocamos flotante eléctrico de 5metros.
Colocamos guardamotor
Ocupamos del taller
Flotante eléctrico de 5 metros
Guardamotor de 6-10A";;;;;;;;;;;;;;;;;;
;;FIN DE SEMANA;;;;;;;;;;;;;;;;;;;;;;
14/10/2024;;Francisco ( negocio frente parque juventud);;;Pablo ;"Alimentación de aire piso techo de 18mil
Ocupé del taller 
19 metros de cable sintenax de 5x4
16 media Omega de 5/8
4 Omega de 3/4";;;;;;;;;;;;;;;;;;
14/10/2024;;Micaela Loyola (Padres);;;Pablo ;"Alimentación de 2 A.A, de una misma linea.
Ocupamos del taller 
10 metros de cable tpr de 3x2.5.
5.5 metros de cable sintenax de 4x2.5
3.5 metros de cable sintenax de 3x4
1 térmica uniolar de de 15A
1 tapa ciega de chapa de 10x10
7.5 metros de cable unipolar de 2.5
2 precintos
3/4 de cinta aisladora";;;;;;;;;;;;;;;;;;
15/10/2024;;Javier Boot ;;;Pablo ;"Colocación de 4 media boca en loza con gancho con tuerca para ventilador
Ocupé del taller 
4 cajas de chapa de 7x7
4 ganchos con tuerca para ventilador
1/2 rollo de caño corrugado de 7/8";;;;;;;;;;;;;;;;;;
15/10/2024;;Taller (Aire Martin);;;Nacho y Pablo ;"Service de U.E de aire piso techo 
Carga de refrigerante reemplazo de r22: 1850 aproximadamente.
Reemplazo de oring de ambos robinetes de la U.E
Reemplazo de obu de válvulas de servicio de la U.E
Ocupamos del taller 
2 Orings de 3/8 
2 orings de 5/8
2 obu
Refrigerante";;;;;;;;;;;;;;;;;;
16/10/2024;;Taller (Aire Martin);;;Nacho y Pablo ;Hicimos andar aire piso techo (de Martin);;;;;;;;;;;;;;;;;;
16/10/2024;;Nicola Del Rosso ;;;Nacho y Pablo ;Trajimos aire ventana y le hicimos service. Solo que falla el compresor. Nacho va a hablar con Nico para la reparación.;;;;;;;;;;;;;;;;;;
16/10/2024;;Eco Max;;;Nacho y Pablo ;Visita para revisar la cámara frigorífico, está fallando compresor;;;;;;;;;;;;;;;;;;
17/10/2024;;Miguel Carniceria ;;;Pablo ;"Modifique cable de alimentación de A.A(lo deje prolijo) y coloque toma para A.A
Ocupé del taller 
10 grampas del n°10
1 toma de 20A de aplicar exult
4 tacos y tornillos del 6";;;;;;;;;;;;;;;;;;
17/10/2024;;Grasi Gas ;;;Pablo ;"Solución de problema eléctrico (saltaba disyuntor cuando encendían luces exteriores, les pasaba en 2 lugares)
Faltaría reemplazar 2 reflectores grandes, mayor a 100W";;;;;;;;;;;;;;;;;;
18/10/2024;;Leandro Jorge ;;;Nacho y Pablo ;"Aire galería 
Service de U.I de A.A
Instalación de A.A
Ocupamos del taller 
1.5 metros de caño de 1/2
1 aislante de 1/2
1 cinta blanca
1 metro de cable tpr de 3x2.5
Cinta aisladora
Aire living
Carga de refrigerante reemplazo de R22: 860gramos 
Ocupamos del taller 
Refrigerante 
1 aislante de 1/2
1 aislante de 1/4
1/2 cinta blanca 
Cinta aisladora
Reply:
	ocupamos 14 tacos y tornillos del 6 y 4 media Omega de chapa";;;;;;;;;;;;;;;;;;
;;FIN DE SEMANA;;;;;;;;;;;;;;;;;;;;;;
21/10/2024;;Nicolas Del Rosso;;;Nacho, Pablo y Leandro ;"Reemplazo de compresor
Carga de refrigerante reemplazo de r22: aproximadamente 1460kg.
Se ocupó del taller 
Refrigerante";;;;;;;;;;;;;;;;;;
21/10/2024;;Firestone Elio Morales (Frente Brigido);;;Pablo y Leandro ;"Service de U.I de A.A en su oficina.
Control de U.E de A.A de la entrada del local (faltaría cambiar contactor y capacitor de 50UF)
Se ocupó 1 tornillos del 6 y alambre";;;;;;;;;;;;;;;;;;
21/10/2024;;Fabian Luna ;;;Pablo y Leandro ;"Reemplazo de capacitor de 25UF
Revisamos empalmes en el cable de alimentación 
Ocupamos del taller 
Capacitor de 25 auG";;;;;;;;;;;;;;;;;;
22/10/2024;;Firestone Elio Morales (Frente Brigido);;;Pablo y Leandro ;"Reemplazo de contactor
Reemplazo de capacitor de 50UF
Ocuoamos del taller 
Contactor de 220 Marca sica
Capacitor de 50UF";;;;;;;;;;;;;;;;;;
22/10/2024;;Nicolas Del Rosso;;;Pablo y Leandro ;"Colocamos aire ventana (oficina de Nicolás)
Service de aire ventana (oficina al lado de la de Nicolás)
Desinstalación de Aire split
Service de aire split
Colocación de aire split
Carga de refrigerante de aire split: reemplazo de R22, aproximadamente 1kg
Ocupamos del taller
2 bulones 
10 tacos de durlok y tornillos del 6
1 pico de desagote de aire ventana
Media aislante de 1.2
Media cinta blanca
Refrigerante";;;;;;;;;;;;;;;;;;
23/10/2024;;Nicolas Del Rosso;;;Pablo y Leandro ;"Carga de refrigerante aire Samsung, aproximadamente 1kg del reemplazo de R22
Ocupamos del taller 
Refrigerante 
1/2 cinta blanca";;;;;;;;;;;;;;;;;;
23/10/2024;;Ezequiel Barrera ;;;Pablo y Leandro ;"Carga de refrigerante R410A (A.A Hitachi)
Service de U.I de A.A (A.A otra marca) al final fue desinstalación de U.I y luego la instalación de la U.I de nuevo.
Ocupamos del taller 
1 cinta blanca
1 aislante de 5/8
1 aislante de 1/4
10 cm de caño de 5/8
20 cm de caño de 3/8
30 cm de manguera de cristal 
Cinta aisladora negra 
Un poco de varilla de plata y map para soldar 
2 precintos";;;;;;;;;;;;;;;;;;
24/10/2024;;Nicolas Del Rosso;;;Pablo y Leandro ;"Revisamos aire ventana que hacia ruido. quedó sin el ruido que hacía de chapa con chapa.
Ocupamos del taller:
10 tornillos T1";;;;;;;;;;;;;;;;;;
24/10/2024;;Fabian Caruso (Madre);;;Pablo y Leandro ;"Reemplazo de fotocelula
Reemplazo de reflector
Eso sacamos de cromer";;;;;;;;;;;;;;;;;;
24/10/2024;;Crovara ;;;Pablo y Leandro ;"Revisamos funcionamiento de bomba. 
Reemplazo de flotante eléctrico de 1.5m.
Modificamos conexión electrica de la bomba y el flotante.
Ocupamos del taller
Flotante eléctrico de 1.5
20cm de Termocontraible de 13mm.
Cinta aisladora";;;;;;;;;;;;;;;;;;
24/10/2024;;Daniel Karam ;;;Pablo y Leandro ;Buscamos A.A para hacer services y revisar vibración de turbina de U.I;;;;;;;;;;;;;;;;;;
25/10/2024;;Daniel Karam ;;;Pablo y Leandro ;"Sevices de A.A
Reemplazo de capacitor de 60Uf de U.E
Reemplazo de capacitor de 6UF de U.E
Solución de problema de vibración de turbina
Ocupamos del taller 
Capacitores.
Trabitas de aluminio para la turbina.
Trabitas de cobre para la turbina.";;;;;;;;;;;;;;;;;;
25/10/24;;Emmanuel Avila (Pata);;;Pablo y Leandro ;"Colocación de 3 ventiladores de techo
Colocación de 4 canasta para portalámparas.
Ocupamos del taller
3 pitón
10 tornillos del 6
6 tacos del 6";;;;;;;;;;;;;;;;;;
;;FIN DE SEMANA;;;;;;;;;;;;;;;;;;;;;;
28/10/2024;;Javier Boot ;;;Martin y Yamil ;"Limpiamos cajas (centro)
Picamos y embutimos tablero 28 bocas.
Picamos embutimos caja 20 x 20 que comunica el techo y luces exteriores al tablero.
Picamos y comunicamos y embutimos caños de los centros.
Picamos cenefa (medio quincho) para luces exteriores...
Javier but";;;;;;;;;;;;;;;;;;
28/10/2024;;Patricia De Luca (Casa);;;Pablo y Leandro ;"Solución de problema eléctrico (disyuntor saltaba con luces exteriores)
Reemplazo de 3 dicroicas
Reemplazo de 1 artefacto de 6W de aplicar cuadrado
Sacamos de cromer el artefacto y las dicroicas";;;;;;;;;;;;;;;;;;
28/10/2024;;Karina Ovejero ;;;Pablo y Leandro ;"Solución de problema con luces de la fachada (retorno cortado).
Revisamos conexión artefacto de antebaño.
Revisamos conexión de tomas de cocina.
Colocamos cinta y aislante a caño de sunchos de A.A
Colocamos silicona en cajas dónde hay cables eléctricos.
Colocamos tapa ciega
Reemplazo de bastidor, tapa y modulo de toma simple, modelo platinum
Ocupamos del taller 
2 metros de cable unipolar de 1.5.
1 bastidor.
1 módulo de toma simple platinum
1 tapa de bastidor platinum 
1 tapa ciega de 5x10";;;;;;;;;;;;;;;;;;
29/10/2024;;Javier Boot ;;;Martin y Yamil;"picado y embutido de luces exteriores a la vuelta de la casa, falta media pared que tienen que terminar los plomeros. (8 media bocas) 
Picado y embutido caja 10x10 cenefa.
Embutdo de caños de caja de 20x20 a tablero...";;;;;;;;;;;;;;;;;;
29/10/2024;;Punta de los LLanos ;;;Nacho, Pablo y Leandro;"Instalamos 3 A.A de 4500frigotias.
Dejamos colocada 2 U.I de otros A.A.";;;;;;;;;;;;;;;;;;
30/10/2024;;Punta de los LLanos ;;;Nacho, Pablo, Martin y Yamil ;"8 media instalación de A.A de 4.500 frigorías.
2 intalación completa de A.A de 4.500 frigorías";;;;;;;;;;;;;;;;;;
31/10/2024;;Vato Herrera ;;;Pablo, Martin y Yamil ;"Limpiamos cajitas y centros
Controlamos línea eléctrica de todo el lugar(interior-exterior)
Picamos y embutimos 6 cajas 5x10 y una caja octogonal 7x7 en el baño 
Armamos y conectamos 15 toma doble";;;;;;;;;;;;;;;;;;
1/11/2024;;Vato Herrera ;;;Martin Yamil;"Picamos y comunicamos ñas cajas de las luces exteriores.
2 octonales embutidas
3 bocas de 5x 10 (picado embutido cableado y atornilladas) 
2 cajas exteriores 5x10 (picado embutido) 
Cableado y armado de 6 cajas de tomas dobles
Limpieza de obra";;;;;;;;;;;;;;;;;;
1/11/2024;;Punta de los LLanos ;;;Nacho, Pablo y Leandro;"6 media instalación
3 instalación completa
Está faltando revisar un A.A que no quedaba bien el vacío. 
Ocupamos del taller:
Map y 1/2 varilla de plata";;;;;;;;;;;;;;;;;;
;;FIN DE SEMANA;;;;;;;;;;;;;;;;;;;;;;
4/11/2024;;Vato Herrera ;;;Martin y Yamil;"8 media boca cableados (luces exteriores)
Q media boca 20x20 
Embutido de corrugados (baño)
Entrada y salida del tablero comunicada 
4 media boca 5x10";;;;;;;;;;;;;;;;;;
4/11/2024;;Maxi Molina ;;;Pablo y Leandro ;Soldamos tira de LED suelta.;;;;;;;;;;;;;;;;;;
4/11/2024;;Mariano Ponce ;;;Pablo y Leandro ;"Reemplazo de 2 artefactos de aplicar.
Cableamos 1 boca.
Colocamos reflector de 10W de luz fría.
Ocupamos del taller 
3.5 metros de cable de 2.5
Ocupamos de cromer 
1 artefacto de 10W
1 tapa ciega de chapa de 7x7 
6 tornillos t1
Los artefactos lo tenía Mariano Ponce.
Programamos control universal.";;;;;;;;;;;;;;;;;;
4/11/2024;;Ricardo Coll;;;Pablo y Leandro ;"Revisamos aire que se instaló hace poco y tenía perdida.
Le cargamos r410 aproximadamente 700gramos";;;;;;;;;;;;;;;;;;
5/11/2024;;Grasi Gas;;;Pablo y Leandro ;"Colocación de 2 reflectores de 150W.
Reemplazo de lámpara en planchada.
Ocupamos del taller
2 Reflector de 150W.
4 tornillos T1
Cinta aisladora
1 adaptador rosca Goliat (compramos";;;;;;;;;;;;;;;;;;
5/11/2024;;Tony Santellan ;;;Pablo y Leandro ;Service de aire portátil;;;;;;;;;;;;;;;;;;
5/11/2024;;Javier Boot ;;;Pablo, Leandro, Martin y Yamil ;"Ayudamos a Tincho y carita a picar un poco
Cavamos sanja: 10 metros a 60cm aproximadamente.
Estarían faltando 6 metros más";;;;;;;;;;;;;;;;;;
5/11/2024;;Javier Boot ;;;Martin y Yamil;"18 media boca, 16 cableadas
1 media boca 20x20";;;;;;;;;;;;;;;;;;
6/11/2024;;Vato Herrera ;;;Martin y Yamil;"9media boca 5x10
1 gabinete embutido + termica trifasica... lista para que hagan la bajada los de edelar
2 tomas exteriores
Picada a la vuelta para luces exteriores...
Falta 1 caja octogonal 7x7 y cable 1.5 para retornos y definir distribución de luces interiores...";;;;;;;;;;;;;;;;;;
6/11/2024;;Jose Carrizo;;;Pablo;"Instalación de A.A.
Colocación de ventilador de techo.
Está faltando la parte eléctrica de A.A
Está faltando cablear un retorno más para separar ventilador y luz.
Ocupé del taller 
3 metros de caño de 1/2
3 metros de caño de 1/4
1.5 de aislante de 1/2
1.5 de aislante de 1/4
4 metros de cable TPR de 5x2.5
3 metros de manguera de cristal
1 cinta blanca
10 tacos y tornillos del 6
2 metros de cable unipolar de 1.5";;;;;;;;;;;;;;;;;;
6/11/2024;;Andrea Vergara Rojas ;;;Nacho, Pablo, Martin y Yamil;"Media Instalación de A.A de 6mil
Ocupamos del taller 
4 metros de caño de 5/8
4 metros de caño de 3/8
2 aislante de 5/8
2 aislante de 3/8
2 cintas blancas
5 metros de manguera de cristal 
6 tacos y tornillos del 6
5 metros de cable TPR de 4x2.5";;;;;;;;;;;;;;;;;;
7/11/2024;;Obra Arq. Ruth;;;Pablo y Leandro ;Comenzamos a picar caños de A.A que comunican piso a piso;;;;;;;;;;;;;;;;;;
7/11/2024;;Rombola ;;;Pablo ;Control de medidor. No tenía los fusibles. Deben llamar a edelar.;;;;;;;;;;;;;;;;;;
7/11/2024;;Vato Herrera ;;;Pablo, Leandro, Martin y Yamil ;"Cavamos zanja 
12 medias bocas (2 embutidas y 10 cableadas)";;;;;;;;;;;;;;;;;;
8/11/2024;;Vato Herrera ;;;Martin y Yamil;;;;;;;;;;;;;;;;;;;
08/11/24;;Obra Arq. Ruth;;;Pablo y Leandro ;"Continuamos picando los caños de A.A.
Faltaría picar una viga y picar dedagotes de los A.A";;;;;;;;;;;;;;;;;;
8/11/2024;;Jose Carrizo;;;Pablo y Leandro ;"Realizamos alimentación de 2 A.A.
Colocamos tablero de aplicar.
Cableamos retorno de ventilador.
Reemplazo de 1 toma doble.
Reemplazo de 1 llave de 2 punto y toma.
Colocamos reflector de 10W.
Ocupamos de cromer 
1 reflector de 10W
10 tacos y tornillos del 6
6 tornillos t1
20 metros de 3x4mm
1 tapa ciega de chapa de 7x7
Ocupamos del taller 
1 toma doble
1 térmica bipolar de 20A jeluz
2 gramos sujetacable de 10mm";;;;;;;;;;;;;;;;;;
;;FIN DE SEMANA;;;;;;;;;;;;;;;;;;;;;;
11/11/2024;;Academia Fabian Moon ;;;Martin y Yamil ;desinstalacion de AA piso techo + desisntalacion de llave termica + desinstalacion de cartel grande. (Nos dieron una mano leandro y pablito);;;;;;;;;;;;;;;;;;
11/11/2024;;Javier Boot;;;Martin y Yamil ;"3 1/4 BOCA LIVING AL LADO ASADOR 
1/4 BOCA PUNTO ASADOR 
1/4 BOCA LUZ ASADOR 
6 1/2 BOCA LIVING (TV LUZ TOMA Y VENTILADOR)
1/2 BOCA BAÑO
1/2 LUZ LAVADERO";;;;;;;;;;;;;;;;;;
11/11/2024;;Alexis Sosa;;;Ignacio, Pablo y Leandro ;"Instalación de aire piso techo.
Ocupamos del taller 
9 metros de caño de 3/4
9 metros de caño de 3/8
4 aislante y medio de 3/4
4 aislante y medio de 3/8
2 cintas blancas
8 tuercas 
8 arandelas
2 varillas de plata 
Ocupamos Map soldar 
2 metros de cable tpr de 5x2.5
1 cinta y media aisladora negra
Manguera y espiga para desagote de aire";;;;;;;;;;;;;;;;;;
12/11/2024;;Fabian Caruso ;;;Martin y Yamil ;"Desintalacion de 6 artefactos de luces de la pileta 
Instalación de 6 artefactos nuevos de luces en la pileta
Cableado nuevo en las 6 bocas que alimentan la pileta
Instalación de fuente para las luces Led de la pileta + controlador de rgv";;;;;;;;;;;;;;;;;;
12/11/2024;;Rombola ;;;Pablo y Leandro;"Solución de problema eléctrico.
Colocación de 2 artefactos de 12W cuadrados para embutir de luz cálida.
Reemplazo de 2 portalámparas para pared.
Reemplazo de 4 lámparas.
Reemplazo de 1 dimeer.
Programación de 2 reloj digital.
Modificación de conexion eléctrica de 1 luz exterior.
Encintamos salida de caño de A.A
Ocupamos del taller 
1/2 cinta blanca.
Sacamos de comer
2 artefactos de 12W
2 portalámparas de pared.
4 lámparas 
1 dimer";;;;;;;;;;;;;;;;;;
12/11/2024;;Vato Herrera ;;;Martin y Yamil ;"1/2 BOCA FRENTE CASA (CABLEADO + TOMA EXTERIOR)
1/2 BOCA FRENTE CASA (CABLEADO + TOMA EXTERIOR)
7 (1/4) BOCA CABLEADA LUCES EXTERIORES 
7 (1/4) BOCA CABLEADO LAVADERO 
2 INST TOMA DOBLE HABITACION 
2 (1/4) BOCA HABITACION";;;;;;;;;;;;;;;;;;
12/11/2024;;Javier Seewald;;;Ignacio, Pablo y Leandro ;Media instalación de aire piso techo;;;;;;;;;;;;;;;;;;
13/11/2024;;vato herrera ;;;Martin y Yamil ;"PASE Y CONEXION TABLERO/HABITACION
Pase de habitación a caja 10x10 atrás del lavadero para alimentación de la casa
2 media boca cajas 10x10 alimentación de la casa (techo)
3 cuartos de bocas (cableado luces exteriores frente) + picada caja de 20x20 hasta el techo a caja de 10x10
1 media boca más en el frente para la entrada de tv y chicote para futura ampliación";;;;;;;;;;;;;;;;;;
13/11/2024;;Javier Seewald;;;Pablo y Leandro;"Soldamos caños para comunicar ambas unidades.
Ocupamos del taller
2 codos de cobre de 3/4
2 varillas de plata
Reemplazo de Orings de ambos robinetes
1 metro y medio de caño de 3/4
1 metro y medio de caño de 3/8
1 aislante de 3/4
1 aislar de 3/8
7 metros de manguera de cristal 
3 media Omega.
7 metros de cable TPR de 5x2.5
3 metros de cable TPR de 5x1.5
1 cinta blanca
1 orificio calibrado
1 par de ménsulas
1 soporte para colgar el aire piso techo
1/2 varilla de cablecanal de 30x12";;;;;;;;;;;;;;;;;;
14/11/2024;;Javier Seewald;;;Pablo y Leandro;"Terminamos de instalar el aire piso techo
Cargamos refrigerante R22 al aire piso techo: aproximadamente 3.5kg.
Colocamos 15 bocas sobre superficie: la armamos, la cableamos y armamos tomas dobles.
Ocupamos de cromer 
8 cablecanal de 10x20
50 tacos y tornillos del 6
Ocupamos del taller 
10 cajas para aplicar 
10 tomas dobles
5 tomas simples de superficie
15 tornillos para madera
2 cintas aisladoras de 5metros
Reply:
	agregar 48 metros de cable de 2.5
1 térmica tetrapolar de 20A
1 una base para 3 tomas
1 varilla de piso canal (chico)
Un poco de silicona";;;;;;;;;;;;;;;;;;
14/11/2024;;Freddo ;;;Ignacio, Pablo y Leandro ;Revisamos aire piso techo viejo, anulamos su alimentación;;;;;;;;;;;;;;;;;;
14/11/2024;;Vato Herrera ;;;Martin y Yamil ;"4 media boca de 10x10
1 media boca 20x20 
6 media boca 5x10 
Pases y comunicación para alimentación eléctrica de la casa...
2 picada para caños pvc y desaguebpara instalación de AA (nos falta picar un solo desagüe mas)
Limpieza gral de obra...
No quedaron herramientas ni materiales en la obra...";;;;;;;;;;;;;;;;;;
14/11/2024;;Jorge Diaz Carbel ;;;Martin y Yamil ;Revision de plaqueta;;;;;;;;;;;;;;;;;;
15/11/2024;;Ruth OBRA;;;Martin y Yamil, Leandro y pablo;;;;;;;;;;;;;;;;;;;
;;FIN DE SEMANA;;;;;;;;;;;;;;;;;;;;;;
18/11/2024;;Vato Herrera ;;;Pablo, Leandro y Martin ;"1AA (living) picado y caños pvc 63"" y desagüe embutidos.
Picado para AA dormitorios...
1 cajas de inspección con caños pvc 63""";;;;;;;;;;;;;;;;;;
18/11/2024;;Fabian Moon ;;;Pablo y Leandro ;"Service de Aire piso techo.
Dejamos el aire en la casa del cliente";;;;;;;;;;;;;;;;;;
19/11/2024;;Vato Herrera ;;;Pablo, Leandro, Martin  y Yamil;"2 media boca 10x10 entrada + zanja para caño corrugado de 1 1/4"""" para alimentar paredones de la entrada (zanja tapada)
4 cajas de inspección + tapas parcial de zanja...
Reply:
	1/2 rollo de caño corrugado de 1 y 1/4
3 codos de 45 de 25mm.
2 cuplas de 1 y 1/14
2 cajas de chapa de 10x10
Nacho compro 1 caño de 25mm";;;;;;;;;;;;;;;;;;
20/11/2024;;Vato Herrera ;;;Martin y Yamil ;"Llenamos la mitad de la zanja qué faltaba y elevamos el nivel de 4 cajas de inspeccion.
Embutimos caños de 1.1/4"""" que van desde el gabinete de la entrada (atrás del medidor)
hasta la primer caja de inspección.
Terminamos los 2 AA restantes...
Huecos en durlock para luces (habitacion de adelante completa) y carita si me olvide de algo sumalo x fa...";;;;;;;;;;;;;;;;;;
20/11/2024;;Mauricio Moran ;;;Pablo y Leandro ;"Instalación de A.A.
Ocupamos del taller
8 tacos y tornillos del 6
1/2 metro de manguera de cristal 1/2 cinta blanca
2 cinta aisladora negras .
50 cm de caño de 1/4
30 cm de caño de 1/2
1/2 aislante de 1/4
1/2 aislante de 1/2
Map y 1/2 varilla de plata
Reply:
	42 metros de cable unipolar de 2.5";;;;;;;;;;;;;;;;;;
20/11/2024;;Facundo Pocho (Obra Della Barca) TALLER ;;;Pablo y Leandro ;Comenzamos a armar gabinetes;;;;;;;;;;;;;;;;;;
21/11/2024;;Vato Herrera ;;;Martin y Yamil ;"Alimentación subterránea (desde el gabinete a caja 20x20).
3 medio punto
Medicion y corte en durlock para luces del techo de la casa...
Cableado subterráneo + pasada de 1 retorno más en la entrada de la casa.";;;;;;;;;;;;;;;;;;
21/11/2024;;Facundo Pocho (Obra Della Barca) TALLER ;;;Pablo y Leandro ;Armado de 2 gabinetes grandes;;;;;;;;;;;;;;;;;;
22/11/2024;;Vato Herrera ;;;Martin y Yamil ;"Cableado desde la 5ta cámara de inspección hasta el tablero interior (desde caja 20x20, 3 cajas de paso 10x10 hasta el tablero con cable 4x6)
8 1/2 boca cableado y conexión de dicroicas pieza del fondo 
2 Media boca:cableado y conexión de dicroica (del punto al centro del pasillo) 
1 media boca baño (cableado y conexión de artefacto eléctrico)
8 media boca pieza del frente (cableado y conexión de artefacto de luz dicroica)
9 media boca cableado y conexión de dicroicas en living 
18 1/4 de boca (marcadas y con corte en durlock lista para aplicar en living) islas del living...
Reply:
	3 media boca (cableado + conexión de aplique de 3 puntos, 2 en el living y 1 en pasillo)
Reply:
	40 mts tpr y 1 tetrapolar 40A";;;;;;;;;;;;;;;;;;
22/11/2024;;Facundo Pocho (Obra Della Barca) TALLER ;;;Pablo y Leandro ;Armado de 2 gabinetes grandes;;;;;;;;;;;;;;;;;;
23/11/2024;;Facundo Pocho (Obra Della Barca) TALLER ;;;Pablo y Leandro ;"Armado de 2 gabinetes grandes
Reply:
	Para este trabajo se ocupó de cable aproximadamente:
De cromer:
60 metros de cable 6mm celeste 
60 metros de cable 6mm marrón 
60 metros de cable 6mm negro 
30 metros de cable 6mm rojo 
3 metros de cable de 10mm marron
Del taller:
30 metros de cable 6mm rojo 
Casi media bobina de cable celeste (era una que ya estaba usada)
Tornillos T1 
Cable canal organizador 
3 metros de cable de 10mm rojo
3 metros de cable de 10mm celeste
3 metros de cable 10mm negro";;;;;;;;;;;;;;;;;;
;;FIN DE SEMANA;;;;;;;;;;;;;;;;;;;;;;
25/11/2024;;Tonos 3  (frente 9 de julio);;;Pablo y Leandro ;"Limpieza de filtros de 2 aires piso techo.
Solucionamos problemas de fuga de agua de bomba de 1 aire piso techo
Controlamos presiones y recalentamiento de A.A de oficina (turbina, filtros y evaporador limpio) compresor arrancaba. La presión era de 120 psi en R410 y el recalentamiento variaba entre 8.5 a 6.0
Ocupamos fastix para sellar pérdidas de agua";;;;;;;;;;;;;;;;;;
25/11/2024;;Vato Herrera;;;Martin y Yamil ;"6 media boca 
16 artefactos 
Armado de tablero trifasico (1 disyuntor 1 tetrapolar 10 bipolares) 
Puesta a tierra 
1 receptáculo (baño) 
19 tapad ciegas 7x7 octogonales
4 tapas ciegas 10x10";;;;;;;;;;;;;;;;;;
25/11/2024;;Francisco Cliente ;;;Pablo y Leandro ;"Revisamos este equipo.

OBSERVACION: Para el aire:
Service de ambas unidades
Reemplazo de capacitor de 60UF
Reemplazo de capacitor de 4UF
Reemplazo de capacitor de 20Uf
Forzador faltan cambiar rulemanes o buje.
Forzador tiene perdida:37V
Compresor tiene perdida:88V
Faltan aislates en caños y cinta blanca";;;;;;;;;;;;;;;;;;
25/11/2024;;Sergio Saad;;;Pablo y Leandro ;Desintalacion forzador aire acondicionado;;;;;;;;;;;;;;;;;;
25/11/2024;;Mario Rojas ;;;Pablo y Leandro ;Revision Aire inverter;;;;;;;;;;;;;;;;;;
26/11/24;;Andrea Vergara Rojas ;;;Pablo y Leandro ;1/2 Instalacion aire acondicionado;;;;;;;;;;;;;;;;;;
26/11/2024;;Obra Arq. Ruth ;;;Pablo y Leandro ;Picamos desagotes de 3 aires;;;;;;;;;;;;;;;;;;
26/11/2024;;Vato Herrera;;;Martin y Yamil ;"7 artefactos luces exteriores...
1 artefacto lavadero...
5 tapas ciegas...";;;;;;;;;;;;;;;;;;
26/11/2024;;Casa Patio Vato Herrera ;;;Martin y Yamil ;"Desintalacion 2 reflectores.
Sacamos caja termica de 6 bocas por otra de 12 bocas.
4 bocas de luz para artefacto (farola)
Instalación de artefacto (falta fotocelula) 
Vidros ancho 11,5 arriba...ancho 7,5 abajo 30,5 largo.
Arriba, ancho abajo 10,5 
Largo 12
Falta embutir una caja termica...";;;;;;;;;;;;;;;;;;
27/11/2024;;Obra Arq. Ruth ;;;Pablo y Leandro ;"Picamos y embutimos todos los desagotes de A.A (8 desagotes en total)
Ocupamos:
4 caño gris de 25
6 codo de 45
3 cuplas de 25 
Pegamento";;;;;;;;;;;;;;;;;;
27/11/2024;;Abuelo Vato Herrera ;;;Martin y Yamil ;"Cambio de gabinete térmico
Armado de tablero (termica de 40, termica de 16, 1punto, 2 tomas) más comunicación de cámara 
2 morcetas para alimentación";;;;;;;;;;;;;;;;;;
27/11/2024;;Javier Boot ;;;Martin y Yamil ;Loza completa;;;;;;;;;;;;;;;;;;
28/11/2024;;Javier Boot ;;;Martin y Yamil ;"20 MEDIA BOCA
CONTROL LOZA";;;;;;;;;;;;;;;;;;
28/11/2024;;Martin Arias ;;;Pablo y Leandro ;"Desinstalación de A.A de9.5KW
Desinstalación de 2 aires ventana de 6KW + tapado de lo huecos 
Desinstalación de 6 reflectores 
Desinstalación de 5 luces de emergencia
Desinstalación de 2 farolas 

MATERIALES ELECTROFRIO 
1/2 Bolsa de cemento 
2.5 Balde de arena( balde de 20lts)
30 Ladrillos";;;;;;;;;;;;;;;;;;
29/11/2024;;Javier Boot ;;;Martin y Yamil ;31 media boca;;;;;;;;;;;;;;;;;;
29/11/2024;;Catamarca;;;Nacho, Pablo y leandro;;;;;;;;;;;;;;;;;;;
29/11/2024;;Rodrigo del carril ;;;Nacho, Pablo y leandro;Instalacion aire;;;;;;;;;;;;;;;;;;
;;FIN DE SEMANA;;;;;;;;;;;;;;;;;;;;;;
2/12/2024;;Javier Boot;;;Martin y Yamil;"9 MEDIA BOCA
CAVADO ZANJA";;;;;;;;;;;;;;;;;;
2/12/2024;;Juan Answers;;;Pablo y Leandro;"1 Service de U.I aire piso techo
1/2 Instalacion aire piso techo 
1 Carga de refrigerante r22 piso techo  400gr";;;;;;;;;;;;;;;;;;
3/12/2024;;Javier Boot;;;Martin y Yamil;"2.5 Instalacion caja de inspeccion 
tapado con cemento y tierra del primer tramo";;;;;;;;;;;;;;;;;;
3/12/2024;;Gonzalo Quijano;;;Pablo y Leandro;"1 Desinstalación de A.A 
1 Modificacion altura de caños de sunchos y desagote 

materiales electrofrio:
40cm caño de chapa 
20cm caño gris de 25mm
1 curva de 45° caño gris 
1 cinta aisladora negra 5m
1 reduccion 3/4 a 1/2 para caño negro 
sella rosca 
4 balde concreto";;;;;;;;;;;;;;;;;;
3/12/2024;;Sergio Saad;;;Pablo y Leandro;"Instalacion forzador aire de ductos 

materiales electrofrio:
1/2 cinta aisladora negra 5m
1m aislante de 1/2";;;;;;;;;;;;;;;;;;
4/12/2024;;Javier Boot;;;Martin y Yamil;"Solucion problema con caja de inspeccion 
1 instalacion caja 20x20
tapado con cemento y tierra lo que faltaba 
chicotes de la caja para alimentacion del futuro tablero una vez que hagan la bajada de luz 
y para tablero electrico para la bomba";;;;;;;;;;;;;;;;;;
4/12/2024;;Vato Herrera;;;Martin y Yamil;Revision electrica;;;;;;;;;;;;;;;;;;
4/12/2024;;Gustavo Gusman;;;Pablo y Leandro;;;;;;;;;;;;;;;;;;;
5/12/2024;;Alejandra Carreño ;;;Martin y Yamil;"GASTOS:
4MTS manguera $1500
12 tornillos con tacos $149.99
1 omega grande $590

TOTAL: $8390
Reply:
	REALIZARON:

1 Service a.a  + colocacion manguera cristal con grampas 
nivelacion de ventilador de techo


utilizaron en total: 
4mts manguera
3 grampas 
3 taco y tornillo del 6
1/2 cinta blanca";;;;;;;;;;;;;;;;;;
5/12/2024;;Javier Boot;;;Martin y Yamil;"7 media boca (isla)
1 media boca (baño)
1 media boca entrada para tablero de la bomba";;;;;;;;;;;;;;;;;;
5/12/2024;;Gonzalo Sosa;;;Pablo y Leandro;"Desinstalacion A.A DE 2500
Instalacion de A.A DE 3000

MATERIALES ELECTROFRIO:

3 mts caño 1/2
3mts caño 1/4
1.5 aislante 1/2
1.5 aislante 1/4
1 cinta blanca 
1/2 cinta aisladora negra 
4 mts cable tpr de 5x1.5
4 tacos y tornillos del 6";;;;;;;;;;;;;;;;;;
5/12/2024;;Vato Herrera;;;Pablo y Leandro;"1 Instalacion a.a 5mil
1 Instalacion a.a 3mil
1 alimentacion de 2 A.A 


Materiales electrofrio:
8 tacos y tornillos del 6
4 mts caño de 3/8
4mts caño de 1/4
2 aislante de 3/8
2 aislante de 1/4
2 cinta blanca con pega 
1 cinta aisladora negra 
3mts cable tpr de 5x1.5
23 cable tpr de 3x2.5";;;;;;;;;;;;;;;;;;
6/12/2024;;Javier Boot;;;Martin y Yamil;"Cambio de termica a la mañana... a la tarde corrimos el tablero a donde van las bombas... usamos 1 termica de 32A, 27 metros de cable unipolar 2,5 marrón y 27 metros de cable unipolar 2,5 negro, 22 metros de tpr 2x4, 5 metros de tpr 2x2,5, 1 cinta aisladora y 2 morcetas, 4 tornilos y tacos del 6...
Fuimos a ver un aire al local frente a casa pity (no le se el nombre a la doñita) falta la turbina de la UI qué llega el jueves a mauch.";;;;;;;;;;;;;;;;;;
6/12/2024;;Gustavo Gusman;;;Pablo y Leandro;"Alimentación de tablero de aires piso techo.
Ocupamos
4 metros de cable de 10mm
5 metros de cable de 6mm";;;;;;;;;;;;;;;;;;
6/12/2024;;Mabel Loyola;;;Pablo y Leandro;"Service completo de A.A
Instalación de A.A
Reemplazo de cable de alimentación de entrada de tablero seccional
Ocupamos del taller:
1.5 aislante de 1/4
1 aislante de 1/2
1 cinta blanca con pega
1 cinta aisladora
10 tacos y tornillos 
20 metros de cable TPR de 2x4mm
2 metros de manguera corrugada";;;;;;;;;;;;;;;;;;
;;FIN DE SEMANA;;;;;;;;;;;;;;;;;;;;;;
9/12/2024;;Facundo Torres Luna ;;;Pablo y Leandro ;"1 Service seco 
1 Service completo (reemplazo de capacitor 2.5uf y reemplazo manguera de dasagote 2m)
Reply:
	1 Capacitor 2.5 uf (compro paloma)
2 terminales
2 metros de manguera de cristal 
1 cinta aisladora negra
Muy poca cinta blanca";;;;;;;;;;;;;;;;;;
9/12/2024;;Negocio Electrofrio ;;;Martin y Yamil ;"Instalacion piso techo
Materiales: 
2 mts de caño de 3/4
2 codos de 90 
1 cinta aisladora
Termica de 4x20
6 mts Cable unipolar 2,5 marrón
6mts cable unipolar 2,5 blanco
6mts cable unipolar 2,5 v/a
6mts cable unipolar 2,5 negro
6mts cable unipolar 2,5 rojo
1 Aislante 3/4
1 Aislante 1/2
4 mts Cable TPR 5x1,5
10 mts TPR 5x2,5
4mts cinta blanca 
Compramos en ferretería san Vicente
4 Varillas enroscada 5/16
16 tuercas 
8 arandelas 
30 tornillos para madera 1,5 pulgadas 
Compramos en gallito
1 rollo de manguera de cristal
3 nts de caño de 3/4
3 codos 90° 3/4
1 codos 45° 3/4
1 cupla 3/4
1 map
2 Varillas de plata";;;;;;;;;;;;;;;;;;
10/12/2024;;Estudio Contable Gonzalo Quijano ;;;Pablo y Leandro ;"A.A 4.5 kcal/h
Limpieza evaporador y turbina de U.I.
Reemplazo de manguera de desagote
Ocupamos del taller
1 metro de manguera corrugado.";;;;;;;;;;;;;;;;;;
10/12/2024;;Martin Arias GYM ;;;Pablo y Leandro ;"Desinstalación de A.A de 3mil aproximadamente.
Desinstalación de 2 ventiladores de techo.
Desintacion de 3 ventilador de pared de 280W (los negros grandes)
Desintacion de 2 cortinas de 4 metros aproximadamente.
Ocupamos del taller 
1/2 cinta aisladora de 5m";;;;;;;;;;;;;;;;;;
10/12/2024;;Mabel Loyola ;;;Pablo y Leandro ;"Controlamos A.A que tiraba error. El sensor de caño estaba suelto.
Colocamos 3 lámparas en pared
Cableamos 1 retorno
Ocupamos del taller
3 portalámparas 
3 tapas ciegas 
4 lámparas de bajo consumo de 32W.
12 tornillos del 6
1 módulo de punto simple
2 metros del cable 1.5 mm";;;;;;;;;;;;;;;;;;
10/12/2024;;Javier Boot ;;;Martin y Yamil ;"9 artefactos
Pilar de la luz (caja de medidor, caño de bajada, pipeta y gabinete de 20 bocas)
5 1/4 de boca 
Falta 1 artefacto en el baño(se desoldó el trasnfo)";;;;;;;;;;;;;;;;;;
11/12/2024;;Javier Boot ;;;Martin y Yamil ;"1 media boca (toma exterior)
1 artefacto Led
Armado y conexion de 4 ventiladores de techo 
Terminamos la caja del medidor
Alimentamos luces exteriores
Cableamos alimentación subterránea
Usamos:
8 tacos del 10
24 mts de subterráneo 4x4mm
7 mts de Cable unipolar negro, rojo, V/A y marrón de 4mm 
1 cinta 
3 mts cable unipolar 2,5mm ( marrón azul y V/A)
1 toma doble para exterior)";;;;;;;;;;;;;;;;;;
11/12/2024;;Jorge Diaz Carbel CASA ;;;Pablo y Leandro ;"Reemplazo de artefactos de aplicar de 18W luz cálida
Reemplazo de modulo de punto simple marca teclastar
Reemplazo de reflector de 50W luz cálida.
Re conectamos cable de luz del baño. 
No sé presenció problema eléctrico con luz exterior y luz del baño.
Se ocupó del taller cinta aisladora";;;;;;;;;;;;;;;;;;
11/12/2024;;Exequiel Barrera (Mora bijou);;;Pablo y Leandro ;"Control de equipo que no enfriaba.
Compresor eléctricamente está bien pero levanta mucho el amperaje y corta.
Tienen refrigerante.
Los sensores miden bien.";;;;;;;;;;;;;;;;;;
11/12/2024;;Silvana Oliva Vidable ;;;Pablo y Leandro ;"Solución de problema eléctrico con el ventilador de techo.
Había un cable que estaba pelado dentro del ventilador, era el que lleva conexión para la luz del ventilador.
Utilizamos del taller:
1 metro de cable de 1.5 mm.
1/2 cinta aisladora.";;;;;;;;;;;;;;;;;;
11/12/2024;;Nacho Morales (Playa Brigido);;;Pablo y Leandro ;"Solución de problema eléctrico, había cables que estaban desconectado 
Ocupamos del taller 
1/2 cinta aisladora
1 metro de cable del 6mm";;;;;;;;;;;;;;;;;;
12/12/2024;;Titi Maico;;;Pablo y Leandro ;"Preparación de fuga de refrigerante.
Cargamos refrigerante:ans22 930.gramos.
Del taller ocupamos el refrigerante 
Muy poca cinta blanca de pvc
12/12";;;;;;;;;;;;;;;;;;
12/12/2024;;Vato Herrera;;;Martin y Yamil ;"Cambiamos 4 artefactos para aplicar (los que se nos quemaron) + 4 dicroicas.
Instalación 10mts luces Led rgb con controlador y fuente.
(Faltan pilas para control remoto)";;;;;;;;;;;;;;;;;;
12/12/2024;;Javier Boot;;;Martin y Yamil ;"1 media boca (toma exterior)
1 punto para ventilador 
Bajada de luz
Termica 4x25
Usamos 
Termica 4x25
6mts de cable unipolar marrón 4mm
6mts cable unipolar azul 4mm 
6 mts Cable unipolar negro 4mm
6 mts cable unipolar rojo 4mm
1 cinta aisladora 
1 punto";;;;;;;;;;;;;;;;;;
12/12/2024;;Freddo ;;;Pablo y Leandro ;"Revisamos térmica de aire piso techo.
Uan fade está media floja en el borde. Ajustamos y empezó a andar bien el equipo.";;;;;;;;;;;;;;;;;;
12/12/2024;;Facundo Neira ;;;Pablo y Leandro ;"Revisamos A.A que no funcionaba, antes hacía faltar la térmica/disyuntor decían.
La plaqueta no andaba.
Reemplazo de plaqueta pg.
Controlamos el funcionamiento del compresor y forzador 
Ocupamos del taller 
Plaqueta pg.
Al final nos dimos cuenta que el compresor están sin refrigerante, lleva R22";;;;;;;;;;;;;;;;;;
13/12/2024;;Alejandra Carreño;;;Martin y Yamil ;"Reconección desagüe AA
2 espigas 
Media cinta blanca...";;;;;;;;;;;;;;;;;;
13/12/2024;;Maximiliano Molina Gomez ;;;Martin y Yamil ;"1 floron 
1 portalámparas 
1 foco 65watts espiral
5 tomas dobles 10A...
2 medio punto y toma simple 10A
1 toma simple 20A
1 toma simple 10A
10 mts cable unipolar 2,5 (azul, marrón, V/A)
3 mts cable unipolar 1,5 marrón
1 cinta aisladora
12 tornillos del 6
2 tacos del 6
2 tornillos autoperforantes 
4 precintos
5 mts caño pvc
Reply:
	Cambio de termica de 10A jeluz
Reply:
	El foco era de 45... no de 65
Reply:
	MANO DE OBRA:
3 media boca quincho (cableado y conexión de tomas dobles)
1 boca 5x10 para toma doble
Armado aereo de iluminación deposito... 1 
boca 7x7
Cambio de termica
Cambio de módulos de toma doble (modulo de 10A y modulo de 20A)
Cambio de punto y toma a dos medios módulos de punto y toma";;;;;;;;;;;;;;;;;;
13/12/2024;;Facundo Neira ;;;Pablo y Leandro ;"Reemplazo de Orings de ambos robinetes.
Carga de refrigerante: reemplazo de R22: 1800
Ocupamos del taller:
Refrigerante.
1 cinta blanca
Orings";;;;;;;;;;;;;;;;;;
13/12/2024;;Guillermo Torres;;;Pablo y Leandro ;"Solución de problema con aire piso techo de 9KW (reemplazo de transformador en U.I)
Reply:
	Nacho compro el transformador $27401";;;;;;;;;;;;;;;;;;
13/12/2024;;Ezequiel Barrera casa;;;Pablo y Leandro ;Buscamos aire piso techo y lo dejamos en el taller;;;;;;;;;;;;;;;;;;
;;FIN DE SEMANA;;;;;;;;;;;;;;;;;;;;;;
16/12/2024;;Vato Herrera ;;;Martin y Yamil ;"Alimentación con cable tpr 3x1,5 a luces exteriores por arriba del cielo razzo...(2 bocas cableadas)
Instalación 6 reflectores 20WTS
Materiales 
50 mts cable tpr 3x1,5
2 modulos de punto
30 mts cable unipolar marrón 1,5
1 cinta";;;;;;;;;;;;;;;;;;
16/12/2024;;Jorge Diaz Carbel Pintureria ;;;Martin y Yamil ;"Desinstalamos 1 zapatillas 
Instalamos 10 interruptores de toma corriente de 10A
Reply:
	1 metro de cable unipolar marrón 2,5 y 1 metro de cable unipolar negro 2,5";;;;;;;;;;;;;;;;;;
16/12/2024;;Juan Answer ;;;Pablo y Leandro ;"Revisión de aire tipo piso techo por falla que presenta la plaqueta.
Lo que hicimos fue reemplazar el sensor tanto de caño como de ambiente. Ambos eran de 10K.
Nacho lo saco de líder.";;;;;;;;;;;;;;;;;;
17/12/2024;;Javier Boot;;;Martin y Yamil ;"4 medias bocas (luces exteriores)
Materiales
3 cajas 7x7";;;;;;;;;;;;;;;;;;
17/12/2024;;Guillermo Cabanillas ;;;Pablo y Leandro ;"Solución de problema eléctrico ( Reemplazo de térmica bipolar de 16A)
Nacho la compró)";;;;;;;;;;;;;;;;;;
17/12/2024;;Local Sbiroli;;;Pablo y Leandro ;Solución de problema de A.A de 3.5kw (reemplazo de capacitor de 1.5 de forzador de U.I) Nacho lo compró;;;;;;;;;;;;;;;;;;
17/12/2024;;Ricky Baudino ;;;Pablo y Leandro ;"Sacamos pequeña ventana para colocar en su lugar un aire de ventana de 3.5Kw.
El cemento y arena eran de ellos.
Reply:
	reemplazamos un toma doble de embutir";;;;;;;;;;;;;;;;;;
17/12/2024;;Jorge Herrera (Abuela);;;Pablo y Leandro ;Retiramos aire de ventana para hacer service (hay muy poca presión de agua en el taller. La hidro no funcionaba bien) falta terminar y reemplazar capacitor de 45Uf de compresor. Al capacitor Nacho lo saco de líder;;;;;;;;;;;;;;;;;;
18/12/2024;;TALLER;;;Martin y Yamil ;Acomodaron y limpieron un poco el taller;;;;;;;;;;;;;;;;;;
18/12/2024;;Javier Boot;;;Martin y Yamil ;fueron un ratito (se suspendio por lluvia);;;;;;;;;;;;;;;;;;
18/12/2024;;Ceci Mandatori;;;Martin y Yamil ;"AA 1 virolas nuevas y carga de refrigerante r22 completa (680 gramos) encintado (3 metros)
AA 2 virolas nuevas y carga de refrigerante r22 (300gramos) encintado (2 metros)";;;;;;;;;;;;;;;;;;
18/12/2024;;Jorge Herrera (Abuela);;;Pablo y Leandro ;"Terminamos de hacer service de aire de ventana.
Llevamos aire a su casa.";;;;;;;;;;;;;;;;;;
18/12/2024;;Ezequiel Barrera mora bijou ;;;Pablo y Leandro ;"Desinstalación de A.A de 6Kw
Instalación de A.A de 6Kw.
Cableamos tierra para A.A
Ocupamos del taller
1.5 metros de caño de 5/8
1.5 metros de caño de 3/8
1 aislante de 5/8
1 aislante de 3/8
1/2 cinta blanca de PVC
1 cinta negra de PVC.
2.5 metros de cable TPR de 5x1.5
10 metros de cable de 1.5 verde amarillo.";;;;;;;;;;;;;;;;;;
19/12/2024;;Ariel Llamos (Escuela Gastronomica mariano moreno);;;Pablo y Yamil;"Remplazo de capacitor de 55UF de U.E
Se sacó capacitor de líder refrigeración";;;;;;;;;;;;;;;;;;
19/12/2024;;Facundo Neira ;;;Pablo y Yamil;"Solución de problema eléctrico (cable derretido de máquina trifásica) 
Colocamos lámpara de 9W de luz fría
Reemplazo de flexible de metal de máquina.
Ocupamos del taller
1/2 cinta aisladora
1 lámpara de 9W de luz fría.";;;;;;;;;;;;;;;;;;
19/12/2024;;Martin Arias ;;;Pablo, Leandro y Yamil ;"Service completo de A.A de 9kw
Service completo de A.A 2.8kcal.
Estaría faltado armar U.I de ambos aires";;;;;;;;;;;;;;;;;;
19/12/2024;;TATO BOSETTI;;;LEANDRO;"Reemplazo de compresor AA 6000
1.9 Kg de refrigerante R22
nitrógeno 1/4 de carga";;;;;;;;;;;;;;;;;;
20/12/2024;;Javier Boot;;;Martin y Yamil ;"Alimentacion e instalacion de 3 reflectores 150wts arriba de tanque (compramos en cromer anexo foto)
Alimentacion e instalacion de reflector(llevo el dueño) atras cancha padel 
Tablero: 4 termicas bipolar 16A
1 de 10A (compramos en cromer anexo foto)
Alimentacion y conexion de flotante electrico
Reply:
	Y puesta a tierra (sacamos del taller: jabalina de 1.50mts, mordaza y cable desnudo de 6mm)";;;;;;;;;;;;;;;;;;
20/12/2024;;Karina Arias ;;;Pablo y Leandro ;"Instalacion de A.A de 5kw
Instalacion de A.A de 3.5kws

Materiales utilizados:
4 metros de caño 1/4
4 metros de caño de 1/2
2 aislantes de 1/4
2 aislantes 1/2
5 cable tpr 5x1.5
1 cinta blanca con pega";;;;;;;;;;;;;;;;;;
;;FIN DE SEMANA;;;;;;;;;;;;;;;;;;;;;;
22/12/2024;;Maico (TALLER);;;Pablo y Leandro ;"Services de A.A ventana 
reparacion y carga de refrigerante.
Carga de refrigerante r410:590gramos";;;;;;;;;;;;;;;;;;
22/12/2024;;Martin Arias;;;Martin y Yamil ;"Desisntalacion AA 
Instalación AA 2500 (falta regular refrigerante) 
Instalación AA 6000
 
Materiales
3 metros caños 3/8 y 3 metros caño 1/4
1.5 cinta blanca 
1.5 aislante 3/8
1.5 Aislante 1/4
10 Cable tpr 3 x 1.5 
1 cinta aisladora
1 Soldadura 
3 metros manguera cristal
10 tacos y 10 tornillos del 6";;;;;;;;;;;;;;;;;;
22/12/2024;;Andi salta Clienta;;;Pablo y Leandro ;"INSTALACION STANDAR + 1 metro extra
1/2 Instalacion electrica
1 Instalacion de Lavaropas
Agregar materiales electricos
Reply:
	ANOTO LEANDRO:
Instalación de A.A de 12.000 BTU.
Ocupamos materiales del taller, sino me equivoco 
1 metro de caño de 3/8
1 metro de caño de 1/4
1 aislante de 3/8 
1 aislante de 1/4
1 cinta blanca
4.5 metros de cable tpr de 5x1.5
2 grampas de 2 pulgadas.
8 grampas sujetacable
3 metros de cable tpr de 3x2.5
1 ficha macho de 10A
1/2 cinta aisladora negra
Nacho igualmente ya anotó, pasa que trajo un kit de instalación ese aire pero ya arregló Nacho.
También conectamos lavarropas, creo que ocupamos del taller una reducción de 3/4 a 1/2";;;;;;;;;;;;;;;;;;
23/12/2024;;Fabian moon ;;;Pablo y Leandro ;"Alimentación de reflector de 50W 
Ocupamos del taller 
12 metros de cable TPR de 2x2.5
6 metros de cable unipolar de 2.5
1 térmica unipolar de 10A";;;;;;;;;;;;;;;;;;
24/12/2024;;Fabian moon ;;;Pablo, Leandro y Yamil ;"cambio de artefacto leed para aplicar de 9 w limpieza de 29 artefacto luminarios y cambio de 3 dicroicas a 220 v cambio de lámpara leed de 9w en el lavadero.
limpieza de 14 artefacto en el quincho
Volvimos a colocar 9 artefactos.
Alimentamos 2 reflectores
Reemplazo de llave de 2 puntos
Ocupamos del taller
14 metros de tpr de 2x2.5
10 metros de cable unipolar de 1.5mm
1 térmica unipolar de 10A
Tornillos T1: 30
2 cintas aisladoras
Llave de 2 puntos";;;;;;;;;;;;;;;;;;
24/12/2024;;Gonzalo Quijano ;;;Pablo y Leandro ;"Instalación de A.A de 5.5KW.
Ocupamos del taller:
3 metros de caño de 1/2
3 metros de caño de 1/4
1 aislante y medio de 1/2
1 aislante y medio de 1/4
4.5 metros de cable tpr de 5x1.5
1 cinta blanca
6 tacos y tornillos del 6";;;;;;;;;;;;;;;;;;
24/12/2024;;Fabian moon ;;;Pablo, Leandro y Yamil ;"Volvimos a colocar 9 artefactos.
Alimentamos 2 reflectores 
Reemplazo de llave de 2 puntos
Ocupamos del taller 
14 metros de tpr de 2x2.5
10 metros de cable unipolar de 1.5mm 
1 térmica unipolar de 10A
Tornillos T1: 30 
2 cintas aisladoras
Llave de 2 puntos";;;;;;;;;;;;;;;;;;
25/12/2024;;FERIADO NAVIDEÑO ;;;;;;;;;;;;;;;;;;;;;;
26/12/2024;;Martin Arias;;;Pablo y Yamil ;Carga de refrigerante: reemplazo de r22: aproximadamente 200gr;;;;;;;;;;;;;;;;;;
26/12/2024;;Medialunas calentitas (Javier Guchea);;;Pablo y Yamil ;"Reemplazo de bomba maxi orange 
Bomba comprada a 79000";;;;;;;;;;;;;;;;;;
26/12/2024;;Jorge Herrera Odontologo ;;;Pablo y Yamil ;Solucion problema de aire de desagote de aire.;;;;;;;;;;;;;;;;;;
26/12/2024;;Tato Bosetti ;;;Leandro ;"Reemplazo compresor de aire acondicionado UE 6mil frigorias
Reply:
	Materiales ocupados: 
1 Varilla de plata 
1900kg refrigerante r22";;;;;;;;;;;;;;;;;;
27/12/2024;;Ezequiel Barrera ;;;Pablo y Yamil ;Dejamos aire piso techo en su domicilio;;;;;;;;;;;;;;;;;;
27/12/2024;;Tato Bosetti ;;;Pablo y Yamil ;Dejamos a.a de 6mil frigorias;;;;;;;;;;;;;;;;;;
27/12/2024;;Heladera Victor Arias ;;;Leandro ;"Reemplazo bocha (compresor)

Materiales: 2 Varilla plata 
1 Agente de limpieza 141
1 filtro 15 gramos 
150g de refrigerante 134
compresor";;;;;;;;;;;;;;;;;;
;;FIN DE SEMANA;;;;;;;;;;;;;;;;;;;;;;
30/12/2024;;Patricia Moreno ;;;Pablo y Leandro ;"Reemplazo capacitor de 35UF de U.E
Materiales:
Capacitor de 35uf";;;;;;;;;;;;;;;;;;
30/12/2024;;Vato Herrera ;;;Pablo, Leandro y Yamil ;"Instalacion de A.A de 3mil frigorias 

Materiales utilizados:
1/2 cinta aisladora negra 
1/2 cinta PVC sin pega 
6 tacos y tornillo del 6
3 cable TPR de 3x2.5";;;;;;;;;;;;;;;;;;
30/12/2024;;Jorge Herrera ;;;Pablo, Leandro y Yamil ;"Revisión ruido U.I de A.A
Diagnostico:
Reemplazar motor del swing";;;;;;;;;;;;;;;;;;
30/12/2024;;TALLER ;;;Yamil ;Caño de desagüe negocio electrofrio;;;;;;;;;;;;;;;;;;
31/12/2024;;Liliana (Madre Rodri);;;Leandro ;Revision de refrigerante y de filtros de AA 3500 fgs;;;;;;;;;;;;;;;;;;
31/12/2024;;Fabiola Castro ;;;Pablo y Yamil;"Reparación y carga de refrigerante 1400gr R22

Materiales 
1.5 aislante de 5/8
1.5 aislante de 3/8
1 cinta blanca de pvc";;;;;;;;;;;;;;;;;;
31/12/2024;;Ceci Mandatori;;;GARANTIA;"30/12/24 Retiraron aire acondicionado 

31/12/24
Reparacion y carga de refrigerante 
Materiales Ocupados 
1 Varilla de plata 
680gr R22

Instalaron equipo 
Materiales:
1.5 aislante de 1/2
1.5 aislante de 1/4
1/2 cinta pvc";;;;;;;;;;;;;;;;;;
31/12/2024;;Mariano Ponce ;;;Leandro ;"Limpieza de filtros A.A comedor y control de refrigerante 
Reemplazo capacitor unidad exterior (no tenía de 45 uf, le deje puesto uno de 50uf) 
Complete la carga de refrigerante 410";;;;;;;;;;;;;;;;;;
31/12/2024;;Sol Casal ;;;Pablo, Leandro y Yamil ;"Instalacion A.A 6000fg

Materiales: 
1/2 Varilla de plata 
20cm Caño cobre 5/8
20cm Caño cobre 3/8
20cm aislante de 5/8
20cm aislante de 3/8
1/4 cinta blanca pvc";;;;;;;;;;;;;;;;;;
1/1/2025;;FERIADO AÑO NUEVO;;;;;;;;;;;;;;;;;;;;;;
2/1/2025;;Sandra Blanes ;;;Pablo y Yamil ;"Instalacion A.A DE 5.5KW

Materiales: 
3 Caño cobre 1/4
3 Caño cobre 3/8
1.5 Aislante 1/4
1.5 Aislante 3/8
4 Cable tpr de 5x1.5
1 cinta blanca 
4 Taco y tornillo del 8";;;;;;;;;;;;;;;;;;
2/1/2025;;Nicolas del Rosso;;;GARANTIA ;"Reparacion y carga de refrigerante r22: 680gr
Materiales: Refrigerante";;;;;;;;;;;;;;;;;;
2/1/2025;;Facundo Torres Luna ;;;GARANTIA ;"Reparacion y carga de refrigerante r410 
Materiales: 
r410: 930gr 
5cm Varilla de plata";;;;;;;;;;;;;;;;;;
2/1/2025;;Maria Karam;;;Pablo y Yamil ;"Revision de compresor 
(pasamos fotos de los datos a nacho)";;;;;;;;;;;;;;;;;;
2/1/2025;;David Abraham ;;;Leandro ;Service seco en lugar;;;;;;;;;;;;;;;;;;
3/1/2024;;Brigido zona sur ;;;DIAGNOSTICO;DIAGNOSTICO: Hay que bajar el cartel y cambiar tiras led;;;;;;;;;;;;;;;;;;
3/1/2024;;Victor Arias;;;Leandro ;"Cambio de termostato de la heladera y controle que arranque y corte bien
Reply:
	Se remplazo la bocha y termostato 
Se compró 
Bocha 
Termostato 
Agente de limpieza 141
Refrigerante r134
Un filtro 15g";;;;;;;;;;;;;;;;;;
3/1/2025;;Electrofrio ;;;Leandro ;"Colocación de bomba de agua en AA negocio 
Use del taller 1½ de manguera ? cristal 
1metro de caño de cobre de ¼";;;;;;;;;;;;;;;;;;
3/1/2024;;Fabiola Ramiro;;;Pablo y Yamil ;Completamos carga de refrigerante;;;;;;;;;;;;;;;;;;
3/1/2024;;Maria Laura ;;;Pablo y Yamil ;"Service completo
Capacitor de 30uf 
Capacitor de 1UF";;;;;;;;;;;;;;;;;;
5/1/2025;;FIN DE SEMANA;;;;;;;;;;;;;;;;;;;;;;
6/1/2025;;MOSTAZA (Javier Guchea);;;Nacho, Pablo y Leandro ;"Solución problema programador (se reemplazó el cable UTP o de red)
Se ocupó del taller 
18 metros de cable utp 
16 tornillos t1";;;;;;;;;;;;;;;;;;
6/1/2025;;Elio Morales Zona Sur ;;;Pablo, Yamil y Ezequiel ;"Se desmontó 2 carteles y se los trajo al taller.
Ezequiel y carita están cambiando tiras leds";;;;;;;;;;;;;;;;;;
6/1/2025;;Jazmin Sarquis ;;;Pablo y Leandro ;"Controlamos 2A.A
Una A A se 5.02kw (del comedor)
Se lo desinstalo y la llevamos al taller porque tiene perdida.
Le hicimos el services pero falta armarlo y controlar ambas unidades.
Un A.A de 12000 BTU (de habitación) falla el compresor. Le pasamos datos a Nacho";;;;;;;;;;;;;;;;;;
7/1/2025;;Elio Morales Zona Sur ;;;Carita y ezequiel;;;;;;;;;;;;;;;;;;;
7/1/2025;;Jazmin Sarquis ;;;Pablo y Leandro ;"A.A comedor
Control de unidades en el taller por perdida.
Se reemplazó Orings de ambos robinetes.
Se reemplazó Obu
Carga de refrigerante reemplazo de R22: 0.90kg.
Se reemplazo capacitor de compresor de 60UF.
Se reemplazó capacitor de 3Uf de forzador de U.E.
Se colocó aislante para cada caño (antes tenía uno solo para ambos)
Se volvió a instalar el equipo.
Se ocupó de taller 
Orings de 1/4
Orings de 1/2
1 obu
2.5 aislante de 1/4
2.5 aislante de 1/2
Los capacitores se lo saco en líder a nombre de Nacho (de 60 y de 3)
1 cinta blanca de PVC";;;;;;;;;;;;;;;;;;
7/1/2025;;MOSTAZA (Javier Guchea);;;Pablo y Leandro ;Revisión de equipo roof top;;;;;;;;;;;;;;;;;;
8/1/2025;;Elio Morales;;;Carita;;;;;;;;;;;;;;;;;;;
8/1/2025;;Grasi gas;;;Pablo y Leandro;"Reemplazo de reflector de 50W
Reemplazo de 2 lámparas de alta potencia de 30W.
Se ocupó reflector y 2 lámparas 
El material compro Nacho";;;;;;;;;;;;;;;;;;
8/1/2025;;TONOS San nicolas de Bari ;;;Pablo y Leandro;"Controlamos fuente (hay que cambiar)
Hay que cambiar artefacto de 24W
Hay que revisar cartel tonos
Limpiamos filtros de aire piso techo.";;;;;;;;;;;;;;;;;;
8/1/2025;;Maico Oviedo;;;Pablo y Leandro;"Reemplazo de timer digital 
Colocación de contactor modular
Programación de timer
Ocupamos del taller
Contacto modular 
1/2 metros de cable de 2.5mm";;;;;;;;;;;;;;;;;;
9/1/2025;;MOSTAZA (Javier Guchea);;;Pablo y Nacho;Revisión de equipo Roof Top;;;;;;;;;;;;;;;;;;
9/1/2025;;Alejandra Carreño;;;Yamil y Leandro;"Revisamos UE de AA cambiamos capacitor de 1,5uf de forzador 
Revisamos los capacitor de UE están bien";;;;;;;;;;;;;;;;;;
9/1/2025;;Elio Morales;;;Pablo, Leandro y Yamil;"Volvimos a colocar los 2 carteles.
Reemplazo de artefacto de aplicar de 150W redondo de la entrada
Reemplazo de lámpara dicroica.
Reemplazo de fuente de 201W de 16.7A
Ocupamos del taller
Nacho compró 1 silicona
Tiner
No sé cómo sacaron las cosas en elcon";;;;;;;;;;;;;;;;;;
10/1/2025;;Lia Mercedes De La Colina;;;Pablo y Nacho;"Lia y Alfredo 
Pablo 
Colocación de 3 tubos leds 
2 de 1.20cm
1 de 60cm
Alimentación de 2 tubos leds
Colocación de toma de toma de aplicar para bomba de agua
Nacho y Pablo 
Solución de problema de 1 variador de ventilador (con capacitor)
Reemplazo de variador con bobina+llave de punto simple (con bastidor, módulo de tapa y tapa)
Solución ficha rca 
Revisión de portero
Ocupamos del taller 
8 metros de cable unipolar de 1.5 
3 varillas de cablecanal 
1 cinta aisladora de 5m 
1 caja de aplicar de 5x10
20 tornillos chicos para madera
2 tornillos y tacos del 6
2 tubos leds de 1.20
1 tubo led de 60cm
6 zócalos para tubo led
2 tapa platinum
2 bastidores de 5x10
3 tapones ciegos platinum
1 módulo de toma bipolar de 10A";;;;;;;;;;;;;;;;;;
10/1/2025;;Gustavo Bustamante;;;Yamil y Leandro;"Reparación de pérdida de refrigerante aire pieza 2.000 frigorias y carga de refrigerante 500 g 
Servís en seco limpieza a 3 aires dos 300 frigorias que están la galería
En la perdida que tenía el aire si le hizo las 4 virolas nuevas
Asilante de 1/4 y 3/8 (1 u)
Cinta pvc con pega (1u)
Capacitor de 3uf fiado en lider y un pilibretano chico 
( Falta pagar el pilibretano)";;;;;;;;;;;;;;;;;;
5/1/2025;;FIN DE SEMANA;;;;;;;;;;;;;;;;;;;;;;
13/1/2025;;Lia Mercedes De La Colina;;;Pablo y Yamil ;"Reemplazo de artefacto de varias dicroicas por un artefacto de 24W redondo de luz fría.
Modificamos de lugar el timbre
Armamos alargue eléctrico 
Ocupamos del taller
4 tornillos del 6 
2 tacos del 6
15 metros de cable tpr 3x1.5
1 ficha macho de 10 A
Módulo de 2 tomas de 10A
4 T1
20cm de chapa 
Aerosol negro";;;;;;;;;;;;;;;;;;
13/1/2025;;Raul Albarracín;;;Pablo y Yamil ;"Fuimos a revisar obra y sondear cañerías.
Hicimos un plano provisorio.";;;;;;;;;;;;;;;;;;
13/1/2025;;Colegio de escribanos ;;;Pablo y Yamil ;"Service de aire piso techo 
Reemplazo de Obu por perdida 
Carga de refrigerante r410A: aproximadamente 1.500gramos";;;;;;;;;;;;;;;;;;
14/1/2025;; Silvina loyola;;;Leandro y Martin ;"Leandro tincho
Instalación AA 3000frigorias en altura (1er piso)+ instalación eléctrica silvina loyola
3 mts caño 1/4
3mts caño 1/2
2 aislantes 1/4
2aislantes 1/2
1 cinta blanca
1 cinta aisladora
3.5 mts cable 5x2.5
5 mts cable 3x2.5
1 juego ménsula 
20mts cable unipolar 2.5 verde amarillo
20mts cable unipolar 2.5 marrón
20mts cable unipolar 2.5 azul
1 termica bipolar 16A
1 toma 10A para aplicar 
3 1/2 bandeja de cable canal 10x20
20 tacos y tornillos del 6
4 tacos y tornillos del 10
8 grampas n°8
Enduido para tapar huecos de pases...
2 pilas AAA";;;;;;;;;;;;;;;;;;
14/1/2025;;Raul Albarracín;;;Pablo y Yamil ;"SUMA
Reply:
	Cableamos 52 bocas
Colocamos 2 cajas de 10x10 de chapa 
Clavamos jabalina
Hicimos modificación para alimentar una zona del local";;;;;;;;;;;;;;;;;;
15/1/2025;;Raul Albarracín;;;Pablo y Yamil ;"Raul Albarracín 
Carita y Pablo 
Cableamos 52 bocas
Colocamos 2 cajas de 10x10 de chapa 
Clavamos jabalina
Hicimos modificación para alimentar una zona del local";;;;;;;;;;;;;;;;;;
15/1/2025;;Carla Luna;;;Leandro y Martin ;;;;;;;;;;;;;;;;;;;
16/1/2025;;Raul Albarracín;;;Pablo y Yamil ;"Mano de obra Raúl Albarracín:
Salon principal 
Tomas dobles cableados 7 
Alimentación tableros secundario 3 bocas cableadas trifásicas.
Armado de tablero de 36 bocas
Baño 1
4 bocas cableadas y armado de toma
1 cableadas de luz 
Pasillo salon
4 bocas de toma doble cableados y armados
2 de luces
Armado de tablero de 36 bocas
Salon secundario
10 tomas dobles cableados y armados
2 bocas cableadas de alimentación de líneas
1 boca cableadas para futuras luces.
Baño 2
2 bocas de luces cableadas y armadas.
Cocina
5 tomas dobles cableados y armados
2 bocas de luces cableadas 
Exterior lateral y trasero:
Pat 2 bocas vas
3 toma boca completa
8 bocas de iluminación cableadas 
1 boca nueva para alimentar la cocina
4 bocas de alimentación de tablero hacia el techo
Exterior frente 
2 bocas de iluminación cableadas, 
2 bocas de iluminación nuevas.";;;;;;;;;;;;;;;;;;
16/1/2025;;Carla Luna;;;Leandro y Martin ;;;;;;;;;;;;;;;;;;;
16/1/2025;;Itati Helguero;;;Leandro y Martin ;"Service completo de AA 6000 frigorías
Cambio de capacitor UE 4uf cambio de rulemanes de forzador UE 
Completamos carga de refrigerante r22 (500 g) aproximadamente
Cambiamos térmica 25 A
Usamos del taller 
1 térmica 2p 25A
1 sinta aisladora 5m
½ sinta blanca PVC 
½ aislante de ½
½ aislante de ?
2 tacos y tornillos del 6";;;;;;;;;;;;;;;;;;
17/1/2025;;Estudio Contable Gonzalo Quijano ;;;Leandro y Martin ;"Revisamos AA 4000 frigorías aproximadamente 
Controlamos el control 
No pudimos controlar temas de refrigerante por motivos de que la UE está sobre el techo de un vecino y no teníamos permiso para pasar";;;;;;;;;;;;;;;;;;
17/1/2025;;Tonos ;;;Leandro y Martin ;Limpieza de filtros dos UI de piso techo y un cambio de bomba de agua;;;;;;;;;;;;;;;;;;
17/1/2025;;José molgara;;;Leandro y Martin ;"Colocamos un protector de tensión universal
gastamos 22000 en el control d voltimetrico";;;;;;;;;;;;;;;;;;
17/1/2025;;Tomas Primo Pablo;;;Leandro y Martin ;visita Tecnica con solucion!;;;;;;;;;;;;;;;;;;
17/1/2025;;Raul Albarracín;;;Pablo y Yamil ;Terminamos la conecciones;;;;;;;;;;;;;;;;;;
17/1/2025;;Rolo Costich;;;Pablo y Yamil ;Sacamos motor de forzador de unidad exterior;;;;;;;;;;;;;;;;;;
17/1/2025;;medialunas calentitas (Javier Guchea);;;nacho;VISITA TECNICA CON SOLUCION;;;;;;;;;;;;;;;;;;
;;;;;;;;;;;;;;;;;;;;;;;;
20/01/25;;Raul Albarracín ;;;Pablo y Yamil ;"Rotulamos circuitos en ambos tableros.
Colocamos 2 tapas ciegas de 5x10
Todo eso ocupamos del taller.";;;;;;;;;;;;;;;;;;
20/1/2025;;Gitano (ROLANDO COSTICH);;;Pablo, Yamil y Nacho;"Reemplazo de rulemanes de forzador de U.E de Aire piso techo.
Solución de problema por protección contra alta presión y temperatura de descarga del compresor
Solucion de problema de plaqueta de control de unidad exterior.";;;;;;;;;;;;;;;;;;
21/1/2025;;JORGE DIAZ CARBEL;;;Pablo y Yamil ;"Visita técnica, revisión. minima.
(Visita para A.A piso techo
Controlazion de preciones 
La baja tenía 123.7
Recalentamiento 6.00.k
Programación de control remoto)";;;;;;;;;;;;;;;;;;
21/1/2025;;Grasi gas;;;Pablo y Yamil ;"Revisión aire oficina 
Reemplazo de artefacto de 24W de aplicar cuadrado de luz fría.
Sacamos de cromer el artefacto";;;;;;;;;;;;;;;;;;
21/1/2025;;Daniel Herrera;;;Pablo, yamil y tincho;"Service en seco U.I A A 3mil pieza del hijo
Service completo de A A 4.500 mil (U.E y U.I) pieza de Daniel y señora. El caño de retorno se congelaba. Por eso limpiamos ambas unidades 
Estamos por solucionar problema eléctrico...
Carita, Tincho y Pablo 
Reemplazo de 6 artefactos de embutir 
Solución de problema eléctrico (cortocircuito en cable subterráneo)
Modificación de lugar de un tablero de luces de entrada de la casa.
Reemplazo de tiras leds y fuente para cartel de entrada de la casa
Ocupamos del taller 
3 tapas ciegas de chapa de 10x10
1 fuente de 3A.
Tiras leds luz cálida.
1 cablecanal 
4 termocontraibles chicos
1 termocontraibles grande (13mm)
2 metros de cable subterráneo de 3x1.5
6 tacos y tornillos del 6
1 fotocelula
1.5 metros de cable de 6mm negro
1.5 metros de cable de 6mm marrón
2 metro de cable de 2.5mm rojo.
1 metro de cable de 2.5mm celeste
1.5 metros de cable de 1.5 verde amarillo
1 cinta aisladora";;;;;;;;;;;;;;;;;;
22/1/2025;;Jorge Herrera ;;;Pablo y Yamil ;"Local odontología 
Solución de problema con desagote de 1 A.A.
Jorge Herrera 
Carita y Pablo 
Casa depto 
Solución de problema de desagote de A.A
Service en seco de U.I de ese mismo A.A.";;;;;;;;;;;;;;;;;;
22/1/2025;;Candela ;;;Pablo y Yamil ;"Controlamos A.A
(Presurización de equipo, hicimos vacío y cargamos gas, completamos la carga)
El A.A tenía 105 psi y 19 de recalentamiento. Con la carga que hicimos llegó a 130 psi y 7.0 de recalentamiento";;;;;;;;;;;;;;;;;;
22/1/2025;;Crovara ;;;Pablo y Yamil ;Retiramos bomba para revisar;;;;;;;;;;;;;;;;;;
22/1/2025;;TALLER;;;Martin Davila;;;;;;;;;;;;;;;;;;;
23/1/2025;;Ariel LLamos;;;Pablo y Yamil ;;;;;;;;;;;;;;;;;;;
23/1/2025;;TALLER;;;Martin Davila;;;;;;;;;;;;;;;;;;;
24/1/2025;;Ariel llamos ;;;Pablo y Yamil ;"Pasamos cable de tierra por 2 bocas.
Colocamos 2 tomas dobles de superficie y 1 toma simple de superficie (cableamos, armamos y todo)
Ocupamos del taller:
2 cable canal de 14x7
17 metros de cable unipolar de 1.5mm verde amarillo.
6 metros de cable unipolar de 2.5.
2 base para 2 módulo.
1 base para 1 módulo
5 tomas simples y sus módulos para base de superficie 
30 tacos y tornillos del 6";;;;;;;;;;;;;;;;;;
24/1/2025;;Liliana Beatriz Iglesias ;;;Nacho, carita y Pablo ;"Desinstalación de A A.
Tincho
Control de perdida y carga de refrigerante.
Tincho, carita y Pablo 
Volvimos a instalar el A A
Ocupamos del taller 
Cinta PVC
Aislante 
1 espuma de poliuretano 
Membrana liquida";;;;;;;;;;;;;;;;;;
25/1/2025;;JORGE PRIMO;;;Nacho;VISITA CON SOLUCION;;;;;;;;;;;;;;;;;;
;; ;;;;;;;;;;;;;;;;;;;;;;
27/1/2025;;Raul Pachela ;;;Nacho y Pablo ;"Reemplazo de sensor de caño de 10k.
Pablo 
Reemplazo lampara de luz exterior 
Colocación de camara y su respectiva alimentación de 220.
Ocupamos del taller 
4.5 metros de cable unipolar de 2.5 blanco.
20 cm de cable canal de 20x10
Enduido
10 tacos y tornillos del 6";;;;;;;;;;;;;;;;;;
27/1/2025;;Conrrado Van Muylem ;;;Pablo ;"Reemplazo de contactor 220V de U.E
Ocupamos del taller
Contactor 220V";;;;;;;;;;;;;;;;;;
28/1/2025;;Ariel LLamos (Escuela Gastronomica M.M);;;Pablo y Yamil ;"Resumen Ariel llamos:
Parte eléctrica:
Cableamos 10 bocas para colocar cable de tierra.
(Aula: 3)
(Pasillos: 3)
(Cocina campana: 4)
Colocamos 7 tomas de aplicar
Pusimos tierra a 5 enchufes donde está la campana..
Reemplazo de 10 artefactos de 18W de aplicar cuadrados
Reemplazo de 2 artefactos de 60x60 de embutir.
Reemplazo de 1 lámpara dicroica 
Colocamos tapas ciegas de 20x20
Colocamos tapas ciega de 30x30
Reemplazo de 1 toma doble 
Parte de aires
Hicimos services a todos las unidades exterior (6)
Hicimos services a 3 U.I
En total 3 services en seco completo
Reply:
	De cromer ocupamos:
1 tapa ciega de 30x30
1 tapa ciega de 20x20
1 espuma de poliuretano 
1/2 silicona grande 
15 tacos y tornillos del 6
10 tacos de durlok
Reply:
	OCUPARON DE ELECTROFRIO:10 artefactos de aplicar de 18E cuadrados
7 metros de cable unipolar de 1.6
2 cable canal de 14x7 
1 cable canal de 20x10 
1 toma doble para embutir 
1 ficha rca
2 metros de cable unipolar de 2.5 blanco
2 metros de cable unipolar de 2.5 rojo
ficha macho de 10A para Ariel llamos";;;;;;;;;;;;;;;;;;
28/1/2025;;Taller ;;;Martin ;Soldo estructura para aislantes de negocio electrofrio;;;;;;;;;;;;;;;;;;
29/1/2025;;Garantia y Javier boot ;;;Pablo y Yamil ;Empezaron a Picar;;;;;;;;;;;;;;;;;;
29/1/2025;;Taller ;;;Martin ;Soldar la estructura de los aislantes;;;;;;;;;;;;;;;;;;
30/1/2025;;Javier Boot;;;Pablo y Yamil ;"Colocamos 8 medias bocas (picada y amurada) fueron:
2 cajas de 10x10 
3 cajas de 7x7
2 cajas de 5x10
1 caja de 20x20 
Ocupamos del taller 
1 rollo de caño corrugado de 1""y 1/4
8 metros de caño corrugado de 1""
1/2 rollo de caño corrugado de 7/8
Las cajas que pusimos son del taller
Farta más caño corrugado de 1""y 1/4 y cuplas para el mismo. Y carita anoto las cosas para alimentar la pileta";;;;;;;;;;;;;;;;;;
31/1/2025;;Javier Boot;;;Pablo y Yamil ;"Colocamos tablero de 24 bocas
Colocamos tablero de 34 bocas 
Colocamos caja de 10x10
Ya quedó preparado la cañería para alimentar las bombas de las piletas
De afuera nos falta tapar una canaleta; terminar la alimentación de la luz de la cancha; dejar corrugado previsto para alimentar parte del fondo
Ocupamos del taller
5 metros de caño corrugado de 7/8
15 metros de caño corrugado de 1""
3 metros de caño corrugado de 1"" 1/4
2 cuplas de caño de 1"" y 1/4
1 caja de 10x10
2 tableros 
2 curvas de 45 del caño de 63
Estaría faltando picar todo de los 2 baños";;;;;;;;;;;;;;;;;;
1/2/2025;;TONOS CATAMARCA;;;RAMIRO LULU NACHO;;;;;;;;;;;;;;;;;;;
;;;;;;;;;;;;;;;;;;;;;;;;
3/2/2025;;Javier Boot ;;;Pablo y Yamil ;"Dejamos caño corrugado de 1"" previsto para alimentar luz de cancha.
Dejamos caño corrugado de 1"" y 1/4 previsto para alimentar posible ampliación.
Colocamos 7 medias bocas (picadas y amuradas)
Estarían faltando picar y amurar aproximadamente 7 cajas de 5x10 y 2 cajas de 7x7
Ocupamos del taller 
1 cupla de 1""
1 metro de caño corrugado de 1""
3/4 del rollo de caño corrugado de 3/4
4 cajas de 5x10 de chapa
Faltaría definir cables a utilizar y si armaremos tableros";;;;;;;;;;;;;;;;;;
3/2/2025;;Karam ;;;Martin y Ramiro ;REVISION: Bomba karam hay que volver a abrirla xq no tenía fuerza;;;;;;;;;;;;;;;;;;
3/2/2025;;Mauricio Moran ;;;Martin y Ramiro ;"Solucionamos problema de desagüe AA
Carga de refrigerante AA 410 (300gramos)";;;;;;;;;;;;;;;;;;
3/2/2025;;Centro Odontologico Beauty ;;;Martin y Ramiro ;"Centro odontologíco beauty
Rearmamos unidad interior";;;;;;;;;;;;;;;;;;
4/2/2025;;Javier Boot ;;;Pablo y Yamil ;"Colocamos 9 medias bocas (picada y amurada)
Dejemos caño previsto para luces de escalera del frente de la casa 
Ocupamos del taller 
5 cajas de 5x10 de chapa 
1 caja de 10x10 de chapa 
1 caja de 7x7 de chapa 
1 rollo de caño corrugado de 1"" ( le dejamos a los albañiles para que ocupen cuando levanten el muro)
1/4 de rollo de caño corrugado de 3/4
5 metros de caño corrugado de 7/8
Ocupamos de cromer 
2 cajas de 5x10 de chapa 
1 rollo de caño corrugado de 1"" y 1/4
Le dejamos 3 cajas a los albañiles para que las coloquen en el muro que van levantar";;;;;;;;;;;;;;;;;;
4/2/2025;;Javier Sewald ;;;Martin y Ramiro ;"Balanceo de fases en tablero principal.
2 bocas con cable canal.
Remplazo de llave general de 63A por una de 32 A y colocamos 2 térmicas de 20A.
Remplazo de Lampara de alumbrado público. 
Armamos 1 prolongación con fichas de 10 A. 

/Materiales /
2 cable canal 10-20 x2mts
20 Tornillos 6x1
Toma doble aéreo.

/Retiro del local/
Ficha Jeluz 10A macho
Ficha Jeluz 10A hembra
3 cable canal 10-20 x2mts
1 cable canal 30-40 x 1mts
TPR 3x1,5   3,5 mts";;;;;;;;;;;;;;;;;;
4/2/2025;;Nicolas del rosso (Local Animal);;;Martin y Ramiro ;"Reparaion y carga de refrigerante 
r22 1.200 kg";;;;;;;;;;;;;;;;;;
4/2/2025;;Farmacia Colon;;;Nacho, Ramiro, Pablo, Yamil y Martin (maico);"Service en seco de aire de ambas unidades de aire piso techo (sin desintalar)
Carga de refrigerante R22:1000 gramos";;;;;;;;;;;;;;;;;;
5/2/2025;;Tarjeta ;;;Pablo y Yamil ;Revision aire que no funciona;;;;;;;;;;;;;;;;;;
5/2/2002;;Alcaraz, Eva Raquel ;;;Pablo y Yamil ;Reemplazo de rulemanes de forzador de aire ventana. Nacho los compró;;;;;;;;;;;;;;;;;;
5/2/2025;;Jose Arnaudo ;;;Pablo y Yamil ;Reemplazo de capacitor de 40UF de compresor. Del taller lo ocupamos;;;;;;;;;;;;;;;;;;
5/2/2025;;Nicolas del rosso casa ;;;Martin y Ramiro ;;;;;;;;;;;;;;;;;;;
6/2/2025;;Rombola;;;Pablo y Yamil ;Reemplazo de fotocelula. Se ocupa 1 del taller;;;;;;;;;;;;;;;;;;
6/2/2025;;Claudia Carrizo ;;;Pablo y Yamil ;Service en seco de A.A de ambas unidades.;;;;;;;;;;;;;;;;;;
6/2/2025;;Pepe LLamos ;;;Pablo y Yamil ;"Alimentación de A A. 4500fg

Revisamos artefacto de cochera 
Ocupamos del taller 
1 térmica bipolar de 16A jeluz
12 metros de cable tpr de 3x2.5
Cinta aisladora negra";;;;;;;;;;;;;;;;;;
6/2/2025;;Nicolas del rosso casa ;;;Martin y Ramiro ;;;;;;;;;;;;;;;;;;;
7/2/2025;;Tarjeta Federal ;;;Pablo y Yamil ;Desinstalación de 2,A.A de 6500W;;;;;;;;;;;;;;;;;;
7/2/2025;;Farmacia Colon Av. Coronel Montes ;;;Pablo y Yamil ;"Services en seco de ambas unidades de aire piso techo de 60000 BTU.
Services en seco de ambas unidades de aire de 4.5kcal/h
Carga de refrigerante de R22 para el aire chico, perdía por el Obu. No teníamos la balanza, estaba en 30 psi y quedó en 75 psi y recalentamiento de 10k, la carga completa es de 1.100gramos 
Solo que el ambiente donde está el aire es muy grande y tiene a 1 metro abajo aparatos de internet y redes que aportan calor";;;;;;;;;;;;;;;;;;
7/2/2025;;Nicolas del Rosso ;;;Nacho, Ramiro y Martin ;;;;;;;;;;;;;;;;;;;
;;;;;;;;;;;;;;;;;;;;;;;;
10/2/2025;;Tarjeta Federal ;;;Pablo, Yamil, Nacho y Ramiro ;"Servís completo de las dos unidades de dos aires de 6.000 
Instalación de los dos aires de 6000
Y cambiamos de lugar una unidad exterior de 4.500
R22 al de 6.000";;;;;;;;;;;;;;;;;;
11/2/2025;;Ricardo (Ex Grassi Gas);;;Pablo y Yamil ;"Retiramos plaqueta de A.A de 6.2KW por aparente falla, para llevarla al taller
El capacitor de 45UF de compresor tampoco andaba (faltaría cambiar) frente 
Limpiamos filtros de 6A.A";;;;;;;;;;;;;;;;;;
11/2/2025;;Francisco Sosa ;;;Ignacio y Ramiro ;"Materiales anotado en DUX 
Mano de obra:
Reparación eléctrica (3 bocas)
Alimentación de aire (cambio la alimentación a cable subterráneo en el patio )

Compra de materiales aparte:
2 cables canal. 
1 tapa chapa 10x10  
Monto $4200";;;;;;;;;;;;;;;;;;
11/2/2024;;Gustavo Bustamante ;;;Pablo y Yamil ;"Revisamos un A.A de la sala de estar porque tira agua de la U.I. medimos refrigerante y tiene 118 psi y un recalentamiento de 14. Este equipo condensa mucho en la U.I.
Retiramos un aire ventana de pieza para cambiar rulemanes";;;;;;;;;;;;;;;;;;
12/2/2025;;Nicolas Del Rosso ;;;Pablo y Yamil ;"Carga de refrigerante R22:940gramos.
Reemplazo de capacitor de compresor de 35UF.
Reemplazo de capacitor de forzador de 2.5UF.
1 metro de aislante de 1/4
1 metro de aislante de 1/2
Todo eso ocupamos del taller";;;;;;;;;;;;;;;;;;
12/2/2025;;Blanca Alicia Cisterna ;;;Pablo y Yamil ;"Services de U.E de aire de comedor. El aire era de 6mil
A parte colocamos aislante y cinta a otro aire en el mismo comedor. 
Ocupamos del taller
1/2 de 1/4 
1/2 aislante de 1/2 
1/2 cinta blanca.
1 cinta aisladora de 5m";;;;;;;;;;;;;;;;;;
12/2/2025;;Ricardo (Ex Grassi Gas);;;Pablo y Yamil ;;;;;;;;;;;;;;;;;;;
12/2/2025;;Taller ;;;Martin;;;;;;;;;;;;;;;;;;;
13/2/2025;;Gustavo Bustamante ;;;Pablo y Yamil ;"Reemplazo de rulemanes de forzador de aire venta.
Colocación del aire ventana.
Revisión de aire split que condensa mucho, a este aire le cargamos r410 300 gramos aproximadamente.";;;;;;;;;;;;;;;;;;
13/2/2025;;Jose Arnaudo ;;;Pablo y Yamil ;"Revision: REALIZARLE SERVICE SECO A 5 EQUIPOS
PRESUPUESTAR Y VER QUE DESCUENTO SE LE PUEDE REALIZAR";;;;;;;;;;;;;;;;;;
13/2/2025;;Susana Alvarez ;;;Pablo y Yamil ;"Limpieza de unidad exterior
AGG MATERIALES
Reply:
	A.A de 5.3kw
Services en seco de U.E.
Reemplazo de motorcito de swing.
Del taller ocupamos un motorcito";;;;;;;;;;;;;;;;;;
13/2/2025;;Lautaro Trigo ;;;Pablo y Yamil ;"A.A de 2.7kw
Service en seco de ambas unidades.";;;;;;;;;;;;;;;;;;
13/2/2025;;Maria Laura Bosetti ;;;Pablo y Yamil ;"A A 1
Revisión de A.A que hace ruido (fue un aire que le hicimos el services, aparentemente vibraba el motor de la turbina por momento, lo acomodamos y ya no hace ruido)
A.A 2
Revisión de compresor, mecánicamente no arranca.
Quiere presupuesto de: cambiar el compresor
No tiene capacitor.
Le falta services a ambas unidades.
Le falta aislante y cinta a los caños";;;;;;;;;;;;;;;;;;
13/2/2025;;Javier Boot;;;Ramiro y Martin ;"*Conexion luz pileta,
*Cableado al pilar con luces y extendieron linea hasta el fondo
*techo: cableado de cenefa 
*luz en escalera 
*Tablero cambiaron entrada de luz muro";;;;;;;;;;;;;;;;;;
13/2/2025;;Farmacia Colon ;;;Nacho, Ramiro ;"Limpieza con hidro inalámbrica de evaporador de aire piso techo.
Control de consumo de aire split(consumo normal 9.6A), datos: 
Arranca con 67psi siendo R22, consume 9A. A los 10-15 min aproximadamente sube a 14-15A y luego salta hasta 22A aproximadamente y corta el protector termico de la bocha.";;;;;;;;;;;;;;;;;;
14/2/2025;;Alejandra Torcivia;;;Pablo y Yamil ;"Service en seco de A A de 2 ykw
Compramos un control universal";;;;;;;;;;;;;;;;;;
14/2/2025;;Malena Gomez ;;;Pablo y Yamil ;Limpieza de dasagote;;;;;;;;;;;;;;;;;;
14/2/2025;;Farmacia Colon ;;;Pablo y Yamil ;;;;;;;;;;;;;;;;;;;
14/2/2025;;Taller ;;;Martin;;;;;;;;;;;;;;;;;;;
;;;;;;;;;;;;;;;;;;;;;;;;
17/2/2025;;Javier Seewald ;;;Pablo, Yamil y Tincho ;"Reemplazo de disyuntor ( tetra 63A jeluz)
Tuvimos que cambiarlo porque el que pusieron no cerraba bien un tornillo.
Controlamos de nuevo los consumo (los dueño colocaron al azar para tener luz) los consumos quedaron:
21A L1
22A L2
18-19A L3
Revisamos secuencia de fases de aire piso techo porque no arrancaba.
Ocupamos del taller:
1 metro de cable del 6mm del rojo.
1 metro de cable de 6mm del negro.
1 disyuntor.";;;;;;;;;;;;;;;;;;
17/2/2025;;Flavio Valdez;;;Pablo y Yamil ;"Instalación de A.A de 5.8kw
Ocupamos del taller
3 metros de caño de 5/8
3 metros de caño de 3/8
1.5 aislante de 5/8
1.5 aislante de 3/8
8 metros de cable TPR de 5x2.5
1 ficha macho de 10A.
4 omegas chicas 
10 tacos y tornillos del 6
3 metros de manguera de cristal
1 cinta blanca de PVC
1 juego de patas de gomas
8 tuercas y 8 arandelas 
Instalación de A.A de 3.4kw (este aire aparentemente tiene problema de plaqueta porque corta la alimentación a la U.E aproximadamente a los 5min andando)
Ocupamos del taller 
5 metros de caño de 1/2
5 metros de caño de 1/4
2.5 aislante de 1/2
2.5 aislante de 1/4
6 metros de cable TPR de 5x2.5
1 cinta de PVC
6 metros de manguera cristal
2 omegas chicas
3 omegas grandes
14 tornillos del 6 
4 tacos de durlok
1 juego de patas de gomas
Reply:
	Las cintas de PVC sino me equivoco fueron las que sacamos el viernes de líder";;;;;;;;;;;;;;;;;;
17/02/25;;Conrrado Van Muylem ;;;Martin y Paloma ;Reemplazo de capacitores y control de refrigerante;;;;;;;;;;;;;;;;;;
17/2/2025;;Taller;;;Martin ;;;;;;;;;;;;;;;;;;;
18/2/2025;;Javier Boot;;;Martin ;"Solución eléctrica...
10 mts cable tpr 3x1.5
1 cinta aisladora 
2 tacos del 6
2 tornillos del 6
2 grampas";;;;;;;;;;;;;;;;;;
18/2/2025;;David Abraham;;;Martin;revision para presupuesto;;;;;;;;;;;;;;;;;;
18/2/2025;;Adela Isabel Perez ;;;Pablo y Yamil ;"Solución de perdida y carga de refrigerante AA 3200. 
Carga completa de R22.
Para este aire ocupamos aparte 
1 aislante de 1/4
1 aislante de 1/2
1 cinta con pega.
Solución de perdida y carga de refrigerante AA 3000kcal/h.
Carga completa de r410";;;;;;;;;;;;;;;;;;
18/2/2025;;Fabian Caruso (dpto 25 de mayo);;;Pablo y Yamil ;"Desinstalación de ventilador de techo.
Ayudamos a bajar heladera.
Colocamos flor, portalámpara y lámpara en donde está el ventilador";;;;;;;;;;;;;;;;;;
18/2/2025;;Fabian Caruso (Flia de la fuente);;;Pablo y Yamil ;"Bajamos artefacto y colocamos ventilador de techo en su lugar.
Ocupamos del taller
1 cable canal de 14x7 
6 metros de cable unipolar de 1.5
12 tacos y tornillos del 6
1 bastidor jeluz
1 tapón ciego jeluz
1 variador de ventilador jeluz
1 llave de punto simple jeluz 
4 precintos de 20cm
Carita compro:
2 cable canal
1 caja de superficie de 5x10";;;;;;;;;;;;;;;;;;
18/2/2025;;Jorge Diaz Carbel ;;;Tincho ;"Solución eléctrica en caja de inspección... corto circuito en cable subterráneo 4x6...
Intercambio de térmicas (desconecte una térmica y la reconecte en otro tablero) y conecte una termica donde estaba la que saque (un primo le hizo conexión temporal anoche para tener luz)
Reply:
	1 cinta aisladora
1mt termocontraible 10mm
30 cm termocontraible ancho que estaba en el taller)";;;;;;;;;;;;;;;;;;
19/2/2025;;Jorge Herrera ;;;Pablo ;Revisión de A.A porque hacía ruido la turbina.;;;;;;;;;;;;;;;;;;
19/2/2025;;Yesica Jorge;;;Pablo ;"Desinstalación de A.A de 3mil.
Ocupe fil para envolver la U.I
Entra ambos trabajos gaste 4500 en estacionamiento";;;;;;;;;;;;;;;;;;
19/2/2025;;Jorge Diaz Carbel ;;;Martin y Yamil ;;;;;;;;;;;;;;;;;;;
19/2/2025;;Roberto Menem ;;;Pablo ;"Revisión de A.A de 5Kw
Tienen perdida en robinetes de U.E.
Se retira la U.E y se la llevó al taller
Está faltando revisar otro A.A de 5.2kw
Porque le está faltando poco refrigerante. Sería revisar tu perdió cuando una conectaba el manómetro o por alguna pérdida";;;;;;;;;;;;;;;;;;
20/2/2025;;Jorge Diaz Carbel ;;;Martin y Yamil ;"Cambio de 15 lamparas dicroicas 
Cambio de contactor 
Cambio de 2 fotocelulas 
Encontramos perdida de corriente en uno de los artefactos 
Remplazo de artefacto de 18w en la cochera 
Cambio de fuente de 3 Amps";;;;;;;;;;;;;;;;;;
20/2/2025;;Karam ;;;Victor y Pablo ;Reemplazo de artefactos en altura;;;;;;;;;;;;;;;;;;
21/2/2025;;Alejandra Andrada ;;;Pablo y Martin;"Instalacio?n de 2 camaras.
Cableamos 7 (1/4) de bocas para alimentar 2 ca?maras.
Revisio?n de A.A que no enfriaba (le reemplazamos al capacitor de 30uf de compresor, le reemplazamos Obu, le cargamos 100gramos de R22)
Identificamos circuitos de tablero y colocamos ro?tulos.
Agregamos 1 te?rmica bipolar de 16A jeluz.
Reemplazo 2 te?rmicas de 25A por 2 te?rmicas de 16A jeluz
Ocupamos del taller 
3 te?rmicas
6 tornillos t2
2 tornillos T1
1 obu
Refrigerante 
Cable de unipolar de 6mm: 1m
17 metros de cable unipolar de 2.5 de diferente colores
Cinta aisladora
2 fichas hembras";;;;;;;;;;;;;;;;;;
21/2/2025;;Farmacia colon coronel montes;;;Pablo, Yamil y Tincho ;NO TENIAN QUE IR AHI;;;;;;;;;;;;;;;;;;
21/2/2025;;Jorge Diaz Carbel ;;;Yamil ;;;;;;;;;;;;;;;;;;;
21/2/2025;;Obra Karam ;;;;;;;;;;;;;;;;;;;;;;
;;;;;;;;;;;;;;;;;;;;;;;;
24/2/2025;;Alejandra Andrada;;;Pablo  y Yamil ;Fuimos a ver el problema ele?ctrico.;;;;;;;;;;;;;;;;;;
24/2/2025;;Lia Mercedes De la Colina ;;;Pablo  y Yamil ;"Anulamos cable de toma
Anulamos toma y colocamos tapa ciega de 5x10 con 2 tornillos t2
Cambiando 1 bi pin y dejamos 1 de repuesto.
Los bu pin son del taller. La tapa ciega la compre?.";;;;;;;;;;;;;;;;;;
24/2/2025;;Farmacia Colon ex Castore ;;;Pablo  y Yamil ;Visita te?cnica, hicimos mediciones con el mano?metro y le enviamos fotos a Nacho.;;;;;;;;;;;;;;;;;;
24/2/2025;;Roberto Menem ;;;Pablo .;"reemplazo de Orings de ambos robinetes de U.E de 4.5kw
Reemplazo de Obu de va?lvula de servicio.
Carga de refrigerante R22:1.130 kg.";;;;;;;;;;;;;;;;;;
24/2/2025;;Roberto Menem ;;;Pablo y Yamil ;"Colocacio?n de U.E. 
Limpieza de filtros de A.A de 5200W";;;;;;;;;;;;;;;;;;
24/2/2025;;Malena Gomez ;;;Pablo y Yamil ;Solucio?n de problema de carcasa de A.A (soldamos pla?sticos porque teni?a una mi?nima filtracio?n de agua por una grietas);;;;;;;;;;;;;;;;;;
24/2/2025;;A.A PORTATIL TALLER  JACOB;;;Yamil ;Carga de refrigerante r410A: 410gramos.;;;;;;;;;;;;;;;;;;
24/2/2025;;Obra MARITA KARAM ;;;Martin ;;;;;;;;;;;;;;;;;;;
25/2/2025;;Obra Javier Boot;;;Pablo y Yamil ;"Cableamos 8 (1/4) bocas.
Cableamos 5 (1/4) bocas de alimentacio?n trifa?sico.
Cableamos 2 bocas (alimentacio?n para tableros)
Colocamos 4 (1/4) de bocas
Reply:
	Material ocupado en boot 
Cable de unipolar de 4mm:
15 metros de color rojo 
15 metros de color negro
15 metros de color celeste 
15 metros de color marro?n
15 metros de color verde amarillo
Cable unipolar de 2.5mm:
10 metros de color blanco
10 metros de color negro
Cable unipolar de 1.5:
10 metros de color rojo.
10 metros de color celeste
15 metros de color verde amarillo
Cable Sintenax de 4x4
42 metros
4 cajas de chapa de 7x7";;;;;;;;;;;;;;;;;;
25/2/2025;;Obra Karam;;;Martin ;;;;;;;;;;;;;;;;;;;
26/2/2025;;Lia Mercedes De la Colina ;;;Pablo y Yamil ;"Solucio?n problema ele?ctrico (salta el disyuntor por la bomba) 
Falta revisar bomba de agua";;;;;;;;;;;;;;;;;;
26/2/2025;;Jorge Herrera ;;;Pablo y Yamil ;Revisamos A.A que volvio? a gotear;;;;;;;;;;;;;;;;;;
26/2/2025;;Obra Javier Boot;;;Pablo y Yamil ;Dejamos colocadas 5 luces en pileta (falta conectarlas);;;;;;;;;;;;;;;;;;
26/2/2025;;Farmacia Colon Ortiz de ocampo ;;;Pablo y Yamil ;"Services en seco de U.I de A.A 
Reemplazo de capacitor de 2.5 de forzador de U.I
A A del fondo:
Reemplazo de tarjeta electro?nica.
Reemplazo de capacitor de 35UF compresor de U.E
Reply:
	De este aire, la plaqueta que ocupamos era del taller 
Carita compro el capacitor de 2.5
La paloma me dio? para comprar el capacitor de 35UF";;;;;;;;;;;;;;;;;;
26/2/2025;;Obra Karam ;;;Martin;;;;;;;;;;;;;;;;;;;
27/2/2025;;Farmacia Colon Ortiz de ocampo ;;;Pablo y Yamil ;"A.A del fondo
Services en seco de U.I";;;;;;;;;;;;;;;;;;
27/2/2025;;Obra Karam ;;;Martin ;;;;;;;;;;;;;;;;;;;
28/2/2025;;Farmacia Colon ( Santa rosa rotonda tiburon);;;Pablo y Yamil ;"Services en seco de 2 aires piso techo.
Esta? faltando revisar un aire piso techo";;;;;;;;;;;;;;;;;;
28/2/2025;;Obra Karam ;;;Martin ;"Terraza deptos Marita arquitecta 
Alimentacio?n ele?ctrica a tablero del quincho
armado de tablero electrico
Cableado de 40 bocas (quincho y a la vuelta del tanque)
Armado de tendido ele?ctrico en el tanque (6 cajas estanca 6x6+ can?os ri?gidos pvc+ 14 grampas omegas de chapa)) 
Colocacio?n 7 artefactos led para aplicar 20x20
Colocacio?n de reflector (asador)
Colocacio?n de 3 artefactos colgantes (barra)
Colocacio?n artefacto led 10x10 (ban?o)
Media boca embutida (tirada de corrugado desde caja 6x6 del tanque hasta abajo donde esta el cable de alimentacio?n de la terraza)
Colocacio?n de 8 tomas dobles
Colocacio?n de 1 modulo de 3 puntos
Colocacio?n de 3 punto y toma (ban?o-asador y barra)
Reply:
	Materiales 
18 mts cable tpr 3x1.5
12 metros cable unipolar rojo 2.5
6 metros cable unipolar marro?n 1.5
18 mts cable unipolar v/a 1.5
15 mts cable unipolar azul 2.5
15 mts cable unipolar marro?n 2.5
52 tacos del 6
80 tornillos t2 
2 cintas aisladoras
Man?ana paso por el taller asi? entrego boletas de las compras realizadas en la semana en stg... 
Y consultar sobre boleta de compra de tomas y puntos a vi?ctor (de elcon)
Reply:
	Falta: 
Instalacion de 6 reflectores 
Picar conectar y alimentar toma interior (frente a las escaleras) 
Identificacio?n de cables en tablero general para la instalacio?n de los medidores de edelar.
Emprolijar conexiones pre existentes";;;;;;;;;;;;;;;;;;
;;;;;;;;;;;;;;;;;;;;;;;;
3/3/2025;;Taller (orden);;;Pablo;"Comencé a ordenar las cosas.
Escuela de gastronomía 
Pablo 
Anulé tomacorriente para que coloquen un cuadro.
Traje ventilador de pie al taller para revisar selector que aparentemente falla.
Traje al taller bomba presurizadora para revisar.";;;;;;;;;;;;;;;;;;
4/3/2025;;Farmacia Colon ( Santa rosa rotonda tiburon);;;Carita y Kabrilla;;;;;;;;;;;;;;;;;;;
5/3/2025;;Farmacia castore;;;Pablo y carita;Desinstalación y services de 2 U.I aires piso techo (local de venta);;;;;;;;;;;;;;;;;;
6/3/2025;;Farmacia castore;;;Pablo y carita;"Services de 2 U.E de aires piso techo (de local de venta)
Desinstalación y services de 1 U.I de aire piso techo (salon al lado del robot)
Services de 1 U.E de aire piso techo (salon al lado del robot)
Carga de refrigerante de ese aire piso techo. Carita sabe bien cuánto llevó.
Ocupamos del taller 
1/2 cinta de PVC
1/2 aislante de 1/4 
1/2 aislante de 3/4
4 kg r410a";;;;;;;;;;;;;;;;;;
7/3/2025;;Marita Karam;;;Tincho;"Terminamos obra karam:
TOTAL DE OBRA:
Obra Karam d tincho
Quincho 7 bocas armadas
Bocas cableadas y armada 17 
Artefactos colocados 12
Tableros de 12 bocas armado ( ver pato)
Afuera galería
3 artefactos colocados
1 boca armada
Zona tanque
Bocas armadas.8 bocas
5 bocas cableadas
Colocación de 6 reflectores
Instalación 6 reflectores...";;;;;;;;;;;;;;;;;;
7/3/2025;;Jorge Dias Carbel;;;Pablo, carita y Nacho;"Levantamos aire caído. Hicimos vitolas nuevas y cargamos gas.
Colocamos 4 tacos y tornillos del 10. 
Colocamos 3 alambres (aproximadamente 10 metros) para ayudarlo a que se quede fijo.
Colocamos membrana en las patas de la U.E
Todo el material lo ocupamos del taller 
Solucionamos perdida de luces";;;;;;;;;;;;;;;;;;
7/3/2025;;Karam usado por la Dorrego;;;Victor y pablo;"Pablo y papá de Nacho 
Colocamos 3 (1/4) de bocas 
El papá de Nacho llevó el material";;;;;;;;;;;;;;;;;;
8/3/2025;;Escuela de gastronomia;;;Nacho y kabrilla;Reinstalación de 4 zapatillas colgantes, reemplazo de manguera de desagüe de piso techo, solución de desagüe de aire Split (garantía),;;;;;;;;;;;;;;;;;;
;;;;;;;;;;;;;;;;;;;;;;;;
10/3/2025;;Farmacia colon en diagonal a las plazas 9 de julio ;;;Carita y Pablo;"Solución de problema de caño de desagote que está en la pared de aire piso techo (perdía agua la cañería)
Limpieza de filtros de aire piso techo 
Services en seco de aire de 3.7kw (de ambas unidades)";;;;;;;;;;;;;;;;;;
10/3/2025;;Farmacia colon frente de terminal vieja;;;Carita y Pablo;Services en seco de 2 U.E de aires piso techo;;;;;;;;;;;;;;;;;;
11/3/2025;;Farmacia colon frente de terminal vieja;;;Carita y Pablo;"Desinstalación de 2 U.I de aire bajo silueta de 18.000 kcal/h
Services de esas 2 U.I
La volvimos a colocar a esas 2 U.I (son los equipos que el día anterior lavamos las U.E)";;;;;;;;;;;;;;;;;;
11/3/2025;;Marita karam;;;Tincho;Solución de conexión de fotocelula qué maneja los reflectores...;;;;;;;;;;;;;;;;;;
11/3/2025;;Betty Alvarez;;;Tincho nacho;Solucion desagüe de AA;;;;;;;;;;;;;;;;;;
11/3/2025;;Instituto mariano moreno;;;Tincho nacho;"Reconexión ventilador de pared.
Reemplazo de forzador de heladera exhibidora.";;;;;;;;;;;;;;;;;;
11/3/2025;;RAMIRO QUIOSCO VIRGEN DEL VALLE;;;Tincho nacho;"Solución parcial en UE de AA del señor del kiosco, yendo para javi boot...
Falta resolver prpblema en forzadores de UI y plaqueta...";;;;;;;;;;;;;;;;;;
12/3/2025;;Celeste gaspanello ;;;Carita y Pablo;"Reemplazo de tablero eléctrico de de 8 bocas por uno de 20 bocas.
Separamos circuitos.
Armamos tablero
Colocamos 2 tomas de aplicar 
Ocupamos del taller 
1 tablero de chapa de 20 bocas
3 térmicas bipolar de 16A
1 térmica bipolar de 20A
10 tacos y tornillos del 6
1 varilla de cable canal de 20x10 
2 metros de cable unipolar de 2.5 negro.
2 metros de cable unipolar de 2.5 rojo.
2 metros de cable unipolar de 2.5 verde amarillo
1 de cable unipolar de 4mm marrón 
2 tomas de aplicar
Dejamos 1 toma de aplicar de 20 A para ella
1/2 balde de concreto";;;;;;;;;;;;;;;;;;
13/3/2025;;Solutec (ABRAHAM);;;Carita y Pablo;"Services en seco de Aire de 3.7kw (ambas unidades)
Ocupamos 1/2 metro de cinta de PVC.";;;;;;;;;;;;;;;;;;
13/3/2025;;Jorge Díaz carbel ;;;Carita y Pablo;Solución de problema eléctrico (saltaba el disyuntor);;;;;;;;;;;;;;;;;;
13/3/2025;; Fede sanjuanino;;;Carita y Pablo;"Instalación de aire de 3mil
Ocupamos del taller 
3 metros de caño de 1/4
3 metros de caño de 3/8
1.5 aislante de 1/4
1.5 aislante de 3/8
4 metros de cable tpr de 5x1.5
1/2 cinta de PVC con pega
20 tacos y tornillos del 6
4 cable canal de 20x10
8 metros de cable de 2.5 mm rojo.
8 metros de cable de 2.5mm negro 
8 metros de cable de 2.5mm verde amarillo
1 toma para aplicar de 10A.";;;;;;;;;;;;;;;;;;
14/3/2025;;Obra arquitecta Ruth;;;Carita y Pablo;"Terminamos de colocar tramo que faltaba en desagote de A.A
Ocupamos del taller 
1 codo de 45 y una cupla";;;;;;;;;;;;;;;;;;
14/3/2025;;Farmacia colon frente de la terminal vieja;;;Carita y Pablo;Revisamos aire de ventana que no andaba supuestamente. Estaba todo ok. Solo que tiene una pequeña perdida de corriente el aire (compresor con 15V) es una aire de más de 2 décadas.;;;;;;;;;;;;;;;;;;
14/3/2025;;Farmacia colon frente de la plaza 25;;;Carita y Pablo;"Revisamos aire piso techo que congelaba el evaporador.
Fue garantía del trabajo. Estaba perdiendo del Obu de la válvula de servicio. Cargamos gas";;;;;;;;;;;;;;;;;;
14/3/2025;;Rombola ;;;Carita y Pablo;"No tenía problema eléctrico, habían lámparas que estaban quemadas.
Reemplazo de 7 lámparas de 9W luz fría.
Reemplazo de 6 artefactos de aplicar de 24W cuadrados de luz cálida.
Instalación de un router
Programamos 2 reloj digital 
Ocupamos del taller
7 lámparas de 9W
14 tacos de durlok y tornillos del 6
1 cinta aisladora negra.";;;;;;;;;;;;;;;;;;
14/3/2025;;Hotel plaza;;;Carita y Pablo;"Desconexión de soplador de mano (tenía perdida de corriente:93V)
Solución de problema eléctrico de una zona de baño";;;;;;;;;;;;;;;;;;
;;;;;;;;;;;;;;;;;;;;;;;;
17/3/2025;;Carla Luna (departamento);;;Carita y Pablo;"Modificamos la altura que había quedado el aire.
Terminamos de ver el aire piso techo así quede funcionado.";;;;;;;;;;;;;;;;;;
17/3/2025;;Farmacia colon sucursal señor del milagro;;;Carita y Pablo;Revisamos problema de desagote de aire. Creo que sería garantía de trabajo.;;;;;;;;;;;;;;;;;;
17/3/2025;;Fabian Moon;;;Carita y Pablo;"Reemplazo de 2 artefactos de embutir de 18W cuadrados de luz cálido (del taller)
Reemplazo de turbina de bomba de agua
Volvimos a levantar camara que estaba media caída";;;;;;;;;;;;;;;;;;
17/3/2025;;Ariel Llamos;;;Tincho;Control heladera: presenta perdida todavía (se fue a vacio);;;;;;;;;;;;;;;;;;
17/3/2025;;Electrofrio;;;Tincho;movimiento masivo de ladrillos;;;;;;;;;;;;;;;;;;
18/3/2025;;Obra Javier boot ;;;Carita y Pablo;"Colocamos 13 (1/4) de bocas. Fueron 11 de 7x7; 1 de 10x10 y 1 de 15x15. Se ocupó del taller estos materiales
Modificamos de lugar un tablero que prendía la luz arriba de tablero original.
Reemplazo lámpara de luz exterior de entrada al terreno, colocando 1 artefacto + conexión con fotocelula. El cliente trajo estos materiales
ocupamos 1 metro de cable TPR de 2x1.5 para el artefacto";;;;;;;;;;;;;;;;;;
18/3/2025;;Electrofrio;;;tincho;"Moví tierra 
Corrí 3 postes de cemento con el giggs
Saque chapas de una puerta y desbaste el frente del marco
Saque ladrillos";;;;;;;;;;;;;;;;;;
18/3/2025;;Santiago Rezinosky;;;Ramiro y Nacho;"Reparación de Perdida de corriente, Revisión de 8 bocas!
Conexión de PAT";;;;;;;;;;;;;;;;;;
19/3/2025;;Farmacia colon sucursal CASTORE 3;;;Carita y Pablo;"Limpieza de desagote de 2 aires piso techo 
Modificamos la altura del desagote de esos 2 aires piso techo.
En la farmacia ayer ocupamos 2 refacciones que compro Nacho, y 1 metro de manguera de cristal";;;;;;;;;;;;;;;;;;
19/3/2025;;OBRA JAVIER BOOT;;;Carita, Pablo y Tincho;"Cavamos aproximadamente 7 metros a 60cm
Está faltando:
40 metros de caño de 63""
Pegamento para caño
3 módulo de tomas con base de riel din
Térmicas y protecciones para armar tablero de bombas para pileta.
Caño rígido con cupla y curvas
Termocontraibles, cable TPR, caño de 25mm, curva, cupla, caño corrugado para terminar última luz de pileta.";;;;;;;;;;;;;;;;;;
19/3/2025;;Ariel Llamos;;;Tincho;"Desoldado y soldado nuevo en heladera...
Carga parcial de r134a.
Y ayude a cavar a los chicos...";;;;;;;;;;;;;;;;;;
20/3/2025;;OBRA JAVIER BOOT;;;Tincho y Carita;"Conexion y Alimentación a bomba de la pileta
Conexión disyuntor bipolar de 63A 
Conexión de termica bipolar 20A y 2 térmicas bipolares de 16A
Cavamos zanja... faltan 30 mts aprox";;;;;;;;;;;;;;;;;;
20/3/2025;;María clara arrollo;;;Carita y Pablo;"Solución de problema con caño de A.A. presurizamos, hicimos vacío y abrimos refrigerante 
Se ocupó media varilla de plata
Gas Map 
3 metros de manguera de cristal
4 gramos de chapa 
8 tornillos y tacos del 6
2 aislante de 1/2
1/2 cinta con PVC";;;;;;;;;;;;;;;;;;
20/3/2025;;Nico  luna hno de dito;;;Pablo y Ramiro;"Aire pieza 1
Desinstalación y services de A.A de 3mil 
Reemplazo de capacitor de 30UF de compresor de U.E
Reemplazo de capacitor de 2.5 UF de forzador de U.E.
Falta volver a colocar el aire
Los capacitores se sacaron de líder 
Aire pieza 2 
A.A de 6mil
Limpieza de bandeja de desagote.
Controlamos desagote embutidos en la pared.";;;;;;;;;;;;;;;;;;
21/3/2025;;Javi boot;;;Tincho y Carita;Cavamos 15 mts a 60cmts;;;;;;;;;;;;;;;;;;
21/3/2025;;Nico luna hno dedito;;;Ramiro y Pablo;Colocamos de nuevo el aire de 3mil;;;;;;;;;;;;;;;;;;
21/3/2025;;Flavio Valdes;;;Ramiro y Pablo ;"Colocamos 2 artefactos de 24W cuadrado de embutir luz día.
Ocupamos 
4 metros de cable tpr de 3x2.5
2 plafón led (artefactos)";;;;;;;;;;;;;;;;;;
22/3/2025;;Agus gracelli ;;;Nacho y Pablo ;"Instalación de portero eléctrico con visor
Colocación de 2 artefactos direccionales.
Cambiamos de lugar 2 artefactos bidireccionales.
Colocamos módulo de toma, variador de ventilador y llave simple
Ocupamos del taller 
1/2 cinta aisladora
4 tacos y tornillos del 6
Cable utp 12 metros";;;;;;;;;;;;;;;;;;
22/3/2025;;Fede Ocampo ;;;Nacho y Pablo ;Visita técnica y solución de problema eléctrico (anulamos linea de farola, habrá que volver a revisar esa farola);;;;;;;;;;;;;;;;;;
;;;;;;;;;;;;;;;;;;;;;;;;
24/3/2025;;Rombola ;;;pablo y carita;"Armamos estructura de caño metálico de 7/8 para iluminación 
Colocamos boca completa para tomacorriente 
Colocamos 2 reflector de 20W
Colocamos 3 reflector de 30W
Colocamos 1 reflector de 150W
Reemplazo de llave de punto simple por llave de 3 puntos
Ocupamos del taller 
30 metros cable unipolar de 1.5 rojo
30 metros de cable unipolar de 2.5 negro 
35 metros de cable unipolar de 1.5 verde amarillo 
5 metros de cable unipolar de 2.5 rojo
5 metros de cable unipolar de2.5 negro
9 caños de chapa de 7/8
14 conector de chapa de 7/8
14 Omega
60 tornillos T1 aproximadamente 
6 cajas de 7x7 de chapa
1 caja de 5x10 de chapa 
5 metros de caño corrugado de 7/8
1 reflector de 30W luz cálida
1 módulo de 3 puntos simples para embutir
1 módulo de toma doble para embutir";;;;;;;;;;;;;;;;;;
24/3/2025;;electrofrio;;;tincho;"Estante colgante para teclado
Cableado, armado y conexión de zapatilla eléctrica... ""4 tomas 10A+ 1 modulo de red"" (todos dentro de un cable canal)
Tincho/giggio armado de estante para monitor 
Tincho/cachs entrega de heladera y cambio de artefacto de luz en la heladera (foto)";;;;;;;;;;;;;;;;;;
25/3/2025;;MARIA ELENA VIREY amiga mama nacho;;;pablo y carita;"MDO- ALIMENTACION AIRE ACONDICIONADO 2000/3500 KCAL
MDO - INSTALACION 3000/4500 + MATERIALES MIN REF
MDO - SERVICE SECO EN LUGAR/REVISION CAPACITORES Y REFRIGERANTE.
Otros:
Reemplazo de manguera de cristal
Materiales:
3 metros de caño de 5/8
3 metros de caño de 1/4
1.5 aislante de 5/8
1.5 aislante de 1/4
1 cinta de PVC con adhesivo 
1 cinta de PVC sin adhesivo 
4 metros de TPR 5x2.5mm
5 metros de TPR 3x2.5mm
8 omegas
6 metros de manguera de cristal 5/8
34 tacos y tornillos del 6 
1 toma de aplicar de 20A
1 cinta aisladora de 5m
10 tornillos T1
10 precintos 
4 patas de gomas regulables con tiernas y arandelas.
2 tornillos para techo de chapa 
4 arandelas";;;;;;;;;;;;;;;;;;
25/3/2025;;jorge  herrera odontologo;;;pablo y carita;"Otros:
Reemplazo de gomas soporte de motor forzador U.I Y destrancamos desagote embutido";;;;;;;;;;;;;;;;;;
25/3/2025;;electrofrio;;;tincho;"LimpieA de pieza del fondo
(Sacar mugre y ladrillos)
Emprolijjamiento de GMM";;;;;;;;;;;;;;;;;;
26/3/2025;;javier boot;;;pablo carita y tincho;"Otros:
Cavamos 18 metros. Colocamos 1 camara de inspección.Colocamos 2 bocas en loza, así puedan llenar la loza.Ocupamos los materiales que Nacho ya había llevado anteriormente. Fueron 2 cajas de 7x7 y caño corrugado";;;;;;;;;;;;;;;;;;
27/3/2025;;javier boot;;;pablo carita y tincho;"5 Cajas de chapa de 7x7 
2 cajas de chapa de 10x10
6 metros de caño corrugado de 20 mm
7 metros de caño corrugado de 22mm
6 metros de caño corrugado de 25mm
Colocamos 3 camaras de inspección. Colocamos 7 bocas (picada y embutida)";;;;;;;;;;;;;;;;;;
27/3/2025;;jorge herrera odontologo;;;carita;visita de garantia;;;;;;;;;;;;;;;;;;
28/3/2025;;javier boot;;;pablo carita y tincho;"28/03
Conteo de metros de sanja y materiales que ocupamos en la obra de Javier boot entre el 26/03 al 28/03
40 metros de sanja 
6 cámaras de inspección en total 
5 Cajas de chapa de 7x7 
3 cajas de chapa de 10x10 
3 cajas de chapa de 5x10
12 metros de caño corrugado de 7/8
6 metros de caño corrugado de 3/4 
6 metros de caño corrugado de 1''
2 metros de Caño de 25mm tigre
1 curva de 90 marca tigre 
1 codo de 45 marca tigre 
1 cupla marca tigre 
2 metros de cable TPR de 5x1.5mm
5 termocontraibles chicos 
Estaño para soldar
28/03
Obra Javier boot 
Carita, Tincho y Pablo 
Colocación de 2 camaras de inspección.
Colocación de 4 bocas (picada y amurada) 
Terminamos de conectar la última luz de la pileta
Comenzamos a picar las luces exteriores del otro lado de la pileta
Ocupamos del taller:
1 caja de chapa 10x10 
3 cajas de chapa 5x10 
Caño corrugado
Caño de 25mm marca tigre con accesorios.
Cable TPR de 5x1.5
Termocontraibles 
Estaño para soldar
Estos materiales ya están contemplados en el mensaje con el conteo de material entre el 26 al 28";;;;;;;;;;;;;;;;;;
;;;;;;;;;;;;;;;;;;;;;;;;
31/3/2025;;javier boot;;;CARITA Y PABLO;"MDO - ELE - BOCA CABLEADA 25%
Armado de estructura de PVC para luces. Aparte colocamos 7 bocas en viga (picada y amurada) cableamos 19 bocas
MATERIALES
Ocupamos del taller 
4 caños de PVC de 25 mm
4 curvas de PVC de 25mm
8 omegas de chapa de 1""
8 conectores de PVC de 25mm
3 cajas de PVC de 9x9
56 metros de cable 2.5mm rojo
56 metros de cable 2.5 celeste 
56 metros de cable 2.5 verde amarillo
6 metros de cable 1.5mm negro
1 cinta aisladora 
30 tacos y tornillos del 6
7 cajas de chapa de 7x7 
1 rollo de caño corrugado de 7/8";;;;;;;;;;;;;;;;;;
31/3/2025;;MARITA KARAM;;;Ramiro y Tincho;Pusimos luces Led en ña entrada... conectamos artefacto en hall de la entrada, alimentamos y pusimos un punto y losn2 fotos tmb...;;;;;;;;;;;;;;;;;;
1/4/2025;;javier boot;;;CARITA Y PABLO;"Materiales Utilizados:
8 metros de caño de 32mm
1 rollo de caño de 7/8
44 metros de cable unipolar de 2.5mm rojo 
44 metros de cable unipolar de 2.5mm celeste
44 metros de cable unipolar de 2.5mm v/a
25 metros de cable unipolar de 1.5mm marrón
25 metros de cable unipolar de 1.5mm negro
12 cajas de 7x7 de chapa
Reply:
	Trabajo de electricidad:
*MDO - ELE - BOCA CABLEADA 25%
Cableamos 12 bocas. Colocamos 12 bocas (picada y amurada). Cavamos 6 metros y colocamos caño de 32mm para para futura alimentación de helipuerto
Comentario: El arquitecto Pepe nos pidió 2 cajas de 5x10 para los albañiles, no sé bien para por que motivo.";;;;;;;;;;;;;;;;;;
1/4/2025;;RAUL PACHELA;;;RAMIRO Y NAChO;;;;;;;;;;;;;;;;;;;
2/4/2025;;RAUL PACHELA;;;Ramiro y Tincho;;;;;;;;;;;;;;;;;;;
2/4/2025;;Farmacia colon sucursal Ortiz de ocampo;;;Lulu;"Materiales Utilizados:
3 MTS de manguera de cristal
Trabajo de refrigeracion:
Cambio de bornera de motor compresor y cambio de manguera de cristal.
Lulu Compro manguera en zona sur";;;;;;;;;;;;;;;;;;
2/4/2025;;Obra Javier boot;;;CARITA Y PABLO;"Materiales Utilizados:
Ocupamos del taller 
1 caja de chapa de 5x10 
3 metros de caño corrugado de 1""
1 caja de aplicar de PVC de 5x10 
2 caños de PVC de 25mm
5 curvas de PVC de 25mm
2 conectores de PVC de 25mm
2 cajas de chapa de 7x7 
1/2 rollo de caño corrugado de 7/8
9 tomas dobles completos de embutir.
2 toma simples de exterior completos
3 llaves de punto simple para embutir
3 portalámparas
18 metros de cable unipolar de 2.5mm blanco.
18 metros de cable unipolar de 1.5mm rojo.
18 metros de cable unipolar de 1.5mm v/a
1 cupla de chapa de 7/8
Reply:
	Trabajo de electricidad:
MDO - ELE - BOCA CABLEADA 25%
Colocamos 2 bocas (picada y amurada) Colocamos 1 boca con cañería PVC. Colocamos 1 boca completa (picada, amurada, cableada y armada) Armamos y colocamos 9 tomas dobles para embutir Armamos y colocamos 2 toma de exterior Armamos y colocamos 3 llave de punto simple Armamos y colocamos 3 portalámparas Cableamos 4 bocas (3 + la boca completa anterior puesta).
Otros Trabajos:Hicimos agujero con mecha de 63 en la cisterna, el arquitecto Pepe nos dijo";;;;;;;;;;;;;;;;;;
2/4/2025;;Farmacia colon Gordillo y san nicolas;;;Ramiro y Tincho;"Materiales: anotados en planilla.
trabajos electricos: MDO - ELE - REEMPLAZO DE LAMPARA";;;;;;;;;;;;;;;;;;
2/4/2025;;FLAVIO VAlDEZ;;;Luciano Caliva;"00059 - VALVULA DE CARGA (COLITA DE CARGA) 
COMROT3000FGR22 - MOTOCOMPRESOR ROTATIVO GMCC
HSM215V3UDZ 3000FR R-22
00019 - REFRIGERANTE R22 LATA 800G 
14465FLUIDOLIMP - FLUIDO DE LIMPIEZA GP CREAL 100 1.3KG
00148 - MDO - REF - REEMPLAZO DE COMPRESOR
00053 - VARILLA SIMIL PLATA HARRIS
99953 - NITROGENO";;;;;;;;;;;;;;;;;;
3/4/2025;;GRASIGAS;;;;"Graci gas remplazo de artefacto para aplicar leed de 18 w 
Remplazo de 2 foco leed de 40 w en la planchada";;;;;;;;;;;;;;;;;;
3/4/2025;;TALLER;;;TINCHO;Revisión de AA de nico del rosso esta listo para instalar (lo deje con control remoto y pilas nuevas);;;;;;;;;;;;;;;;;;
3/4/2025;;NICOLAs DEL ROSSO;;;TINCHO;;;;;;;;;;;;;;;;;;;
3/4/2025;;RAUL PACHELA;;;YAMIL Y RAMIRO;Colocoacaion de plaqueta en un aire de 3500 frigorias y remplazo de capacitor;;;;;;;;;;;;;;;;;;
3/4/2025;;MEDIALUNAS CALENTITAS;;;YAMIL Y RAMIRO;Colocacion de bomba para desague de piso techo de 18000 frigorias;;;;;;;;;;;;;;;;;;
4/4/2025;;FLAVIO VAlDEZ;;;CARITA, MARTIN ARIAS y CARITA TINCHO;"Carita tincho
Flavio
Cambio de obu, pluoretano en huevos en techo y frente de la casa...
Tincho carita nacho
Flavio 
Reparación AA nuevob(supuesto inverter)";;;;;;;;;;;;;;;;;;
4/4/2025;;ROMBOLA;;;CARITA, tincho;REEMPLAZO DE FOTOCELULAS EN GArANTIA POR MALA INSTALACION DE LAS MISMAS;;;;;;;;;;;;;;;;;;
4/4/2025;;RUBEN KARAM;;;TINCHO Y YAMIL;"Solución eléctrica temporal (fase rota desde la calle) 
Sacamos 1 artefacto luz exterior";;;;;;;;;;;;;;;;;;
;;;;;;;;;;;;;;;;;;;;;;;;
7/4/2025;;Javier Boot;;;Carita y Pablo;"Materiales utilizados:
00555- 10 - cupla chapa 7/8
00539 - 5 - caja chapa 5x10
01380 - 1 - cinta aisladora 10metros
00792 - 49mts - cable unipolar 1x1,5 v/a
00797 - 28mts - cable unipolar 1x1,5 celeste
01230 - 68mts - cable unipolar 1x1,5 rojo
00800 - 42mts - cable unipolar 1x2,5 blanco
00536 - 1 - caja chapa octogonal 7x7
00430 - 1 - interruptor simple
00434 - 1 - riel din
01240 - 1 - bastidor platinum
01028 - 1 - tapa platinum
00435 - 2 - tomacorriente
00436 - 1 - tapon ciego
01378 - 25mts - corrugado blanco 22
Mano de Obra realizada:
01746 - 16 - boca cableada 25%
00089 - 1 - boca electrica cableada 50%
01696 - reparaciones varias: caño corrugado.";;;;;;;;;;;;;;;;;;
8/4/2025;;Javier Boot;;;Carita y Pablo;"Mano de obra
00090 - 2 -  mdo boca cableada: cableamos y colocamos 1 toma doble de embutir y portalampara de pared con lampara.
00146 - 4 - luminaria artefactos instalacion remplazo
00126 - 1 - mdo instalacion luminaria de aplicar chica.: instalacion de reflector 10w
00092 -1 MDo boca electrica tomacorriente
00166 - 2 - mdo reparaciones varias: reparamos 2 caños corrugados
pd: dejaron 6 cajas de 7x7 al arquitecto pepe";;;;;;;;;;;;;;;;;;
8/4/2025;;JORGE DIAZ CARBEL;;;YAMIL, NACHO, PAblo;"MANO DE OBRA:
DESINSTALACION UE PISO TECHO
INSTALACION UE PISO TECHO
TRASLADO DE UE AL OTRO DOMICILIO.
MATERIALES:
1/2 CINTA PVC BLANCA.
2 TACOS DEL 10
2 TORNILLOS DEL 10
MEMBRANA CON ADESIVO
1 PERFIL MONTANTE DE 40
4 TORNILLOS T2
4 TORNILLOS T1";;;;;;;;;;;;;;;;;;
8/4/2025;;ALEJANDRA DIAZ;;;CARITA Y PABLO;01332 - visita tecnica y solucion en el momento: 1: revisar tablero seccional porque tienen termicas unipolares y los neutro no estan protegidos. habia que revisar los cables posiblemente con un megometro. la casa del cliente quedo con luz y todo andando;;;;;;;;;;;;;;;;;;
8/4/2025;;CERDO DE LOS LLANOS (AV PERON);;;NACHO  Y LUCIANO;"Revision Tecnica, Presupuesto reporgramacion de (TC 900e)
Camara a baja temperatura, congela lacarne. combistato corta a -11ºc y arranca a 1,5ºc";;;;;;;;;;;;;;;;;;
8/4/2025;;CERDO DE LOS LLANOS (AV castro barros);;;NACHO  Y LUCIANO;"Revision de camara de frio (cerdo ) Controlador ETC-200+)
Acumula hielo el evaporador, realizan el descongelamiento de (forma manual) Evaporador Bloqueado COmpesor (QR3-90) R22";;;;;;;;;;;;;;;;;;
8/4/2025;;RAUL PACELLA;;;NACHO;Garantia de trabajo anterior;;;;;;;;;;;;;;;;;;
9/4/2025;;Fabian caruso;;;YAMIL Y PABLO;"00109 - desintalacion ventilador de techo:1
00140 instalacion ventilacion de techo :1";;;;;;;;;;;;;;;;;;
9/4/2025;;elio morales;;;YAMIL Y PABLO;00131 - intalacion de luminaria en altura - 2;;;;;;;;;;;;;;;;;;
9/4/2025;;Karam usados;;;YAMIL Y PABLO;"Cableamos y armamos 3 tomacorrientes de embutir dobles
00090 - Boca cableada 3";;;;;;;;;;;;;;;;;;
10/4/2025;;GRASIGAS;;;YAMIL Y PABLO;"00104 - desintalacion luminaria de aplicar chicac (24w) - 4
00126 - Instalacion luminaria de aplicar chica (24w) 3
0127 - Instalacion luminaria de aplicar grande (60x60)";;;;;;;;;;;;;;;;;;
10/4/2025;;VERGARA ROIG;;;YAMIL Y PABLO;"MANO DE OBRA
00089 - BOCA ARMADA AL 50%
00089 - BOCA PICADO
01740 - BOCA AMURADO:
PICAMOS Y AMURAMOS 5 BOCAS. OCUPAMOS MATERIAL QUE HAY EN LA CAJA DE LA OBRA";;;;;;;;;;;;;;;;;;
11/4/2025;;ANDRES MALDONADO;;;LUCIANO CALIVA;se soldo una colita de carga, se realizo un cambio de filtro. seguido de sus respectivos vacios. se cargo refrigerante, cambio de burletes;;;;;;;;;;;;;;;;;;
11/4/2025;;VERGARA ROIG;;;YAMIL Y PABLO;"00090 - bOCA ELECTRICA CABLEADO - 7
00166 - REPARACION - 1: REPARACION DE CAÑO CORRUGADO
00159 -  TIMER DIGITAL INSTALACION - 1 
(    ) - CONTACTOR INSTALACION - 1";;;;;;;;;;;;;;;;;;
11/4/2025;;KARAM AUTOMOTORES taller pricipal;;;YAMIL Y PABLO;"01696 - Reparacion - 1
00089 - Boca Picado - 1
01740 - Boca amurado - 1
00090 - boca cableado - 1";;;;;;;;;;;;;;;;;;
12/4/2025;;CAPACITACION PARA TECNICOS ELECTROFRIO;;;PABLO, MARTIN, JORGE Y NACHO.;;;;;;;;;;;;;;;;;;;
;;;;;;;;;;;;;;;;;;;;;;;;
14/4/2025;;CLIENTE ADRIAN;;;MARTIN DAVILA;"MATERIALES 
01047 - 1 varilla de plata
00038 - 1/2 cinta pvc c/adhesivo
99257 - 0,5 MAP
00013 - 1 MTS Aislante 1/4
00015 - 1MTS Aislante 1/2
MANO DE OBRA
00180 - Soldadura de cobre/cobre
realice una soldadura, realice vacio, no tiene perdidas";;;;;;;;;;;;;;;;;;
14/4/2025;;KARAM AUTOMOTORES;;;YAMIL Y PABLO;01398 - visita tecnica (presupuesto/ revision) Revisamos conexion electrica quehicimos limpiamos tomas corriente;;;;;;;;;;;;;;;;;;
14/4/2025;;CARLOS ALVAREZ;;;YAMIL Y PABLO;"00138- mdo luminaria tira led c/ fuente (7 metros) 
instalamos 7 metros de tira led. tuvimos que retirar la anterior tira led.";;;;;;;;;;;;;;;;;;
14/4/2025;;FARMACIA COLON SUCURSAL SANTA ROSA;;;YAMIL Y PABLO;01398- visita tecnica (presupuesto y revision ) fuimos al lugar a ver como bajamos un cartel y la ubicacion de la conexion electrica;;;;;;;;;;;;;;;;;;
15/4/2025;;HOTEL PLAZA;;;PABLO Y NACHO;VISITA TECNICA CON SOLUCION (BUSQUEDA DE LLAVE TERMOMAGNETICA DEL AREA DE LOS BAÑOS Y PASILLO DE PRIMER PISO, RECONECCION DE LA LINEA DEL BAÑO, AISLADO DE CABLES DE 2 BAÑO);;;;;;;;;;;;;;;;;;
15/4/2025;;KARAM AUTOMOTORES;;;NACHO Y PABLO;01398- visita tecnica revision: REvision de maquina trifasica (y control de tension en tomacorriente y termica bipolar;;;;;;;;;;;;;;;;;;
15/4/2025;;FARMACIA COLON SUCURSAL SANTA ROSA;;;RAMIRO, PABLO, YAMIL Y TINCHO;"01760- Luminaria en altura: Reparacion de cartel, remplazo de 6 tubos led.
99250 - conexion electrica: cableamos 25 luces en altura, sobre el techo de chapa (146mts tpr) 
00097- mdo conexion electrica:: colocalmos 4 cajas estancas y recableamos alimentacion de luces exteriores
00158 - desintalacion de termica bipolar";;;;;;;;;;;;;;;;;;
16/4/2025;;FARMACIA COLON SUCURSAL SANTA ROSA;;;RAMIRO Y TICNHO;"01752 luminaria aplicar media 
00128 luminaria de aplicar media: remplazo de reflector led
00131 luminaria en altura
01760 lumanria en altura : remplazo de 14 tubos led";;;;;;;;;;;;;;;;;;
16/4/2025;;ESTELA ;;;PABLO Y YAMIL;"01750 CONEXION ELECTRICA BAJADA MONOFASICA Y REMPLAZO DE LAMPARA 9W EN EL DOMICILIO DE LA HERMANA
01332 VISITA TRECNICA YSOLUCION EN EL LUGAR. ARREGLO DE FOTOCELULA, TENIAN CORATADA LA LUZ.";;;;;;;;;;;;;;;;;;
16/4/2025;;BLANCA CISTERNA;;;YAMIL Y PABLO;"00101 - desintalacion de AA 4500/6000 kcal
00176 - service de U.i y reintalacion de A.A
00097 - conexion electrica
99277 - Reemplazo de manguera de cristal de A.A 3 Kcal
00155 Remplazo de Termica bipolar para alimentacion de A.A de 4500/6000 kcal";;;;;;;;;;;;;;;;;;
17/4/2025;;ESTELA;;;YAMIL & luciano;cambio de rulemanes, cambio de reten sello y mantenimiento;;;;;;;;;;;;;;;;;;
17/4/2025123.;;OBRA ANGELELLI (PUNTA DE LOS LLANOS);;;PABLO Y TINCHO;"00095 MDO REF MODIFICACION DE DESAGOTE EMBUTIDO Y LO REPARAMOS OCUPAMOS 1 METRO DE MANGUERA DE CRISTAL, CINTA PVC Y AISLANTE
REVISAMOS 10 A.A DE PRESIONES Y DESAGUES
UN A.A DE 5100W NO TIENE REFRIGERANTE
OTRO A.A TIENE FUSIBLE QUEMADO DE 3,15 A 250V/A 1 PUENTEAMOS
LIMPIAMOS FILTROS DE 1A.A DDE 51000W 
ASEGURAMOS 3 U.E EN TECHO DE CHAPA CON ALAMBRE 
FALTA REVISAR 6 A.A";;;;;;;;;;;;;;;;;;
18/4/2025;;ELECTROFRIO;;;PABLO, MARTIN Y YAMIL;ORGANIZACION DE HERRAMIENTA DE LAS 2 CAJAS Y ESTANTES;;;;;;;;;;;;;;;;;;
19/4/2025;;CAPACITACION PARA TECNICOS ELECTROFRIO;;;PABLO, IGNACIO Y JORGE;;;;;;;;;;;;;;;;;;;
;;;;;;;;;;;;;;;;;;;;;;;;
21/04/2025;;VERGARA ROIG;;;PABLO Y MARTIN;"00090- MDO CABLEADO-2
01753 - MDO CABLEADO LINEA SUBTERRANEO 4
00091 - MDO BOCA ELECTRICA ILUMINACION - 2: COLOCACION DE 2 PORTALAMPARAS DE COLGAR
01747 - MDO BOCA INTERRUPTOR 1- COLOCACION DE INTERRUPTOR SIMPLE LLAVE PUNTO.
00092 - MDO TOMACORRIENTE-4 COLOCACION DE TOMACCORRIENTES DOBLES DE EMBUTIR.";;;;;;;;;;;;;;;;;;
21/04/2025;;RAUL LA BOUTIQUE DEL BEBE;;;YAMIL & LUCIANO;"MATERIALES:
1 SILICONA ACETICA NEGRA
8 PRECINTOS 2000*360
1 CINTA PVC C/A
1MTS MANGUERA DE CRISTAL
1 ASILANTE
1 PLAQUETA UNIVERSAL
MDO:
00169 - SERVICE 18000
SE PINTO DESAGUE Y UNA FRANJA DE ""VAPORIZADOR"" Y CAMBIO DE PLAQUETA.";;;;;;;;;;;;;;;;;;
22/04/2025;;VERGARA ROIG;;;PABLO Y MARTIN;"01753 -  CABLEADO LINEA SUBTERRANEA - 3
00097 CONEXION ELECTRICA/ ALIMENTACION AREA REFLECTOR - 2 : CONEXION DE REFLECTORES YA ESTABAN INSTALADOS, SOLO FALTABA ALIMENTARLO PORQUE EL CABLE QUE TENIAN ERA CORTO
00089 - BOCA PICADO -1
01740 - BOCA AMURADO 1
(      ) INSTALCION DE CAJA ESTANCA - 2
(      ) INSTALACION DE CAJA ESTANCA -1";;;;;;;;;;;;;;;;;;
23/04/2025;;Farmacia Colon Suc Señor del milagro;;;RAMIRO;"01398 - PRESUPUESTO
EN PLANILLA DE TRABAJO ADJUNTO MATERIALES Y MANO DE OBRA";;;;;;;;;;;;;;;;;;
23/04/2025;;LA BOUTIQUE DEL BEBE;;;RAMIRO;"01398 - PRESUPUESTO
EN PLANILLA DE TRABAJO ADJUNTO MATERIALES Y MANO DE OBRA";;;;;;;;;;;;;;;;;;
23/04/2025;;VERGARA ROIG;;;pablo, martin yamil;;;;;;;;;;;;;;;;;;;
24/04/2025;;CERDO DE LOS LLANOS;;;NACHO & LUCIANO;REVISION CAMARA;;;;;;;;;;;;;;;;;;
24/04/2025;;VERGARA ROIG;;;pablo, martin yamil;"Mano de Obra:
01740 amurado boca: 7
00090 boca cableada:21
00097: conexion electrica: modificacion del lugar de caja octogonal: 3
00126- luminaria de aplicar chica instalacion 18w: instalacion de 2 artefactos de aplicar cuadrdos de 18w de luz fria:2";;;;;;;;;;;;;;;;;;
24/04/2025;;PEPE LLAMOS;;;pablo, martin yamil;01398 VISITIA TECNICA REVISION: MEDIMOS UBICACION DE ARTEFACTOS Y MATERIALES QUE HACEN FALTA;;;;;;;;;;;;;;;;;;
25/04/2025;;PEPE LLAMOS;;;PABLO Y YAMIL;"MANO DE OBRA
00126 luminaria de aplicar chica (12w) 5.
01759 luminaria de embutir media (18w) 4.
00127 Luminaria de aplicar media (24w) 1.
00092 boca tomacorriente 4
00097 conexion electrica: instalamos 2 zapattillas electricas de 4 tomas.
00097 conexion electrica: instalacion de 2 camaras
00143 ref limpieza y desagote A.A 4500; limpieza de desague y embutido
00097 conexion elcetrica :colocamos cable de red
01747 boca interruptor colocamos llaves de 3 puntos
00093 boca red: colocacion de modulo de red.";;;;;;;;;;;;;;;;;;
25/04/2025;;KARAM AUTOMOTORES;;;MARTIN;01714 - TABLERO ELECTRICO MODIFICACION;;;;;;;;;;;;;;;;;;
26/04/2025;;KARAM AUTOMOTORES;;;pablo, martin yamil;"MISMA PLANILLA 25/04
TABLERO 1: COLOCACION DE DISYUNTOR TETRAPOLAR, SCAMOS TERMICAS DE TOMA TRIFASICO, ANULAMOS TOMAS 12V
TABLERO 2: COLOCACION DE TERMICAS TETRAPOLAR Y DISYUNTOR TETRAPOLAR, SACAMOS TERMICA DE TOMA TRIFASICO.
TABLERO 3:COLOCACION DE TERMICA TETRAPOLAR Y DISYUNTOR TETRAPOLAR. ANULAMOS TOMA 12 V
TABLERO 4: COLOCACION DE DISYUNTOR TETRAPOLAR. SACAMOS TERMICA TRIPOLAR DE TOMA TRIFASICO Y ANULAMOS TOMA 12 V.
TABLERO 5: IGUAL LA ANTERIOR";;;;;;;;;;;;;;;;;;
;;;;;;;;;;;;;;;;;;;;;;;;
28/4/2025;;MARITA KARAM;;;CORDOBA PABLO Y DIAZ YAMIL.;"1) 00136 - LUZ EMERGENCIA INSTALACION
2) INSTALACION DE 4 DETECTORES DE HUMO
3) ALIMENTACION DE LUZ DE EMERGENCIA";;;;;;;;;;;;;;;;;;
28/4/2025;;KARAM AUTOMOTORES;;;CORDOBA PABLO Y DIAZ YAMIL.;"01763- INTERUPTOR/TOMACORRIENTE: REMPLAZO DE 1 LLAVE PUNTP
13 TOMACORRIENTE DOBLES
2 LLAVES DE 2 PUNTOS
1 LLAVE DE 3 PUNTOS
7 PUNTO Y TOMA
7 TOMACORRIENTE SIMPLE
AISLAMOS CONEXION ELECTRICA DE TOMA PORQUE NO TENIA CABLE DE TIERRA Y NO PASABA LA CINTA PASACABLE, ANULAMOS TOMA Y PUSIMOS 1 TAPA CIEGA DE 5X10 PVC";;;;;;;;;;;;;;;;;;
29/4/2025;;LA BOTIQUE DEL BEBE;;;DAVILA MARTIN;"00098- DESINTALCION DE A.A 12000-18000
SPLIT PISO TECHO SERIALNº 0007-72186 MODELO MCC55P17 DE 13130/15100 kcal/h
ubicado en el local cerca del baño";;;;;;;;;;;;;;;;;;
29/4/2025;;ANDRES MALDONADO;;;LUCIANO CALIVA;cambio de termostato en domicilio (heladera);;;;;;;;;;;;;;;;;;
30/4/2025;;LA BOTIQUE DEL BEBE;;;YAMIL, MARTIN Y PABLO;"service completo y rewintalacion de a.a
01738 - limpieza u.e
Aseguramos u.e de los 2 pisos techo con montantes.
00147 remplazo de capcaitor de u.i de 6uf 
reparacion desague U.I";;;;;;;;;;;;;;;;;;
30/4/2025;;PEPE LLAMOS;;;YAMIL, MARTIN Y PABLO;revision de cable de red - trabajo de  garantia;;;;;;;;;;;;;;;;;;
30/4/2025;;ELIO MORALES;;;IGNACIO ARIAS;01332- visita tecnica con solucion: desconexion de linea trifasica con problema de perdida de corrietne y conexion de luces de estacionamiento;;;;;;;;;;;;;;;;;;
2/5/2025;;RAUL PACELA;;;PABLO Y TINCHO;01746 BOCA ELECTRICA LOZA: PISO PARA ARMADO DE LUCES EXTERIORES (12): FIJAMOS CAÑOS CORRUGADOS PARA FUTURA CONEXIONES DE ARTEFACTOS.;;;;;;;;;;;;;;;;;;
2/5/2025;;ELIO MORALES (DEPOSITO TALLER);;;PABLO Y TINCHO;"00163 - CONEXION ELECTRICA: REPARACION DE CABLE DE ALIMENTACION, RECABLEADO PROVISORIO PARA ALIMENTACION DE TALLER MECANICO. DESCONEXCION DE ALIMENTACION OFICINA PRINCIPAL Y DESCONEXCION DE CABLE DAÑADO POR INCENDIO.
RECONEXION ALIMENTACION TRIFASICO GENERAL Y CONTROL DE TRABAJO FINALIZADO. 
FALTA RENOVACION DEL TENDIDO ELECTRICO (CONEXIONES Y MATERIALES OBSOLETOS";;;;;;;;;;;;;;;;;;
2/5/2025;;MEDIALUNAS CALENTITAS;;;PABLO Y TINCHO;REVISION DE BOMBA DE DESAGOTE DE U.I DE AIRE PISO TECHO. TRABAJO DE GARANTIA. REVISAMOS BOMBA DE AIRE COLOCANDO PRECINTOS EN LA UINION DE UNA ESPIGA O NIPLE POR PEQUÑA PERDIDA DE AGUA. AIRE SOBRE PUERTA DE CALLE BAZAN Y BUSTOS.;;;;;;;;;;;;;;;;;;
2/5/2025;;FABIAN LUNA;;;PABLO Y TINCHO;DESINTALACION DE BOMBA DE AGUA: RETIRAMOS BOMBA DE AGUA YLA TRAJIMOS AL TALLER PARA  REVISION!;;;;;;;;;;;;;;;;;;
;;;;;;;;;;;;;;;;;;;;;;;;
5/5/2025;;VERGARA ROIG JAVIER;;;CARITA Y PABLO;"00155 - 3 - termica bipolar instalcion: REvision de conexion electrica de artefactos de iluminacion hasta el tablero.
colocacion de 2 termicas bipolaridad de 16A y 1 termica bipolar de 10A debemos volver y seguir revisando conexion, colocar caños corrugados en vigas de muro.";;;;;;;;;;;;;;;;;;
5/5/2025;;TALLER (GABINETES);;;RAMIRO;BUSQUEDA DE TABLEROS AL HERRERO;;;;;;;;;;;;;;;;;;
6/5/2025;;VERGARA ROIG JAVIER;;;CARITA PABLO Y TINCHO;"99955 - 1 - zanjeo de alimentacion subterranea: zanjeo de 65 metros a 0.60 cm
01746 - 6 - boca electrica en losa: colocacion de 6 bocas en murallon de piedra
00097- 1 - conexion electrica: Revision de conexion electrica de artefactos que no andaban en quincho identificacion de termicas";;;;;;;;;;;;;;;;;;
6/5/2025;;RODRIGO TOMAS (PLASTICOS);;;RAMIRO Y NACHO;PRESUPUESTO DE GALPO;;;;;;;;;;;;;;;;;;
6/5/2025;;FARMACIA COLON (ortiz de ocampo);;;CARITA, TINCHO Y PABLO;"00145 - 1 - remplazo de aislaciones: remplazo de aislante de 1/2 porque tenia uno medio gastado
(    ) - 1 - revision de A.A refrigerante y consumo: AA que esta en la entrada del lugar";;;;;;;;;;;;;;;;;;
7/5/2025;;CERDO DE LOS LLANOS (CASTRO BARROS);;;CARITA, TINCHO Y PABLO;"A.A 4500 FRIGORIAS INSTALACION ELECTRICA
SOLDADURA CAÑO 1/4 Y 1/2
PROLONGAMOS EL CABLE DE ALIMENTACION";;;;;;;;;;;;;;;;;;
7/5/2025;;TALLER (GABINETES);;;RAMIRO;PINTURA DE GABINETES;;;;;;;;;;;;;;;;;;
7/5/2025;;VERGARA ROIG JAVIER;;;CARITA, TINCHO Y PABLO;"5METROS ZANJA A 60 CM FRENTE DE LA DERECHA (VIENDOLO DE FRENTE
6 BOCAS MURALLON CHICOTES ESTABAN LLENANDO
1  POZO PARA LOSA DE INSPECCION (FALTA PASAR CAÑO POR DEBAJO DEL MURALLON PARA CONECTAR CAJAS DE INSPECCION
TIEMPO ESTIMADO 5 HS";;;;;;;;;;;;;;;;;;
8/5/2025;;TALLER (HELADERA);;;LUCIANO;;;;;;;;;;;;;;;;;;;
8/5/2025;;TALLER (GABINETES);;;RAMIRO Y TINCHO;"ARMADO Y PINTADO
LIMPIEZA DEL TALLER";;;;;;;;;;;;;;;;;;
8/5/2025;;VERGARA ROIG JAVIER;;;CARITA Y PABLO;"01746 - 6 - COLOCACION DE 6 CAJAS EN MURALLON, MIENTRAS LO IBAN ARMANDO
0089 - - 2 - PICADA BOCA
01740 - 2 - AMURADO BOCA
00097-  1 - CONEXION ELECTRICA REVISION DE CONEXION DE TABLERO
(    ) - 1 METRO ZANJEO DE ALIMENTACION SUBTERRANEAO, HICIMOS EL PASE POR DE BAJO DEL MURALLON.
TIEMPO: JORNADA COMPLETA";;;;;;;;;;;;;;;;;;
9/5/2025;;ARIAS MARTIN;;;LUCIANO;"REMPLAZO DE COMPRESOR HELADERA
CAMBIO DE FILTRO
CARGA DE REFRIGERANTE";;;;;;;;;;;;;;;;;;
9/5/2025;;VERONICA LLAMO;;;PABLO;"CONEXION ELECTRICA: 
OBSERVACIION: SOLUCION DE SALTO DE DISYUNTOR, FALTA REVISAR LUCES DE CASA, NO ANDAN 2 Y UNA FOTOCELULA NO APAGA. FALTA REVISAR CABLE QUE UTILIZE PARA DAR SOLUCION, YA ESTABAN CABLEADOS
TIEMPO ESTIMADO: 4HS";;;;;;;;;;;;;;;;;;
9/5/2025;;RAUL PACELLA;;;TINCHO Y CARITA;"99957- ALIMENTACION SUBTERRANEA 1 1/2: FALTA 1 CAMARA YMEDIA (FALTA DE ARENA
99955- 10 MTS DE ZANJA A 60 CM DE PROFUNDIDAD.
OBSERVACION :FALTA TERMINAR 1 1/2 CAJA DE INSPECCION, PICAR HASTA LA CAJA 20*20 DE PASO PARA LLEGAR AL TABLERO Y ALIMENTACION FALTA PONER 4  CAJAS 5*10 P/ TOMAS, 2 CAJAS 10*10 PARA ALIMENTAR LUCES LED
TIEMPO ESTIMADO 8HS";;;;;;;;;;;;;;;;;;
9/5/2025;;FEDERICO OCAMPO;;;CARITA,TINCHO, PABLO Y RAMIRO;;;;;;;;;;;;;;;;;;;
;;;;;;;;;;;;;;;;;;;;;;;;
12/5/2025;;ARIEL LLAMO;;;CARITA, TINCHO Y PABLO;"REMPLAZO LLAVE 2 PUNTOS
REMPLAZO MODULO 1 PUNTO JELUZ
REMPLAZO MODULO 1 PUNTO TECLASTAR
COLOCACION DE TERMICA 2*10A
COLOCACION DE ARTEFACTO TRIDIMENSIONAL DE PARED
CABLEMAOS 1 BOCA
COLOCACION 2 FOTOCELULA";;;;;;;;;;;;;;;;;;
12/5/2025;;ESCUELA DE GASTRONOMIA;;;CARITA, TINCHO Y PABLO;"VISITA TECNICA
TIEMPO ESTIMADO: 30 MINUTOS";;;;;;;;;;;;;;;;;;
12/5/2025;;RAUL PACELLA;;;CARITA, TINCHO Y PABLO;4- BOCA ZANJADAS SUBTERRANEO, COLOCACION DE 2 CAJAS DE INSPECCION ( 3 EN TOTAL);;;;;;;;;;;;;;;;;;
13/5/2025;;ELIO MORALES (EDM ANDINA ZONA SUR);;;CARITA, TINCHO Y PABLO;"REMPLAZO DE FUENTE DE 5A
REMPLAZO DE FUENTE DE 20A
ALIMENTACION DEFUENTE DE 3A
REVISION DE CARTELES 12V EN ALTURA (APROXIMADO 5-6 MTS)
INSTALACION DE BANDEJA PORTA CABLE.
OBSERVACIONES: EL CARTEL QUE ESTA CERCA DE LA ENTRADA DEL TALLER ESTA MANCHADO, INTENTAMOS LIMPIARLO CON NAFTA PERO NO SALEN LAS MANCHAS SE DEBERIAN PINTAR DE NUEVO";;;;;;;;;;;;;;;;;;
13/5/2025;;LA BOUTIQUE DEL BEBE (LOCAL);;;CARITA, TINCHO Y PABLO;REMPLAZO DE PLAQUETA UNIVERSAL CON VELOCIDADES DE AIRE PISO/TECHO;;;;;;;;;;;;;;;;;;
14/5/2025;;RAUL PACELLA (CASA);;;TINCHO Y CARITA;"FUIMOS Y NO PUDIMOS PICAR, NI EMBUTIR LAS CAJAS EN MURITO PORQUE ESTABANREVOCANDO Y ESTABA FRESCO EL CEMENTO
TIEMPO ESTIMADO 30 MINUTOS";;;;;;;;;;;;;;;;;;
14/5/2025;;GRASI GAS;;;TINCHO Y CARITA;"REMPLAZO DE 2 REFLECTORES 150 WATS EN ALTURA EN EXTERIOR
REMPLAZO DE GALPONERA DE 40 W
TIEMPO ESTIMADO: 2HS 30 MINUTOS";;;;;;;;;;;;;;;;;;
14/5/2025;;FARMACIA COLON (STA ROSA);;;TINCHO Y CARITA;"REVISION DE TERMICAS, DISYUNTOR Y CONSUMO DE LUCES INTERIOR FARMACIA.
NO PRESENTABA PROBLEMAS, FUNCIONAMIENTO NORMAL: CONSUMO 25A
TIEMPO ESTIMADO 20 MINUTOS";;;;;;;;;;;;;;;;;;
14/5/2025;;ARIEL LLAMO (CASA);;;TINCHO Y CARITA;"INSTALACION DE 4 COLGANTES EN MESA DE TRABAJO (TALLER); ARTEFACTOS + DICROICAS + ALIMENTACION.
OBSERVACIONES: FALTA LLEVAR BIPIN H4 LED CALIDA; FALTA INTALACION Y ALIMENTACION LUCES B AJO MESADA ( PASE 1 MT TPR- 1 ARTEFACTO BAJO MESADA.";;;;;;;;;;;;;;;;;;
14/5/2025;;CERDO DE LOS LLANOS (FABRICA);;;TINCHO Y CARITA;"2 - LIMPIEZA DE DESAGOTE
2 LIMPIEZA FILTRO SPLIT
2 - REMPLAZO DE MANGUERA DE CRISTAL
2 - REPARACION DE DESAGOTE
FALTA VER UN A.A QUE ANDA BIEN PERO TIRA MAL OLOR.
TIEMPO ESTIMADO: 2HS";;;;;;;;;;;;;;;;;;
15/5/2025;;ANDRES MALDONADO;;;RAMIRO & LUCIANO;RETIRO HELADERA DE DOMICILIO;;;;;;;;;;;;;;;;;;
15/5/2025;;LA BOUTIQUE DEL BEBE (LOCAL);;;CARITA, TINCHO Y PABLO;REVISION DE MANGUERA DE DESAGOTE, GARANTIA DE TRABAJO.;;;;;;;;;;;;;;;;;;
15/5/2025;;ELIO MORALES (EDM ANDINA ZONA SUR);;;CARITA, TINCHO Y PABLO;"REMPLAZO DE LUMINARIA DE EMBUTIR CHICA - REDONDO (12W): UBICADO SOBRE DISPENSER
REMPLAZO DE TIRA LED, CARTEL UBICADO EN AV ORTIZ DE OCAMPO
REMPLAZO DE DICROICA LUZ FRIA 7W UBICADO POR AV ORTIZ DE OCAMPO
TIEMPO ESTIMADO:1.HS 30 MIN";;;;;;;;;;;;;;;;;;
15/5/2025;;CERDO DE LOS LLANOS (FABRICA);;;CARITA Y PABLO;DESINTALACION DE UNIDAD INTERIOR DE A.A. POR CUESTIONES  DE TIEMPO NO PUDIMOS BAJAR LA UNIDAD EXTERIOR. PERO SI SE PUEDE LIMPIAR ALLA. HAY PICO PARA CONECTAR LA HIDRO.;;;;;;;;;;;;;;;;;;
15/5/2025;;VERGARA ROIG;;;CARITA, TINCHO Y PABLO;"ALIMENTACION SUBTERRANEA, CABADO  ZANJEO 6 MTS, CONEXION ELECTRICA
REPARACION: 5, ALIMENTACION SUBTERRANEA, ARMADO DE CAMARA DE PASO INSPECCION: 2
TIEMPO ESTIMADO: 5HS";;;;;;;;;;;;;;;;;;
16/5/2025;;RAUL PACELLA;;;TINCHO Y PABLO;"7 BOCA PICADA
7 BOCA AMURADO
TIEMPO ESTIMADO 3HS";;;;;;;;;;;;;;;;;;
16/5/2025;;ELIO MORALES (EDM ANDINA ZONA SUR);;;CARITA, TINCHO Y PABLO;"REMPLAZO DE PLAFON DE EMBUTIR DE 12W.
INSTALACION DE REFLECTOR DE 30 W
COLOCACION DE 1 MODULO DE PUNTO PLATINUM.
CABLEADO POR BANDEJA PORTACABLE DE 7 REFLECTORES.
REVISION DE CARTEL LED, TRABAJO DE GARANTIA.
TIEMPO ESTIMADO 4HS";;;;;;;;;;;;;;;;;;
16/5/2025;;CERDO DE LOS LLANOS (FABRICA);;;TINCHO Y CARITA;"SERVICE A.A U.E EN ALTURA (TINCHO/CARITA)
SERVICE A.A U.I CARITA
TIEMPO ESTIMADO 1HS 20 MINUTOS";;;;;;;;;;;;;;;;;;
;;;;;;;;;;;;;;;;;;;;;;;;
19/5/2025;;VERGARA ROIG JAVIER;;;NACHO Y PABLO;"FUIMOS A VER QUE FALTABA , ASI NACHO DEFINE CON EL CLIENTE LO QUE FALTABA.
ADJUNTO EN PAPEL CON LOS ITEMS QUE ME HIZO ANOTAR NACHO. NACHO TIENE REUNION EL 20/5 CON EL ARQUITECTO";;;;;;;;;;;;;;;;;;
19/5/2025;;KARINA ARIAS (TIA NACHO);;;NACHO Y PABLO;RETIRAMOS HELADERA FAMILIAR PARA REVISAR;;;;;;;;;;;;;;;;;;
19/5/2025;;MARTIN ARIAS;;;NACHO Y PABLO;ENTREGA DE HELADERA;;;;;;;;;;;;;;;;;;
20/5/2025;;VERGARA ROIG JAVIER;;;NACHO, PABLO Y RAMIRO;"MANO DE OBRA: 4 BOCAS DOBLES (TERMOTANQUE/AIRE) 20%
1/2 BOCA CAJA DE PASO ESCALERA A CAJA DE IMPECCION
2: INSTALACION TIMMER Y CONTACTOR TABLERO CANCHA Y PILETA.
7: BOCA LOSA (ESCALERA)
1 BOCA TERRAZA.
TIEMPO ESTIMADO: JORNADA COMPLETA.";;;;;;;;;;;;;;;;;;
21/5/2025;;KARINA ARIAS (TIA NACHO);;;LUCIANO;;;;;;;;;;;;;;;;;;;
21/5/2025;;VERGARA ROIG JAVIER;;;RAMIRO Y PABLO;"MANO DE OBRA:
12 BOCAS (CAJA ESTANCA) EN PERGOLA
1 COLOCACION DE JABALINA
1 COLOCACION DE TERMICA
1 COLOCACION DE DISYUNTOR (RE UBICADO EN OTRO TABLERO)
2 COLOCACION ARTEFACTO BAÑO (PAPEL HIGIENICO Y TOALLERO)
3 BOCA DESCANSO ESCALERA";;;;;;;;;;;;;;;;;;
22/5/2025;;VERGARA ROIG JAVIER;;;RAMIRO Y PABLO;"MANO DE OBRA:
12 BOCAS CABLEADAS ILUMINACION
12 BOCAS CABLEADAS CAMARAS
2 BOCAS NUEVAS CAMARAS SOLO ARMADO
1 BOCA COMPLETAA ALIMENTACICON PERGOLA BAÑO
1 BOCA PICADA Y CABLEADO TOMA DETRAS DEL TABLERO";;;;;;;;;;;;;;;;;;
23/5/2025;;VERGARA ROIG JAVIER;;;RAMIRO Y PABLO;;;;;;;;;;;;;;;;;;;
;;;;;;;;;;;;;;;;;;;;;;;;
26/5/2025;;FEDERICO OCAMPO;;;LUCIANO Y CARITA;"DESINTALACION DE LUMINARIA COLGANTE CHICA
DESINTALACION DE 2 CAMARAS DE SEGURIDAD
INSTALACION DE 1 CAMARA DE SEGURIDAD";;;;;;;;;;;;;;;;;;
26/5/2025;;JORGE ELIZONDO;;;LUCIANO Y CARITA;DESINTALACION Y REISNTALACION DE UNIDAD EXTERIOR 4500 KCAL;;;;;;;;;;;;;;;;;;
26/5/2025;;VERGARA ROIG;;;PABLO, RAMIRA Y CARITA;"4 BOCAS CABLEADAS CAMARAS DE VIGILANCIA
1 BOCA DE PASO CABLEADA Y PICADA
2 BOCA DE LOSA EN INGRESO ESCALERA
2 BOCA PICADA Y ARMADA DE INTERNET
30MTS CABLEADO DE UTP (INTERNET)
11 MTS CABLEADO LINEA EXTERIOR (REMPLAZO QUE ROMPIO EL HERRERO)
1 BOCA CABLEADO EN TERRAZA
1 MODIFICAMOS DE LUGAR  EL ROUTER (AMURADO EN LA PARED)";;;;;;;;;;;;;;;;;;
27/5/2025;;FEDERICO OCAMPO;;;PABLO, RAMIRA Y CARITA;"17 - bocas 1/2 (picado y tapado
1 colocacion de luminaria grande";;;;;;;;;;;;;;;;;;
27/5/2025;;KARAM;;;YAMIL Y PABLO;reemplazo de 1 termica tetrapolar;;;;;;;;;;;;;;;;;;
27/5/2025;;VERGARA ROIG;;;PABLO, RAMIRA Y CARITA;planilla solo con materiales;;;;;;;;;;;;;;;;;;
28/5/2025;;FEDERICO OCAMPO;;;RAMIRO - PABLO - YAMIL;"10- BOCAS PICADAS:( 3 TOMAS EXTERIOR, 3 LUCES EXTERIOR, 2 CAMARAS, 1 AIRE ACONDICIONADO, 1 CAJA DE PASO TABLERO
1- COLOCACION TABLERO DE 20 BOCAS
1- CAJA DE PRE-INSTALACION A.A";;;;;;;;;;;;;;;;;;
29/5/2025;;VERGARA ROIG;;;CARITA-PABLO;"4 - BOCA CABLEADA
4 - FOTOCELULA INSTALACION
2 CONEXION ELECTRICA: MODIFICACION DE ALTURA DE CAÑO CORRUGADO Y REPARACION DE TRAO DE CAÑO CORRUGADO
2- BOCA LOSA (ESCALONES  DE ENTRADA)
TIEMPO ESTIMADO 5HS APROXIMADO";;;;;;;;;;;;;;;;;;
29/5/2025;;FEDERICO OCAMPO;;;CARITA-PABLO;"5 - BOCA PICADA
5 - BOCA AMURADA
TIEMPO ESTIMADO 4HS";;;;;;;;;;;;;;;;;;
30/5/2025;;TONOS PERFUMERIA;;;CARITA-PABLO;"CARGA DE REFRIGERANTE RH10A
COLOCACCION DE (TANZAS DE PROTECCION) DE 2 U.E DE A.A
TIEMPO ESTIMADO : 3HS";;;;;;;;;;;;;;;;;;
30/5/2025;;VERGARA ROIG;;;CARITA-PABLO;"8- BOCA ELECTRICAS TOMACCORIENTE
3- BOCA ELECTRICAPICADO
2- BOCA ELECTRICAAMURADO
2- TERMICA BIPOLAR INSTALCION Y MODIFICACION
2- CONEXION ELECTRICA-REVISION DE ARTEFACTO DE 24W QUE NO FUNCIONABA HUBO FILTRACION DE AGUA Y EL DRIVER NO FUNCIONA NO LLEGA 220V ES DE 24W LA LUMINARIA";;;;;;;;;;;;;;;;;;
;;;;;;;;;;;;;;;;;;;;;;;;
2/6/2025;;FARMACIA COLON SUCURSAL SANTA ROSA;;;RAMIRO - PABLO - YAMIL;"MANO DE OBRA:
1 INSTALACION DE MODULO TOMA
1 INSTALCION DE MODULO RJ45
1 CABLEADO POR BANDEJA 35 TPR
1 CABLEADO POR BANDEJA 35 MTS UTP
1 CABLEADO POR PARED DURLOCK 8 MTS CABLES UTP
4 INSTALACION 4 BOCAS DE APLICAR AEREA
2 REINSTALACION DE TOMAS";;;;;;;;;;;;;;;;;;
2/6/2025;;JOSE SIMAN;;;LUCIANO ;ARREGLO DE ESTUFA;;;;;;;;;;;;;;;;;;
3/6/2025;;FARMACIA COLON SUCURSAL SANTA ROSA;;;RAMIRO - PABLO - YAMIL;;;;;;;;;;;;;;;;;;;
3/6/2025;;VERGARA ROIG;;;RAMIRO - PABLO - YAMIL;"7 - BOCAS LOZA (INGRESO A ESCALERA
4 BOCAS PICADAS ESCALERAS";;;;;;;;;;;;;;;;;;
3/6/2025;;GONZALEZ SANTIAGO;;;NACHO-LUCIANO;DAMBIO DE PROTECTOR TERMICO Y RELÉ DE ARRANQUE EN DOMICILIO;;;;;;;;;;;;;;;;;;
3/6/2025;;SERGIO SAD;;;LUCIANO-TIO MARTIN;RETIRO DE HELADERA EN DOMICILIO;;;;;;;;;;;;;;;;;;
4/6/2025;;GRASI GAS;;;PABLO-YAMIL;"MANO DE OBRA:
3 - REMPLAZO DE 3 LAMPARAS 40W
1 - REMPLAZO DE 1 LAMPARA 7W
1 - REMPLAZO DE 1 FOTOCELULA
TIEMPO ESTIMADO: 2HS APROX";;;;;;;;;;;;;;;;;;
4/6/2025;;TONOS PERFUMERIA;;;PABLO-YAMIL;"MANO DE OBRA:
6 - REMPLAZO DE ARTEFACTO DE APLICARMEDIA (24W)
1 - REMPLAZO DE LLAVE DE UN PUNTO
3 - REMPLAZO DE LAMPARA 48W (GALPON)
TIEMPO ESTIMADO 1:30HS";;;;;;;;;;;;;;;;;;
4/6/2025;;TONOS PERFUMERIA 2;;;RAMIRO-PABLO-YAMIL;"MANO DE OBRA:
6 - REMAPLZO TUBO LED 6 DE 18W
1 - REMPLAZO LAMPARA 48W
1 - REMPLAZO DE FUENTE 12W 30A
1 - REMPLAZO DETUBO LED DE 48W DE 240CM
1- REMPLAZO DE PANEL LED EMBUTIR LUZ NEUTRA CUADRADA
1 - SOLUCION PROBLEMA ELECTRICO CARTEL 12V ¨TONOS´";;;;;;;;;;;;;;;;;;
4/6/2025;;FARMACIA COLON SUCURSAL SANTA ROSA;;;NACHO-RAMIRO;;;;;;;;;;;;;;;;;;;
5/6/2025;;FARMACIA COLON SUCURSAL SANTA ROSA;;;RAMIRO - PABLO - YAMIL;"mano deobra:
8 - LINEA DE UTP EN CADA COMPU (CABLEADO) 8 METROS EN TOTAL";;;;;;;;;;;;;;;;;;
5/6/2025;;VERGARA ROIG;;;RAMIRO - PABLO - YAMIL;;;;;;;;;;;;;;;;;;;
6/6/2025;;FARMACIA COLON SUCURSAL PLAZA 25;;;RAMIRO - PABLO - YAMIL;;;;;;;;;;;;;;;;;;;
6/6/2025;;VERGARA ROIG;;;PABLO-YAMIL;"MANO DE OBRA:
4 MODIFICAMOS DE LUGAR 4 1/2 BOCA
1 - COLOCAMOS 1 1/2 BOCA (PICADA YAMURADA)
1 - CAVAMOS UN POSTE DE LUZ
TIEMPO ESTIMADO: 5HS";;;;;;;;;;;;;;;;;;
6/6/2025;;JOSE LLAMOS;;;PABLO-YAMIL;"MANO DE OBRA: 
VISITA TECNICA ( REMPLAZO DE REFLECTOR DE 30W LUZ FRIA)
TIEMPO ESTIMADO 2HS";;;;;;;;;;;;;;;;;;
;;;;;;;;;;;;;;;;;;;;;;;;
9/6/2025;;OCHOA TATIANA;;;PABLO-YAMIL;"MANO  DE OBRA
3 - BOCA ELECTRICAPICADA 
3 - BOCA ELECTRICA AMURADA
13 - CABLEAMOS 13 ARTEFACTOS TIPO DICROICA (FALTALALAMPARA)
1 - CABLEAMOS 1 FUENTE TIRA LED
2 - MODIFICACION DE LUGAR DE CAJA DE 5*10 
TIEMPO ESTIMADO: JORNADA COMPLETA";;;;;;;;;;;;;;;;;;
10/6/2025;;GONZALO VALDEZ (INMOBILIRA KS);;;PABLO-YAMIL;"VISITA TECNICA REVISION
OBSERVACION: MAICOL DEBE HABLAR CON KAREM PARA ARREGLAR LO DEL TERMOTANQUE DISYUNTOR Y LA PUESTA A TIERRA";;;;;;;;;;;;;;;;;;
10/6/2025;;VERGARA ROIG;;;PABLO-YAMIL;"MANO DE OBRA:
1) 4 - COLOCACION DE 4 POSTES DE 7-8 METROS
2)2 - BOCA AMURADA LOSA
OBSERVACIONES: 
1)CON AYUDA DE LOS ALBAÑILES 
2)EN COLUMNA AL FINAL DEL TERRENO";;;;;;;;;;;;;;;;;;
11/6/2025;;ELIZONDO JORGE;;;PABLO-YAMIL;"MANO DE OBRA:
MOVIMOS DE LUGAR U.E DE A.A (AIRE DEL FONDO)
COLOCAMOS MANGUERA DE CRISTAL DE U.IE DE A.A (AIRE DE COCHERA";;;;;;;;;;;;;;;;;;
11/6/2025;;VERGARA ROIG;;;PABLO-YAMIL;"MANO DE OBRA:
16 - COLOCACION BOCA EN LOSA: COLOCACION DE CAJAS 7*7 EN TAPAS DE MURALLON. ESTA FALTANDO QUE LOS ALBAÑILES SIGAN ARMANDO LA TAPA DEL MURALLON VAN A FALTAR CAJAS DE 7*7";;;;;;;;;;;;;;;;;;
11/6/2025;;OCHOA TATIANA;;;PABLO-YAMIL;"MANO DE OBRA: 
5 - BOCA CABLEADA
1 - REMPLAZO DE LLAVE DE 1 PUNTO POR LLAVE TOUCH
13 - COLOCACION DE DICROICA
(SOLAMENTE COLOCAMOS LA LAMPARA DICROICA)";;;;;;;;;;;;;;;;;;
12/6/2025;;VERGARA ROIG;;;PABLO-YAMIL;"MANO DE OBRA:  
1) BOCA LOSA- 6 (EN MURALLON) COLOCAMOS BOCA EN MURALLON ASI LOS ALBAÑILES ARMAN LA TAPA DEL MURALLON
BOCA PICADA - 2
2) BOCA AMURADA - 2";;;;;;;;;;;;;;;;;;
12/6/2025;;OCHOA TATIANA;;;PABLO-YAMIL;MANO DE OBRA: CABLEADO SOBRE EL CIELORASO 30METROS, AISLAMOS PUNTAS DE CABLE Y EMPLAMAMOS TRAMOS DE CABLE;;;;;;;;;;;;;;;;;;
12/6/2025;;FARMACIA COLON SUCURSAL SANTA ROSA;;;PABLO-YAMIL;;;;;;;;;;;;;;;;;;;
13/6/2025;;FARMACIA COLON SUCURSAL SANTA ROSA;;;RAMIRO-MARTIN-NACHO;MADRUGADA;;;;;;;;;;;;;;;;;;
13/6/2025;;FARMACIA COLON SUCURSAL 25 DE MAYO;;;RAMIRO-PABLO;PRESUPUESTADO POR IGNACIO Y RAMIRO LA MANO DE OBRA Y MATERIALES;;;;;;;;;;;;;;;;;;
13/6/2025;;FARMACIA COLON SUCURSAL SANTA ROSA;;;PABLO-YAMIL;"MANO DE OBRA:
REMPLAZO DE 2 TERMICAS DE 10A POR 2 DE 16A";;;;;;;;;;;;;;;;;;
13/6/2025;;FARMACIA COLON SUCURSAL (FRENTE ACA);;;PABLO-YAMIL;;;;;;;;;;;;;;;;;;;
13/6/2025;;VERGARA ROIG;;;PABLO-YAMIL;;;;;;;;;;;;;;;;;;;
;;;;;;;;;;;;;;;;;;;;;;;;
16/6/2025;;FERIADO;;;;;;;;;;;;;;;;;;;;;;
17/6/2025;;FARMACIA COLON SUCURSAL 25 DE MAYO;;;RAMIRO-PABLO;"MANO DE OBRA: 
1)CABLEMAOS CABLE TPR PARA TOTEM, CABLE UTP, CABLE HDMI 2)ARMAMOS CABLE UTP CON FICHA RJ45
ARMAMOS CABLE MINI PLUG CON FICHA";;;;;;;;;;;;;;;;;;
17/6/2025;;KARAM (OBRA AL LADO DE MODO TENEDOR);;;PABLO-YAMIL;"MANO DE OBRA:
1) PICAMOS 2 TABLEROS ,  1 BAJADA TRIFASICA
2) PICAMOS 7 BOCAS 1/4";;;;;;;;;;;;;;;;;;
18/6/2025;;FARMACIA COLON SUCURSAL SANTA ROSA;;;RAMIRO-PABLO-YAMIL;"MANO DE OBRA:
CABLEAMOS 2 CABLES DE HDMI PARA TV";;;;;;;;;;;;;;;;;;
18/6/2025;;KARAM (OBRA AL LADO DE MODO TENEDOR);;;PABLO-YAMIL;"MANO DE OBRA:
COLOCAMOS 7 CAJAS 5X10
PICAMOS CANALETA PARA CAÑO CORRUGADO
COLOCAMOS CAJA MEDIDOR TRIFASICA + CAÑO (FALTA LA PIPETA)";;;;;;;;;;;;;;;;;;
19/6/2025;;FARMACIA COLON SUCURSAL PLAZA 25;;;PABLO-RAMIRO-YAMIL-NACHO;"MANO DE OBRA:
1) 1 ALIMENTACION DE PLITTER 220V
2)1 CONEXION SPLITTER
3) 35 CABLEADO DE UTO POR BANDEJA
4) 2 BOCAS DE ALIMENTACION TV
5) 1 BOCA DE INTERNET";;;;;;;;;;;;;;;;;;
19/6/2025;;KARAM (OBRA AL LADO DE MODO TENEDOR);;;PABLO-YAMIL;"MANO DE OBRA:  
1) COLOCACION (AMURADO DE 16 CAJAS DE 5*10 DE CHAPA
2)MODIFICACION DE ALTURA DE 3 CAJAS DE 5*10";;;;;;;;;;;;;;;;;;
19/6/2025;;TONOS 2 PERFUMERIA;;;NACHO-RAMIRO;"MANO DE OBRA:
1) REMPLAZO PISO CANAL
2) CAMBIO ZAPATILLAS DE LUGAR";;;;;;;;;;;;;;;;;;
20/6/2025;;KARAM (OBRA AL LADO DE MODO TENEDOR);;;PABLO-YAMIL;"MANO DE OBRA:
1) COLOCACION DE TABLERO DE 20 BOCAS
2) COLOCACION DE TABLERO DE 28 BOCAS
3) AMURADO DE BOCA
4) PICADO DE BOCA
TERMINAMOS DE PICAR Y AMURAR 16 1/2 BOCAS DE AYER
TIEMPO ESTIMADO: JORNADA COMPLETA";;;;;;;;;;;;;;;;;;
20/6/2025;;ROMBOLA;;;PABLO-YAMIL;"MANO DE OBRA: 01398 VISITA TECNICA REVISION DE PRESUNTO PROBLEMA ELECTRICO MEDICION DE AMPERAJE. 
NOSOLVIDAMOS DE PONER...";;;;;;;;;;;;;;;;;;
;;;;;;;;;;;;;;;;;;;;;;;;
23/6/2025;;PABLO MORALES;;;PABLO-YAMIL;"MANO DE OBRA:
INSTALACION DE GABINETE ESTANCO.
REMPLAZO DE CABLE DE ALIMENTACION DEL MEDIDOR
OBSERVACIONES:
FALTA 2 LAMPARAS DE 150W DE HALOGENO DE MERCURIO";;;;;;;;;;;;;;;;;;
23/6/2025;;OCHOA TATIANA;;;PABLO-YAMIL;"MANO DE OBRA:
1) 4 REMPLAZO DE 4 SPOT DE 7W
2) 1 COLOCACION DE DICROICA + SPOT 12W
3) 1 COLOCACION DE DICROICA + SPOT DE 7W
4) 1 COLOCACION DE LLAVE DE PUNTO TOUCH
5) 1 COLOCACION DE TOMA DOBLE TOUCH
OBSERVACIONES:
FALTA 1 ZOCALO DE DICROICA DE 7W
FALTA REVISAR CONEXION PARA INSTALAR A.A
FALTA SEPARA CIRCUITO QUE ESTA EN EL TECHO.";;;;;;;;;;;;;;;;;;
23/6/2025;;TIA DE PABLO (CARO);;;PABLO-YAMIL;"MANO DE OBRA:
SOLUCION DE PROBLEMA ELECTRICO
TERMICA DE 20A Y ENTRE 2 CENTROS DEL MISMO CIRCUITO TIENE EMPLAME DE 2 SECCIONES DISTINTAS. EL PROBLEMA ESTA EN UN CABLE Y VARIAS VECES EMPALMADOS
TIEMPO ESTIMADO 1HS";;;;;;;;;;;;;;;;;;
24/6/2025;;VERGARA ROIG;;;PABLO-YAMIL;"MANO DE OBRA:
3 MODIFICACIONES DE LUGAR DE 3 BOCAS (TUVIMOS QUE PICAR Y EMBUTIR EN OTRO LUGAR)
100 METROS EN TOTAL) HAY DE CABLE : FALTA 1,2,3,4
1) 25 M DE BAJADA AL VECINO DEL FONDO(PARA LA TIRADA DE POSTE NUEVA SON 95M)
2)30M BAJADA DE VERGARA Y VECINO
3)12 TENSORES
4)6 MORETAS GRANDE PARA EL CABLE";;;;;;;;;;;;;;;;;;
24/6/2025;;ANA CLIENTA;;;LUCIANO ;REPARACION DE PLANCHA;;;;;;;;;;;;;;;;;;
25/6/2025;;KARAM (OBRA AL LADO DE MODO TENEDOR);;;PABLO-YAMIL;"MANO DE OBRA:
1)COLOCACION DE 2 TABLEROS 1 DE 28 BOCAS Y 1 DE 42 BOCAS
2)MEDIA BOCA PICADA Y AMURADA
3) DEJAMOS PREVISTO CAÑO PARA TIERRA, ALIMENTACION DE ASENSOR Y UNO MAS TODO EN LA ENTRADA";;;;;;;;;;;;;;;;;;
25/6/2025;;LUCAS DIAZ;;;PABLO-YAMIL;01398- VISITA TECNICA REVISION DE PRESUNTO PROBLEMA ELECTRICO. TODO ESTABA FUNCIONANDO BIEN. MEDICION DE AMPERAJE;;;;;;;;;;;;;;;;;;
26/6/2025;;COLEGIO DE ESCRIBANOS;;;PABLO-YAMIL;"MANO DE OBRA:
1) 1 - SOLUCION PROBLEMA AIRE PISO TECHO (RUIDO DE TURBINA): AIRE DE ENTRADA: ROSAMIENTO ENTRE TURBINA Y PLASTICO, CORRECION DE LUGAR DE TURBINA
2) 3 -  REVISION DE AIRE BAJO SILUETA: AIRES SALA DE CONFERENCIAS: NO TIENEN REFRIGERANTE, MODELO N-HH02093A SERIAL (5) EGH5630 GRIS SON YORK
IMPORTANTE: HAY OTRO AIRE BAJO SILUETA EN SALA DE MEDIACION PERO NO FUNCIONA AL PARECER: SON YORK
PASAMOS FOTOS DE ETIQUETA A NACHO.";;;;;;;;;;;;;;;;;;
26/6/2025;;ELECTROFRIO (TALLER Y DEPOSITO);;;PABLO-YAMIL;"MANO DE OBRA: REPARACION DEL PORTON DEL DEPOSITO, CAMBIO DE RUEDAS
ACOMODAMOS CAJAS CON MERCADERIA EN EL DEPOSITO DE ATRAS.
LLEVAMOS GABINETES AL NEGOCIO.";;;;;;;;;;;;;;;;;;
27/6/2025;;NORBERTO SCHMIRA;;;PABLO-YAMIL;"MANO DE OBRA:
1) 00097 2 CONEXION ELECTRICA PASILLO: conexion llave de punto estaba mal conectado
2) 01751 1 INSTALACION TUBO LED BAJO ALACENA 9W BAÑO PASILLO
3) 01763 1 REMPLAZO TOMA SIMPLE BAÑO AL LADO DE HABITACION 1 Y 2
4) 00097 -1- conexion electrica habitacion 1: conexion llave de punto
5)------ 1 remplazo de portalampara en baño pasillo
Falta presupuestar alimentacion heladera son 6 metros de distancia hasta 1 toma cercano.
sugerencia: no hay cable tierra en algunos tomas, revisar termicas sobredimensionadas.";;;;;;;;;;;;;;;;;;
27/6/2025;;MAXIMILIANO MOLINA (FLACO);;;PABLO-YAMIL;"MANO DE OBRA:
3- REMPLAZO DE 2 TOMA DOBLE + 1 TOMA DOBLE CON USB EN COCINA
1 - INSTALACAION TIRA LED 6.30M EN QUINCHO
3-INSTALACION DE 2 TOMAS SIMPLES DE SUPERFICIE EN QUINCHO + INSTALACION DE CAJA PARA ALIMENTACION DE TRANSFORMADOR DE TIRA LED
1-REPARACION DE SOLDADURA EN TIRA LED DE COCINA.
TIEMPO ESTIMADO DE 12 A 16:30";;;;;;;;;;;;;;;;;;
27/6/2025;;NERINA GIACONE;;;PABLO-YAMIL;"MANO DE OBRA:
01398- VISITA TECNICA - REVISION
TIEMPO ESTIMADO:30 MINUTOS
OBSERVACIONES: PROBLEMA ELECTRICO: TERMICA DE ACADEMIA Y CASA DE NICOLAS JUNTAS DESDE LA MISMA LLAVE GENERAL. HAY TERMICAS SOBREDIMENSIONADAS
SUGERENCIA DIVIDIR 2 TERMICAS GENERALES DESDE EL MEDIDOR PARA AMBOS LUGARES, DIMENSIONAR BIEN LAS TERMICAS";;;;;;;;;;;;;;;;;;
;;;;;;;;;;;;;;;;;;;;;;;;
30/6/2025;;MAGUI (SUEGRA DE VATO);;;PABLO-YAMIL-A.MARTIN;MANO DE OBRA CARGADA POR NACHO;;;;;;;;;;;;;;;;;;
1/7/2025;;MAGUI (SUEGRA DE VATO);;;PABLO-YAMIL-A.MARTIN;MANO DE OBRA: CARGADA POR NACHO;;;;;;;;;;;;;;;;;;
1/7/2025;;ROMBOLA;;;PABLO-YAMIL;"MANO DE OBRA: REMPLAZO DE TERMICA BIPOLAR
TIEMPO ESTIMADO 30 MINUTOS.";;;;;;;;;;;;;;;;;;
2/7/2025;;MAGUI (SUEGRA DE VATO);;;PABLO-YAMIL;MANO DE OBRA: CARGADA POR NACHO;;;;;;;;;;;;;;;;;;
2/7/2025;;SUSANA ROMERO;;;PABLO-YAMIL;"MANO DE OBRA: CABLEADO DE 4 BOCAS.
1 BALANCEO DE CARGA, DISTRIBUCION DE CIRCUITOS
1 REMPLAZO TOMA DOBLE
1 COLOCACION DE TERMICA 2X16A
TIEMPO ESTIMADO 2HS";;;;;;;;;;;;;;;;;;
2/7/2025;;LUCIO OSORIO;;;PABLO-YAMIL;"MANO DE OBRA: COLOCACION DE 1 TOMA DOBLE (POR CABLE CANAL + ALIMENTACION
COLOCACION DE TOMA SIMPLE (+ ALIMENTACION POR TPR)";;;;;;;;;;;;;;;;;;
2/7/2025;;BOUTIQUE DEL BEBE;;;PABLO-YAMIL-NACHO;"MANO DE OBRA:
CONTROL DE A.A CERCA DE LA VIDRIERA DE LA CALLE SAN MARTIN CONTROL DE PRESOSTATO ABIERTO (HACER UN PEQUEÑO SEGUIMIENTO)
TIEMPO ESTIMADO: 1 HS";;;;;;;;;;;;;;;;;;
2/7/2025;;FARMACIA COLON (SUCURSAL 30 DE SEPTIEMBRE);;;LUCIANO-A.MARTIN;"MANO DE OBRA:
COLOCACION DE 3 REFLECTORES 150W FRIA
COLOCACION DE 1 FOTO
CELULA";;;;;;;;;;;;;;;;;;
2/7/2025;;RICKY BUSTOS;;;A.MARTIN-NACHO;MANO DE OBRA: COLOCACION DE BOMBA DE AGUA;;;;;;;;;;;;;;;;;;
2/7/2025;;SERGIO SAD;;;LUCIANO-A.MARTIN;ENTREGA DE HELADERA;;;;;;;;;;;;;;;;;;
3/7/2025;;VERGARA ROIG;;;PABLO-YAMIL-A.MARTIN;"MANO DE OBRA: 
COLOCAMOS 4 1/2 BOCAS DE PVC CON ESTRUCTURA DE CAÑO DE PVC. EN LOSA FLOTANTE AL FINAL DEL TERRENO
TIEMPO ESTIMADO: 4HS";;;;;;;;;;;;;;;;;;
3/7/2025;;ROXANA VANNI;;;PABLO-YAMIL-A.MARTIN;"MANO DE OBRA: 
INSTALACION DE A.A BGH 3500W EN COMEDOR + MATERIAL
INSTALCAION DE A.A PHILCO 3400 W EN PIEZA + MATERIAL
TIEMPO ESTIMADO 4HS";;;;;;;;;;;;;;;;;;
3/7/2025;;EZEQUIEL BARRERA;;;NACHO & MARTIN A;MANO DE OBRA: DESINSTALACION DE 2 A.A;;;;;;;;;;;;;;;;;;
4/7/2025;;OCHOA TATIANA (CASA DE MADRE CENTRO);;;NACHO & LUCIANO;"MANO DE OBRA:
REMPLAZO DE 1 TERMICA DE 2X16A SOLUCION EN EL MOMENTO
TIEMPO ESTIMADO:1HS";;;;;;;;;;;;;;;;;;
4/7/2025;;FARMACIA COLON (SUCURSAL 30 DE SEPTIEMBRE);;;PABLO-YAMIL;"MANO DE OBRA:
REMPLAZO DE 1 PLAFON CUADRADO DE 48W LUZ FRIA DENTRO DEL LOCAL APENAS SE INGRESA.
MODIFICACION DE LUGAR CABLE TPR A LA VISTA, COLOCAMOS CABLE CANAL ( 1METRO ) DE 20X10
TIEMPO ESTIMADO : 45 MINUTOS";;;;;;;;;;;;;;;;;;
4/7/2025;;OCHOA TATIANA;;;PABLO-YAMIL;"MANO DE OBRA:
REMPLAZO DE 2 TOMAS DOBLE TOUCH
INSTALACION DE 1 TOMA DOBLE TOUCH
INSTALACION DE 1 LLAVE DE 4 PUNTOS TOUCH
CONEXION DE 1 PORTALAMPARA DICROICA
INSTALACION DE 1 ARTEFACTO BAÑO EN TECHO
INSTALACION DE 1 ARTEFACTO DE BAÑO PARED (ESPEJO LED)";;;;;;;;;;;;;;;;;;
4/7/2025;;GONZALO VALDEZ KS INMOBILIARIA;;;PABLO-YAMIL-A.MARTIN;"MANO DE OBRA:
COLOCACION 1 PAT (JABALINA + CABLE DESNUDO + CAJA DE INSPECION
COLOCACION DE 1 DISYUNTOR TABLERO SECUNDARIO
COLOCACION DE 2 TOMAS DOBLES + ALIMENTACION + CABLE CANAL + CAJAS
COLOCACION DE 1 CAJA TERMICA 2/4 (MOVIMOS DE LUGAR TERMICA DE A.A)
INSTALACION DE 1 TOMA DOBLE EN COMEDOR 
TIEMPO ESTIMADO: 4HS";;;;;;;;;;;;;;;;;;
4/7/2025;;SUSANA ROMERO;;;NACHO & MARTIN A;MATERIAL TERMICA 2 POLOS 25A PLANILLA INCOMPLETA;;;;;;;;;;;;;;;;;;
;;;;;;;;;;;;;;;;;;;;;;;;
7/7/2025;;VERGARA ROIG;;;PABLO-YAMIL;"MANO DE OBRA:
PICADO DE 3 BOCA ELECTRICA
AMURADO DE 3 BOCA ELECTRICA. EN LA LOSA FLOTANTE
REPARACION 3 BOCA ELECTRICAS (2 ESCALERA Y 1 EN COLUMNA CON LUZ
TIMEPO ESTIMADO 3 HS
IMPORTANTE: EL ARQUITECTO PEPE PIDIO QUE DEJEMOS 4 CAJAS DE CHAPA 7X7 EN LA OBRA.";;;;;;;;;;;;;;;;;;
7/7/2025;;MAGUI (SUEGRA DE VATO);;;PABLO-YAMIL;"MANO DE OBRA: 
INSTALACION 50CM CABLE CANAL 20*10 EN COCINA
COLOCACION 1 TAPA CIEGA PVC 7X7 EN HAB 2
BAJAMOS 1 U.E DE A.A DEL TECHO";;;;;;;;;;;;;;;;;;
7/7/2025;;RICKY BUSTOS (QUEBRADA);;;NACHO-YAMIL;"MANO DE OBRA:
REMPLAZO DE 2 FLOTANTES 
1 HORA";;;;;;;;;;;;;;;;;;
7/7/2025;;RICKY BUSTOS (CASA);;;NACHO-YAMIL;"MANO DE OBRA:
REMPLAZO DE 1 PORTALAMPARA
TIEMPO ESTIMADO 1HS";;;;;;;;;;;;;;;;;;
7/7/2025;;EZEQUIEL BARRERA;;;MARTIN.A - LUCIANO;MANO DE OBRA: SERVICE DE AIRES ACONDICIONADOS EN EL TALLER;;;;;;;;;;;;;;;;;;
7/7/2025;;GUSTAVO PAVANI;;;MARTIN.A - LUCIANO;RETIRO DE HELADERA EN DOMICILIO DEL CLIENTE;;;;;;;;;;;;;;;;;;
8/7/2025;;PINEDA JULIAN (POMPI);;;MARTIN.A - LUCIANO;"MANO DE OBRA:
INSTALACION 3 TERMICAS BIPOLAR 1 DE 25 Y 2 DE 16
INSTALACION DE 1 LLAVE PUNTO Y TOMA
RECABLEADO DE 2 MTS UNIPOLAR 1X6 CELESTE Y ROJO
RECABLEADO 10 M TS UNIPOLAR 1X2,5
CONEXION DE 2MTS UNIPOLAR 1X2,5 V/A
TIEMPO ESTIMADO:";;;;;;;;;;;;;;;;;;
8/7/2025;;EZEQUIEL BARRERA;;;PABLO-YAMIL;"MANO DE OBRA:
INSTALACION DE 2 A.A SPLIT 2500-3500 FRIGORIAS";;;;;;;;;;;;;;;;;;
8/7/2025;;RICKY BUSTOS (CASAX2);;;YAMIL-MARTIN.A;"MANO DE OBRA:
INSTALACION DE 3 PLAFONES DE 18W
CABLEADO 30 MTS CABLE UTP 
ARMADO 2 FICHAS RJ45
INSTALACION DE 1 BOMBA DE AGUA + ACOPLES + REDUCCION";;;;;;;;;;;;;;;;;;
8/7/2025;;GUSTAVO PAVANI;;;LUCIANO CALIVA;"MANO DE OBRA:
REPARACION 1.5 MTS DE CANAL DE FRIO.
MATERIALES CINTA METALICA 5CM";;;;;;;;;;;;;;;;;;
8/7/2025;;FABIAN CARUSO;;;PABLO CORDOBA;"MANO DE OBRA:
REMPLAZO 1 FOTOCELULA DE 3 CABLES 1500W
SOLUCION DE 1 PROBLEMA ELECTRICO (EMPALME SULFATADO)
TIEMPO ESTIMADO: 1:30 APROXIMADO";;;;;;;;;;;;;;;;;;
9/7/2025;;VICTORIA MORALES;;;PABLO-YAMIL-A.MARTIN;"MANO DE OBRA: 
INSTALACION 1 A.A TCL 3500W EN HABITACION
COLOCACION 1 CABLECANAL 20X10 PARA ALIMENTACION DE A.A TCL
TIEMPO ESTIMADO. 1:30HS";;;;;;;;;;;;;;;;;;
9/7/2025;;AVILA CESAR (PATA);;;PABLO-YAMIL;"MANO DE OBRA:
CONTROL Y CARGA DE GAS 300GR A.A EN COCINA COMEDOR
TIEMPO ESTIMADO 1HS";;;;;;;;;;;;;;;;;;
9/7/2025;;LLAMOS PEPE;;;PABLO-YAMIL;"MANO DEE OBRA:
SOLUCION DE 1 PROBLEMA ELECTRICO TOMA DE BOMBA (CABLE DESCONECTADO)
TIEMPO ESTIMADO 1HS";;;;;;;;;;;;;;;;;;
9/7/2025;;EZEQUIEL BARRERA;;;PABLO-YAMIL;"MANO DE OBRA:
INSTALACION DE 2 CAJA DE TERMICA 2/4
INSTALACION DE 2 TERMICA DE 2X16A
COLOCACION 1 OMEGA 2`PARA SUNCHO
COLOCACION 5 OMEGA 7/8 PARA MANGUERA DE DESAGOTE
COLOCACION DE MASILLA PARA EMPROLIJAMIENTO AGUJERO A.A PARTE EXTERIOR
CARGA 120 GRA DE R22 PARA A.A UBICADA EN PASILLO
PROGRAMACION 1 CONTROL UNIVERSAL
TIEMPO ESTIMADO 2HS";;;;;;;;;;;;;;;;;;
9/7/2025;;DE LA COLINA LIA;;;NACHO-MARTIN.A;"MANO DE OBRA:
REMPLAZO 2 LLAVES ESTANCAS MEDIO PUNTO + TOMA
REMPLAZO 1 PUNTO + TOMA
REMPLAZO 1 TOMA DOBLE
INSTALACION DE 2.5 MTS CABLECANAL 10*20
DESINTALACION DE CABLE DE TV Y EMPROLIJAMIENTO CABLEADO TV";;;;;;;;;;;;;;;;;;
10/7/2025;;MARIANO PONCE;;;PABLO-YAMIL-A.MARTIN;"MANO DE OBRA:
SOLUCION 1 PROBLEMA ELECTRICO (CORTOCIRCUITO) EN BOCA HABITACION DE ARRIBA
REMPLAZO 1 TERMICA 2X10A
IDENTIFICACION 1 LINEAS TABLERO 36 BOCAS
ANULAMOS 1 TOMA DOBLE Y COLOCAMOS TAPA CIEGA
TIEMPO ESTIMADO: 1:30HS";;;;;;;;;;;;;;;;;;
10/7/2025;;FARMACIA COLON (SUC 25 DE MAYO);;;PABLO-YAMIL-A.MARTIN;"MANO DE OBRA:
REMPLAZO 8 TUBO LED 18W
INSTALACION 1 PLAFON LED CUADRADO 18W LUZ FRIA + ALIMENTACION 
INSTALACION 1 LLAVE PUNTO
TIEMPO ESTIMADO: 4HS";;;;;;;;;;;;;;;;;;
10/7/2025;;FARMACIA COLON (SUC 9 DE JULIO);;;PABLO-YAMIL;"MANO DE OBRA:
REMPLAZO 1 PLAFON LED 48W
INSTALACION 2 BASE DE 4 TOMA DE APLICAR CON ALIMENTACION
REMPLAZO 3 FUENTES DE TIRA LED
INSTALACION DE 1 FOTOCELULA.
TIEMPO ESTIMADO 1HS 30 MIN";;;;;;;;;;;;;;;;;;
10/7/2025;;GUSTAVO PAVANI;;;LUCIANO-MARTIN;ENVIO DE HELADERA EN EL DOMICILIO;;;;;;;;;;;;;;;;;;
11/7/2025;;FARMACIA COLON (SUC 25 DE MAYO);;;PABLO-YAMIL-A.MARTIN;"MANO DE OBRA:
INSTALACION 3 BOCA CABLECANAL
INSTALACION 3 REFLECTOR DE 50W
INSTALACION 1 FOTOCELULA
TIEMPO ESTIMADO: 2HS";;;;;;;;;;;;;;;;;;
11/7/2025;;VERGARA ROIG;;;PABLO-YAMIL-A.MARTIN;"MANO DE OBRA
REINSTALACION 1 TENDIDO ELECTRICO GENERALEN ALTURA
TIEMPO ESTIMADO: 7HS";;;;;;;;;;;;;;;;;;
11/7/2025;;FEDERICO NEDER;;;LUCIANO;"MANO DE OBRA:
REPARACION ESTUFA DE DOS RESISTENCIAS
TIEMPO ESTIMADO. 20 MINUTOS";;;;;;;;;;;;;;;;;;
;;;;;;;;;;;;;;;;;;;;;;;;
14/7/2025;;RUBEN KARAM;;;NACHO-YAMIL;"MANO DE OBRA: REMPLAZO 2 FUENTES DE 5 AMP UNA DOBLE UNA SIMPLE .
TIEMPO ESTIMADO 2HS";;;;;;;;;;;;;;;;;;
14/7/2025;;DIANA SELVAGGI;;;NACHO-YAMIL;"MANO DE OBRA:
RETIRO DE DOMICILIO
CAMBIO DE PLAQUETA
CAMBIO DE SENSOR DE LA PUERTA
CAMBIO DE FLEXIBLE DE ENTRADA DE AGUA
ENTREGA EN DOMICILIO
TIEMPO ESTIMADO 6HS";;;;;;;;;;;;;;;;;;
14/7/2025;;TONOS (SAN NICOLAS DE BARI);;;PABLO-MARTIN.A;"MANO DE OBRA:
INSTALACION 1 MANGUERA DE CRISTAL (4,5 METROS ) CON 13 PRECINTOS ALT 3
REMPLAZO 1 FUENTE TIRA LED EN CARTEL ""TONOS"" CERCA DE CAJA
REMPLAZO 1 DICROICA 7W LUZ CALIDA
TIEMPO ESTIMADO: 1HS Y 15 MINUTOS";;;;;;;;;;;;;;;;;;
14/7/2025;;TONOS (9 DE JULIO);;;PABLO-MARTIN.A;"MANO DE OBRA:
ANULAMOS 2 TOMAS DOBLES EN EL PISO (PASILLO DONDE ESTAN LAS UNIDADES EXTERIORES DE AIRES PISO TECHO)
COLOCAMOS 5 TAPAS CIEGAS DE 10X10 EN BOCAS DE PISO
INSTALACION 1 PISO CANAL + CABLECANAL + CABLEADO + TOMADOBLE CON BASE DE APLICAR (PASILLO)
INSTALACION 1 ZAPATILLA ELECTRICA DEBAJO DE COMPUS + ALIMENTACION TPR3X2,5
REMPLAZO 3 PISOCANAL (PASILLO CARTEL TONOS Y ZONA BARBERIA Y ZONAS COMPUS
REMPLAZO 3 FUENTES DE TIRA LED (CARTEL TONOS: 2, PASILLO DONDE ESTA CAJA: 4 ZONA BARBERIA:2. TOTAL 8
SEPARACION 2 TRAMOS DE TIRA LED EN ZONA BARBERIA, CON TRANSFORMADOR JSY.
CABLEADO 35 METROS DE CABLE UTP INTERIOR
COLOCACION 1 CABLE CANAL ZONA BARBERIA PARA TAPAR CABLES
REMPLAZO 2 LAMPARA EN DEPOSITO AL LADO DEL BAÑO
OBSERVACIONES: FALTA SEPARA TRAMOS TIRAS LED EN 3 ESTANTES (TIENEN 16 TIRAS X1,8 CM Y UNA FUENTE DE 10A CADA UNA.
TIEMPO ESTIMADO: 7 HS";;;;;;;;;;;;;;;;;;
15/7/2025;;TONOS (ZONA SUR);;;PABLO-MARTIN.A;"MANO DE OBRA:
REVISION 1 TRANSFORMADOR DE TIRA LEDS DE ESTANTES DEL LOCAL.
TIEMPO ESTIMADO: 1hs 30 minutos
OBSERVACIONES GENERALES:
SON: 10TIRAS LED DE 88CM
62 TIRAS DE 1.80CM 
FALTA MOVER UN TOMA DEL PISO Y MOVERLO A 50 CM PARA QUE QUEDE EN UN MUEBLE.";;;;;;;;;;;;;;;;;;
15/7/2025;;KARAM;;;PABLO-YAMIL-A.MARTIN;"MANO DE OBRA: 
REMPLAZO 1 FUENTE 10A CARTEL KARAM (FRENTE)
REMPLAZO 10 TUBO LED DE 120CM
REMPLAZO DE 8 TUBO LED DE 90CM 
LIMPIEZA 1 CARTEL FORD ENTRADA
TIEMPO ESTIMADO 4HS 30 MINUTOS";;;;;;;;;;;;;;;;;;
15/7/2025;;COLON (SUC FACUNDO QUIROGA);;;PABLO;"MANO DE OBRA: 
REMPLAZO 4 PLAFONES LED 18W FRIA DE EMBUTIR REDONDO
INSTALACION DE 1 TUBO LED DE 120CM
OBSERVACIONES GENERALES
OCUPE 30CM CABLE CANAL 20X10 1 TACO Y TORNILLO DEL 6";;;;;;;;;;;;;;;;;;
15/7/2025;;COLON (SUC HOMERO CORONEL MONTES);;;PABLO-MARTIN.A;"MANO DE OBRA:
AJUSTE GENERAL DE TABLERO DE LLAVES TERMICAS
TIEMPO ESTIMADO: 1 HORA";;;;;;;;;;;;;;;;;;
16/7/2025;;PABLO MOLGARA;;;PABLO-YAMIL;"MANO DE OBRA: 
INSTALACION 1 A.A 6500 TCL EN COMEDOR
REMPLAZO 1 REFLECTOR 50W
INSTALACION 1 REFLECTOR 50W
INSTALACION 2 FOTOCELULA PARA REFLECTORES
REMPLAZO 1 TOMA SIMPLE
REPARACION 1 TOMA DOBLE (CABLE SUELTO)
MODIFICACION 1 EN TABLERO (CAMBIO DE LUGAR FASE POR NEUTRO. TIENE TERMICAS UNIPOLARES
ALIMETACION 1 A.A TCL (PROLONGACION DE A.A)
REMPLAZO 1 TERMICA BIPOLAR 2X16A PO LA UNIPOLAR QUE TENIA
COLOCACION 4 ENDUIDO PARAR AGUJEROS EN PARED (DE LOS ANTERIORES A.A
DESINTALACION 1 A.A 4500
OBSERVACIONES GENERALES:
NO TIENE DISYUNTOR
NO TIENE PUESTA TIERRA AL PARECER
TIENE TERMICAS UNIPOLARES.
TIEMPO ESTIMADO: 5HS";;;;;;;;;;;;;;;;;;
16/7/2025;;VERGARA ROIG;;;YAMIL-PABLO-MARTIN-RAMIRO;"MANO DE OBRA:
INSTALACION 4 LUMINARIAS 150W
INSTALACION 4 CAJAS DE TERMICAS 2 BOCA
INSTALACION 4 TERMICAS 1X5A
CABLEADO 32MTS CABLE SINTENAX 3X1,5MM
INSTALACION 4 FOTOCELULAS
TIEMPO ESTIMADO: 2HS 30 MINUTOS";;;;;;;;;;;;;;;;;;
17/7/2025;;VERGARA ROIG;;;PABLO-YAMIL-A.MARTIN;"MANO DE OBRA
COLOCACION 8 BOCAS EN LOSA (MURALLON AL LADO DE LOSA FLOTANTE)
PROBAMOS 4 1/2 COLOCACION DE CAJAS ESTANCAS PVC PARA LUCES DE PILETA 
CABLEAMOS 5 BOCA ESCALERA AL COSATADO DE PILETA
CABLEAMOS 11 BOCAS MURALLON ATRAS DE PILETA 
CABLEAMOS 15 BOCAS MURALLON ENTRADA DE TERCERO 
CABLEAMOS 5 BOCAS MURALLON AL COSTADO DE LA CANCHA
CABLEAMOS 14 BOCAS MURALLON PARALELO A LA BOMBA Y PILAR 
DESINTALACION 1 REFLECTOR 150W
INSTALACION 1 REFLECTOR 150W EN EL ULTIMO POSTE QUE PUSIMOS
CONEXION 4 ALIMENTACION 220V 2 LUMINARIAS DE ALUMBRADO PUBLICO
oBSERVACIONES GENERALES
DEJAMOS PRESENTADO CAJA DE PVC PARA LUCES DE PILETA ASI EL ALBAÑIL LA COLOCA CUAANDO PONGA VALDOSA.
TIEMPO ESTIMADO: 5HS 10 MINUTOS";;;;;;;;;;;;;;;;;;
17/7/2025;;MEDIALUNAS CALENTITAS (ARLEQUINO);;;PABLO-YAMIL-A.MARTIN;"MANO DE OBRA: 
REVISION 1 MANGUERA DE DESAGOTE DE BOMBA U.I DE AIRE PISO TECHO( LA ANTERIOR VISITA FUERON TINCHO Y PABLO PORQUE TENIA PERDIDA DE LA MANGUERA, SE COLOCO CINTA AISLADORA PARA INTENTAR QUE QUEDE SIN PERDIDA PERO ESTUVO MAL COLOCADA. HOY SE REPARO ESE TRABAJO) 
REVISION 1 CONTROLAMOS FUNCIONAMIENTO DE AIRE DE PISO TECHO( A.A 2 BAJAMOS TERMICA Y VOLVIMOS A PRENDER EL EQUIPO Y QUEDO FUNCIONANDO ANTES SALIA ERROR C3 O 3C)
TIEMPO ESTIMADO 45 MINUTOS";;;;;;;;;;;;;;;;;;
17/7/2025;;COLON (SUC HOMERO CORONEL MONTES);;;YAMIL-MARTIN;"MANO DE OBRA:
CAMBIO 1 REMPLAZO TERMICA BIPOLAR 10A
REVISION DE LLAVE 3 PUNTOS
TIEMPO ESTIMADO:30 MINUTOS";;;;;;;;;;;;;;;;;;
17/7/2025;;TONOS (9 DE JULIO);;;NACHO-LUCIANO;;;;;;;;;;;;;;;;;;;
18/7/2025;;LIA DE LA COLINA;;;PABLO-YAMIL-A.MARTIN;"MANO DE OBRA:
EMPROLIJAMOS 1 CABLE DE 3 CAMARAS, 1 REFLECTOR, CABLES DE ALIMENTACION Y FLOTANTES ELECTRICOS
REPARACION 1 ALARGUE ELECTRICO
EMPROLIJAMOS 1 CABLE DE ALIMENTACION DE A.A Y DE BOMBA PRESURIZADORA
BAJAMOS 3 CABLES DE DIRECTV
TIEMPO ESTIMADO 8HS";;;;;;;;;;;;;;;;;;
18/7/2025;;ELIO MORALES;;;PABLO-YAMIL;"MANO DE OBRA
INSTALACION DE 1 BASE DE 4 TOMAS CAMBRE
COLOCAMOS 1 BOCA CABLECANAL 
TIEMPO ESTIMADO 1HS";;;;;;;;;;;;;;;;;;
;;;;;;;;;;;;;;;;;;;;;;;;
21/7/2025;;KARAM;;;LUCIANO-RAMIRO;"MANO DE OBRA:
REMPLAZO DE 2 DICORICAS CALIDAD
REMPLAZO DE 2 ZOCALOS PARA DICROICAS
REVISION DE 1 ARTEFACTO QUE HACIA FALSO CONTACTO
TIEMPO ESTIMADO : 30 MINUTOS";;;;;;;;;;;;;;;;;;
21/7/2025;;VERGARA ROIG;;;PABLO-YAMIL-A.MARTIN;"MANO DE OBRA:
1) CABLEADO 33 BOCAS (1/4) CON CABLE UNIPOLAR, 8 BOCAS CABLEADAS EN LOSA FLOTANTE; 9 EN MURALLON AL LADO DE LOSA-FLOTANTE, 3 EN MURALLON AL LADO DE LA CANCHA; 6 EN COLUMNA DEL MURALLON AL LADO DE CANCHA; 7 EN MURALLON EN LA ENTRADA DEL LUGAR.
2) CABLEADO 15 BOCAS (1/4) CON CABLE SINTENAX (33 METROS) 13 BOCA SUBTERRANEO EN PASARELLA; 2 EN MURALLON AL LADO DE LA CANCHA.
3) CAVADO Y AMURADO 1 BOCA (17$) PARA TABLERO PRINCIPAL (8 METROS APROXIMADO)
PICADO Y AMURADO 11 BOCAS (1/2) EN ESCALERA.
TIEMPO: DE 9:20 A 17:20";;;;;;;;;;;;;;;;;;
21/7/2025;;FLOR PERALTA;;;PABLO-YAMIL;"RETIRO DE HELADERA DEL DOMICILIO 
TIEMP ESTIMADO 10 MINUTOS";;;;;;;;;;;;;;;;;;
22/7/2025;;VERGARA ROIG;;;PABLO-YAMIL-A.MARTIN;"MANO DE OBRA:
1) CABLEADO 1 BOCA/ 10 MTS DE CABLE SUBTERRANEO 4X4 C/T ENTRADA FRENTE PASARELA.
2) CABLEADO 1 BOCA/ 7 METROS CABLEADO 4X4 ENTRADA PORTON 
3) CABLEADO 2 BOCA/8M CABLEADO SUBTERRANEO 3X1,5MM MURALLON AL LADO SOLARIO/ PILETA!
TIEMPO DE ESTIMADO 9:40/11:00";;;;;;;;;;;;;;;;;;
22/7/2025;;OCAMPO FEDERICO;;;PABLO-YAMIL-A.MARTIN;"MANO DE OBRA:
COLOCACION BOCA (1/2) 15 (1/2) BOCA: PICADA Y AMURADA
CANALETA BOCA (1/4): BOCA PICADA 
TIEMPO ESTIMADO 11:40/ 18:00";;;;;;;;;;;;;;;;;;
23/7/2025;;OCAMPO FEDERICO;;;PABLO Y MARTIN;"MANO DE OBRA:
COLOCACION BOCA (1/2) PICADA Y AMURADA EN COMEDOR (3)
ARMADO BOCA VC (1/4) ARMADO DE CAÑERIA 9 BOCAS (1/4): CAÑERIA PVC EN LAVADERO=4, CAÑERIA PVC EN COMEDOR =5
ENTRADA 9:20
SALIDA 14:00";;;;;;;;;;;;;;;;;;
23/7/2025;;VERGARA ROIG;;;PABLO Y MARTIN;"MANO DE OBRA:
CAVADO, ARMADO Y LLENADO DE BASE PARA POSTE.; VECINO MIRANDO DE FRENTE A LA ENTRADA A LA IZQUIERDA
ENTRADA: 14:40HS
SALIDA 18:00HS";;;;;;;;;;;;;;;;;;
24/7/2025;;OCAMPO FEDERICO;;;PABLO-YAMIL-A.MARTIN;"MANO DE OBRA: 
CAMBIO 4 CAJA DE 5X10
1/2 BOCA 1 CAJA DE 5X10 PARA TV
1/2 BOCA 1 LUZ EXTERIOR
PICADO 1 CAJA 20X20 CAMARA
PREINSTALACION 1 AIRE COMEDOR
DESAGUE 1 AIRE COMEDOR
ENTRADA 9:00
SALIDA: NO INFORMO
OBSERVACION
FALTA TERMINAR DE TAPAR PICADA DE AIRE COMEDOR POR CAMBIO DE LUGAR REUBICADO EN LA PARTEINTERNA. LIMPIEZA GENERAL.";;;;;;;;;;;;;;;;;;
25/7/2025;;COLON (SUC DEL CARMEN);;;YAMIL-MARTIN.A;"MANO DE OBRA:
INSTALACION 1 RELOJ DIGITAL
REMPLAZO 2 FUENTE 10A
OBSERVACION GENERAL:
TENIA UNA FUENTE DE 12V 10A PARA 20 METROS DE TIRA LED. SE REMPLAZO POR 2 FUENTES DE 10 AMP LO QUE FORMAN 20 AMPS PARA LA CANTIDAD CORRESPONDIENTE EQUIVALENTE A 20 AMP.
ENTRADA 10:30
SALIDA 13:00";;;;;;;;;;;;;;;;;;
25/7/2025;;COLON (SUC SNBARI Y GORDILLO);;;YAMIL-MARTIN.A;"MANO DE OBRA:
INSTALACION 3 TUBO LED 120
INSTALACION Y/O REMPLAZO PANEL LED 18W PARA EMBUTIR
INSTALACION/ Y O REMPLAZO PANEL LED 12W P/ APLICAR
REMPLAZO TOMA DOBLE
REMPLAZO LLAVE 2 PUNTOS
REMPLAZO LLAVE 3 PUNTOS
REMPLAZO 3 FOCOS15W LUZ FRIA
OBSERVACION GENERAL:
MODIFICACION EN ARTEFACTO DE TUBO 120CM COMUN A TUBO LED
CONTROL DE FOTOCELULA Y PROGRAMACION DE RELOJ
ENTRADA 13:30
SALIDA 16:30";;;;;;;;;;;;;;;;;;
25/7/2025;;JORGE DIAZ CARBEL;;;YAMIL-MARTIN.A;"MANO DE OBRA:
INSTALACION DE REFLECTOR  30WTAS 
OBSERVACIONES GENERALES
COLOCACION DE REFLECTOR 30W EN TECHO PARA ALUMBRAR PARED DEL COSTADO DE LA MAQUINA PARA HACER COLORES
ENTRADA 17:00
SALIDA 17:40";;;;;;;;;;;;;;;;;;
25/7/2025;;ELIZONDO JORGE;;;TODOS;REPARACION DE LAVARROPAS;;;;;;;;;;;;;;;;;;
;;;;;;;;;;;;;;;;;;;;;;;;
28/7/2025;;OCAMPO FEDERICO;;;PABLO-YAMIL-A.MARTIN;"MANO DE OBRA:
1/2 BOCA 8: 2 10*10, 2 OCTOGONALES, 1 10*10 CAJA DE PASO A/C, 1 5*10 TOMA DE A/A
TAPADO 1 CANALETA DE A/C EXTERIOR Y DESAGUE
LIMPIEZA 14 CAJAS
ENTRADA: 8:45
SALIDA: 13:40
OBSERVACIONES GENERALES: MATERIALES PARA OTRO DIA ADJUNTADO.";;;;;;;;;;;;;;;;;;
28/7/2025;;ANDRADA ALEJANDRA CONTADORA;;;PABLO-YAMIL-A.MARTIN;"MANO DE OBRA:
DESCONEXION 4 ALIMENTACION A/C
COLOCACION 2 1/2 BOCA P/ ALIMENTACION DE DPTO NUEVO
PICADO 1 TABLERO
PICADO 1 DESAGUE DE A/A
ENTRADA:14:00
SALIDA: 17:45
OBSERVACIONES GENERALES:
MATERIALES ADJUNTADOS PARA SIGUIENTE DIA";;;;;;;;;;;;;;;;;;
29/7/2025;;EQUITATIVA DEL PLATA;;;PABLO-YAMIL-A.MARTIN;"MANO DE OBRA:
DESINTALACION DE 2 AIRES ACONDICIONADOS.
ENTRADA: 9:20HS
SALIDA: 11:15HS";;;;;;;;;;;;;;;;;;
29/7/2025;;TONOS (SAN NICOLAS DE BARI);;;PABLO-YAMIL-A.MARTIN;"MANO DE OBRA:
MODIFICACION DE LUGAR 1 DESAGOTE DE U.E DE A.A PISO TECHO
ENTRADA:11:30
SALIDA:12:30";;;;;;;;;;;;;;;;;;
29/7/2025;;PAULA SOSA;;;PABLO-YAMIL-A.MARTIN;"MANO DE OBRA:
COLOCACION DE 1 DESAGOTE U.I DE A.A PISO TECHO
ENTRADA: 11:30
SALIDA: 13:00";;;;;;;;;;;;;;;;;;
29/7/2025;;OCAMPO FEDERICO;;;PABLO-YAMIL-A.MARTIN;"MANO DE OBDA:
COLOCACION 1/2 BOCA (PICADA Y AMURADA)
COLOCACION 1 RECEPTACULO +LAMPARA
ENTRADA 14:20
SALIDA: 15:00";;;;;;;;;;;;;;;;;;
29/7/2025;;ANDRADA ALEJANDRA CONTADORA;;;PABLO-YAMIL-A.MARTIN;"MANO DE OBRA:
DESINTALACION 2 A.A 3.5KW
PICAMOS 2 CANALETAS DE CAÑO DE A.A (FALTA SEGUIR PICANDO)
ENTRADA: 15:20HS
SALIDA: 18:00HS";;;;;;;;;;;;;;;;;;
30/7/2025;;PACELLA;;;PABLO-YAMIL-A.MARTIN;"MANO DE OBRA:
REMPLAZO 10 LAMPARA DE LUZ CALIDA.
REMPLAZO 4 TOMAS EXTERIOR (COSTADO DE CASA)
REMPLAZO 1 LLAVE DE 3 PUNTOS
REMPLAZO 1 TOMA DOBLE EN GALERIA
REMPLAZO 1 DISYUNTOR TETRAPOLAR EN TABLERO DE COCHERA 
CABLEADO 13 BOCA 53M BOCA SUBTERRANEO ENTRE PASARELLA, PILETA
CABLEADO 6 BOCA EMBUTIDA ENTRE PILETA Y TABLERO DE COCHERA
INSTALACION 8 ARTEFACTO PARA PASARELA
INSTALACION 4 TOMA DE EXTERIOR EN PILETA
REMPLAZO 2 LAMPARA DE LUZ FRIA DE LUGAR ( DEL CLIENTE)
ARMAMOS 1 ENCHUFE PARA BOMBA DE PILETA
CONECTAMOS 1 TIRA LED DE PILETA
OBSERVACIONES GENERALES:
MATERIAL QUE SE NECESITA:
6 BIPIN LED CALIDA
9M TIRA LED 
FUENTE DE 10 A
ENTRADA: 9:20
SALIDA: 17:45";;;;;;;;;;;;;;;;;;
31/7/2025;;PACELLA;;;PABLO-YAMIL-A.MARTIN;"MANO DE OBRA:
REMPLAZO 6 BIPINES 69 EN LA CASA: DEJAMOS UN BIPIN A RAUL DE REPUESTO
COLOCACION 8 LAMPARAS LED GOTA EN PASARELA
COLOCACION 1 TERMICA BIPOLAR DE 10A
COLOCACION 9M DE TIRA LED + TRANSFORMADOR
SOLUCION 1 BORDEADORA (40 CM DE TPR DE 3X1,5MM): REMPLAZO DE FICHA MACHO DE BORDEADORA (CABLE DE FASE ABIERTO ENTRE LA FICHA MACHO Y SWICHT.
COLOCACION 9M DE PERFIL DE ALUMINIO PARA TIRA LED.
ENTRADA: 9:10
SALIDA: 13:45";;;;;;;;;;;;;;;;;;
31/7/2025;;SOL VICTORIA;;;YAMIL;"MANO DE OBRA:
REMPLAZO DE FORZADOR
ENTRADA: 11:30
SALIDA: 12:00";;;;;;;;;;;;;;;;;;
31/7/2025;;OCAMPO FEDERICO;;;MARTIN-PABLO;"MANO DE OBRA:
CAVADO 15 METROS DE SANJA DE 0.60CM DE PROFUNDIDAD
ENTRADA:14:30
SALIDA:18:00";;;;;;;;;;;;;;;;;;
31/7/2025;;KARAM;;;YAMIL-RAMIRO-MAICO;"MANO DE OBRA:
REMPLAZO 2 TIRA LED DE 5 MTS FRIA
OBSERVACIONES GENERALES:
CAMBIO DE TIRA LED EN CARTEL DE KARAN EN LETRA K Y R.
ENTRADA: 15:00
SALIDA:17:45";;;;;;;;;;;;;;;;;;
1/8/2025;;ANDRADA ALEJANDRA CONTADORA;;;PABLO-YAMIL-A.MARTIN;"MANO DE OBRA:
1)PICADO Y EMBUTIDO 20 BOCAS TABLERO ATRAS DEL MEDIDOR
2) 1/2 BOCA:4; 2= AL FRENTE  PARA LUZ Y TOMA DE ENTRADA
1= TOMA DE ABAJO DE TABLERO DE 20 BOCAS. 1= PARA FUTURA ALIMENTACION DE TABLERO 20 BOCAS
3) PICADO EMBUTIDO CAÑOS DE 63 DE DIAMETRO PARA SUNCLOS DE 2 A.A
4) PICADO EMBUTIDO CAÑO DE 25 DE DIAMTEROS PARA DESAGOTE DE 2 A.A
OBSERVACIONES GENERALES:
OCUPAMOS 1 METRO Y MEDIO DE CAÑO CORRUGADO DE 32
1 CAJA 7X7 DE CHAPA";;;;;;;;;;;;;;;;;;
1/8/2025;;OCAMPO FEDERICO;;;PABLO-YAMIL-A.MARTIN;"MANO DE OBRA:
1 ) COLOCACION 1 CAMARA INSPECCION 30*30
2) PICADA 2 DESDE TABLERO PRINCIPAL A SUELO
3) BOCA 2 PICADO Y FIJADO BOCA SUBTERANEO)
ENTRADA:16:00
SALIDA: 18:00";;;;;;;;;;;;;;;;;;
1/8/2025;;ALLENDE ARIEL;;;IGNACIO ARIAS;VISITA Y REVISION DE IGNACIO;;;;;;;;;;;;;;;;;;
;;;;;;;;;;;;;;;;;;;;;;;;
4/8/2025;;OCAMPO FEDERICO;;;PABLO-YAMIL-A.MARTIN;"MANO DE OBRA:
1) COLOCACION 2 CAMARAS DE INSPECCION SUBTERRANEO EN PASILLO DEL PATIO
2) TAPAMOS 4 (1/4) DE BOCA, EMBUTIDA DE CAMARA DE INSPECCION 2 TABLEROS: BOCA CABLEADA PATIO=3, LAVADERO=8, COMEDOR=12
3) CABLEMAOS 23 (1/4) DE BOCA
4)ARMAMOS 1 LLAVE DE COMBINACION SIMPLE COMEDOR
5) ARMAMOS 1 LLAVE DE 3 PUNTOS (COMEDOR, PARA LUZ EXTERIOR 
6) ARMAMOS 1 LLAVE DE COMBINACION DOBLE (COMEDOR)
7) ARMAMOS 1 LLAVE DE COMBINACION SIMPLE/LAVADERO)
8) ARMAMOS 5 TOMAS DOBLE EN COMEDOR
9) ARMAMOS 2 TOMA SIMPLE DE EXTERIOR
10) ARMAMOS 3 TOMA DOBLE EN LAVADERO
11)COLOCAMOS 1 (1/4) DE BOCA ARMADA DE PVC
12) COLOCAMOS 1 TERMINAMOS DE COLOCAR CAÑO DE DESAGOTE DE A.A DE COMEDOR
OBSERVACIONES GENERALES:
OCUPAMOS APROXIMADAMENTE 29 METROS DE CAÑO NEGRO DE MARTIN.
FALTANTES:
2 TOMAS SIMPLES
16MTS DE CABLE UTO POR CAMARA, FICHAS DE RED, 1 TOMA DE EXTERIOR";;;;;;;;;;;;;;;;;;
5/8/2025;;ESCUELA DE GASTRONOMIA;;;PABLO-YAMIL-A.MARTIN;"RETIRO DE HELADERA: 9:10 AM
MANO DE OBRA:
REMPLAZO DE 1 TUBO LED DE 18W (YAMIL) TIEMPO 30 MINUTOS";;;;;;;;;;;;;;;;;;
5/8/2025;;OCAMPO FEDERICO;;;PABLO-YAMIL-A.MARTIN;"MANO DE OBRA:
-ARMADO DE 1 TOMA DOBLE EN NUEVO COMEDOR.
-ARMADO DE 1 TOMA SIMPLE EN NUEVO COMEDOR PARA A.A
-REMPLAZO DE 1 TOMA DE EXTERIOR EN PATIO AL LADO DEL NUEVO COMEDOR
-CABLEADO 2 CAMARAS CON CABLE UTP EN NUEVO COMEDOR
COLOCACION DE 1 CAJA DE APLICAR ESTANCA
-CABLEADO 29 BOCA EN PIEZA Y OFICINA
-CABLEADO 4 BOCA ANTEBAÑO
-CABLEADO 2 BOCA BAÑO
-CABLEADO 5 BOCA LUZ EXTERIOR DE PATIO
ENTRADA: 9:50
SALIDA: 16:00";;;;;;;;;;;;;;;;;;
5/8/2025;;VERGARA ROIG;;;YAMIL ;"MANO DE OBRA:
COLOCACION DE 6 CAJAS OCTOGONALES DE CHAPA 7X7
ENTRADA: 11:00
SALIDA: 12:30
MATERIALES";;;;;;;;;;;;;;;;;;
5/8/2025;;COLON (SUC 25 DE MAYO);;;PABLO-YAMIL-A.MARTIN;"MANO DE OBRA:
MODIFICACION 1 CAMBIO DE LUGAR DE TOMA DOBLE EN COLUMNA AL LADO DE LA CAJA Y LA ENTRADA DEL LOCAL.
ENTRADA: 16:30
SALIDA: 17:00";;;;;;;;;;;;;;;;;;
5/8/2025;;ROXANA VANNI (TOMAS);;;PABLO-YAMIL-A.MARTIN;"MANO DE OBRA:
-COLOCACION 1 BOCA CABLECANALEN COCINA COMEDOR
-CABLEADO 1 BOCA CABLECANAL EN COCINA COMEDOR
-COLOCACION DE 1 TOMADOBLE EN COCINA COMEDOR
-REMPLAZO DE 1 ARTEFACTO DE APLICAR (COLGANTE CLASICO) EN COCINA COMEDOR.
ENTRADA:17:15HS
SALIDA:17:45";;;;;;;;;;;;;;;;;;
6/8/2025;;OCAMPO FEDERICO;;;PABLO-YAMIL;"MANO DE OBRA:
-CABLEADO DE 6 BOCAS:
2 BOCA DE CAMARAS 220
2 BOCA DE ALIMENTACION PARA COCINA/COMEDOR
1 BOCA DE TOMA PARA HABITACION.
1 BOCA DE EMB PATIO.
ENTRADA: 08:40
SALIDA: 10:15";;;;;;;;;;;;;;;;;;
6/8/2025;;COLON (SUC DEL CARMEN);;;IGNACIO-PABLO-YAMIL;"MANO DE OBRA:
-RETIRAMOS 1 CARTEL TIPO CRUZ DE FARMACIA PARA REVISION.
-SOLUCION 1 PROBLEMA DE CONEXION DE CARTEL
-COLGAMOS 1 CARTEL EL QUE REPARAMOS
-ALIMENTACION 1 DEL CARTEL.
ENTRADA: 10:30
SALIDA:13:00";;;;;;;;;;;;;;;;;;
6/8/2025;;ARIEL ALLENDE;;;PABLO-YAMIL;"MANO DE OBRA:
-DESINTALACION A.A 3.5KW
SERVICE DE AMBAS UNIDADES CON CONTROL DE CAPACITORES Y BOBINAS.
-REMPLAZO DE CAPACITOR DE 1,5UF DE U.E
(SACAMOS DEL LOCAL, ESTA EN LA CAJA CON EL AIRE.
ENTRADA 14:00HS";;;;;;;;;;;;;;;;;;
6/8/2025;;ESCUELA DE GASTRONOMIA/ ARIEL;;;PABLO-YAMIL;"ELECTRODOMESTICO: HELADERA FAMILIAR MARCA EL DORADO SERIE:00336243
-SOLDADURA DE EVAPORADOR EN HELADERA
OBSERVACIONES GENERALES:
OCUPAMOS SOLDADURA EN FRIO Y ADHESIVO INSTANTANEO)";;;;;;;;;;;;;;;;;;
6/8/2025;;VATO HERRERA;;;RAMIRO-MARTIN.A;TODO EXPLICADO EL PLANILLA DE TRABAJO;;;;;;;;;;;;;;;;;;
7/8/2025;;ANDRADA ALEJANDRA CONTADORA;;;PABLO-RAMIRO-YAMIL-A.MARTIN;"MANO DE OBRA:
-REINSTALACION 1 A.A DE 2,6KW MARCA ELECTROLUX
-REINTALACION 1 A.A DE 3.2 KW MARCA DURABRAND
-CARGA GAS R410A 318 GRAMOS
-CABLEAMOS 4 BOCAS DE ALIMENTACION DE AMPLIACION 
-CABLEAMOS 3 BOCAS 2 DE TOMA EXTERIOR 1 LUZ DE EXTERIOR 
-RECABLEAMOS 1 BOCA DE MEDIDOR AL TABLERO PRINCIPAL
-MOVIMOS 1 REFLECTOR DE 50W DE LUGAR
-ARMAMOS 4 BOCAS DE PVC CON CAÑERIA
-CABLEAMOS 5 BOCA PARA ALIMENTACION CAÑERIA
-COLOCACION 1 FOTOCELULA
-COLOCAMOS 1 CAJA 100X100X100 BAJO DE TABLERO PRINCIPAL.
-INSTALACION 1 PLAFON 18W REDONDO DE APLICAR LUZ FRIA.
-ARMAMOS 2 TOMA DE EXTERIOR
-INSTALACION 4 PLAFON LED DE 24W CUADRADOS
-MODIFICACION DE LUGAR DE TERMICA GENERAL (AL NUEVO TABLERO PRINCIPAL)
-INSTALACION 1 TERMICA 2X10A
ENTRADA: 08:45
SALIDA: 17:45";;;;;;;;;;;;;;;;;;
8/8/2025;;ELIO MORALES;;;MARTIN-PABLO;"MANO DE OBRA:
-REMPLAZO DE 2 LAMPARAS GALPONERA 2 EN LOCAL DE VENTAS
-REMPLAZO 1 TIMER DIGITAL TABLERO SECCIONAL LOCAL VENTAS
-REMPLAZO 1 LAMPARA GALPONERA EN SECOTR TALLER DE AUTOS
ENTRADA 9:20
SALIDA:10:30";;;;;;;;;;;;;;;;;;
8/8/2025;;ELIZONDO JORGE;;;MARTIN-PABLO-YAMIL;MANO DE OBRA: REMPLAZO DE FUELLE Y CONTROL DE FUNCIONAMIENTO!;;;;;;;;;;;;;;;;;;
8/8/2025;;MARGARITA SUAREZ;;;PABLO-YAMIL;"MANO DE OBRA:
-PICADA 6 BOCAS EN EL BAÑO Y PIEZA AL OTRO LADO DE LA PARED
-AMURADA 6 BOCA EN EL BAÑO Y PIEZA AL OTRO LADO DE LA PARED
ENTRADA: 15:20
SALIDA:18:00";;;;;;;;;;;;;;;;;;
;;;;;;;;;;;;;;;;;;;;;;;;
11/8/2025;;VATO HERRERA;;;RAMIRO-YAMIL;"MANO DE OBRA: 
-DESINTALACION 1 A.A 4500 FG
-SERVICE 1 A.A 4500 FG
-INSTALACION 1 A.A 4500 FG
-COLOCACION ZOCALO 12 MTS INSTALACION DE ZOCALO DE MADERA.
-COLOCACION MOLDURA 15 MTS INSTALACION DE MOLDURA DE ALUMINIO TECHO.
-COLOCACION 2 MTS MANGUERA CRISTAL
-MODIFICACION 1 MENSULA A.A
ENTRADA: 9:00
SALIDA: 17:00";;;;;;;;;;;;;;;;;;
11/8/2025;;NORBERTO SCHMIRA;;;MARTIN-PABLO;"MANO DE OBRA:
-REMPLAZO 1 TUBO FLUORRESCENTE  DE 120CM POR 2 PORTALAMPARA PARA COLGAR
-REMPLAZO 1 TOMA SIMPLE POR 1 TOMA DOBLE EN COCINA
-COLOCACION 1 BOCA CABLECANAL PARA HELADERA
-CABLEADO 1 BOCA CABLECANAL PARA HELADERA
-INSTALACION 1 LISTON 5W BAJO ALACENA DE COCINA
-COLOCACION 1 TOMA DOBLE PARA HELADERA.";;;;;;;;;;;;;;;;;;
11/8/2025;;KARAM RAUL;;;PABLO-MARTIN;"MANO DE OBRA:
CABLEADO 6 BOCAS NUEVA LINEA
ENTRADA: 12:50
SALIDA: 19:00";;;;;;;;;;;;;;;;;;
12/8/2025;;NICOLAS DEL ROSSO;;;RAMIRO-YAMIL;"MANO DE OBRA
INSTALACION 1 A.A DE 3500 FRIGORIAS
ENTRADA: 10:30
SALIDA: 13:00";;;;;;;;;;;;;;;;;;
12/8/2025;;VERGARA ROIG;;;RAMIRO-YAMIL;"MANO DE OBRA:
ENTREGA 1 CAJA TRIFASICA
ENTREGA 1 CAÑO CON PIPETA";;;;;;;;;;;;;;;;;;
12/8/2025;;FARMACIA COLON SUC FACUNDO QUIROGA;;;RAMIRO-YAMIL;"MANO DE OBRA:
INSTALACION 1 CARTEL DE CRUZ 220V
ENTRADA: 8:30
SALIDA: 9:30";;;;;;;;;;;;;;;;;;
12/8/2025;;KARAM RAUL;;;PABLO-MARTIN;"MANO DE OBRA
-CABLEAMOS 2 BOCA DE CABLE DE TIERRA
-CONEXION 1 COCINA ELECTRICA
ENTRADA: 10:00
SALIDA: 11:30";;;;;;;;;;;;;;;;;;
12/8/2025;;NORBERTO SCHMIRA;;;PABLO-MARTIN;"MANO DE OBRA
-COLOCACION 1 LAMPARA DE PARED CON PORTALAMPARA DE PARED EN PATIO
-COLOCACION 1 LLAVE DE 1 PUNTO Y TOMA DE EXTERIOR CAPSULADO EN PATIO
-COLOCACION 1 TOMA DOBLE DE EMBUTIR EN GALERIA
ENTRADA: 8:40
SALIDA: 9:40";;;;;;;;;;;;;;;;;;
12/8/2025;;KARAM RUBEN;;;PABLO-MARTIN;"MANO DE OBRA
REVISION 1 FAROLA DE LUZ EXTERIOR
ENTRADA: 11:30
SALIDA: 16:00";;;;;;;;;;;;;;;;;;
13/8/2025;;ANDRADA ALEJANDRA CONTADORA;;;PABLO-MARTIN;"MANO DE OBRA:
-REMPLAZO 1 DRIVER DE24W EN LUZ DE COCHERA
-COLOCACION 1 BASTIDOR PARA RIL DIN + MODULO DE 1 PUNTO (TABLERO PRINCIPAL)
ENTRADA:9:20
SALIDA:9:40";;;;;;;;;;;;;;;;;;
13/8/2025;;ESCUELA DE GASTRONOMIA/ ARIEL;;;PABLO-MARTIN;ENTREGA DE HELADERA;;;;;;;;;;;;;;;;;;
13/8/2025;;ARIEL LLAMO (CASA);;;PABLO-MARTIN;"MANO DE OBRA: 
-REVISION 1 LAMPARA DE LUZ EXTERIOR DE ENTRADA DE CASA (ARTEFACTO DIRECCIONAL) REVISION CONEXION DE LAMPARA.
REMPLAZO 1 LED BIPIN G9 4,5W CANDELA EN ARTEFACTO DE ESCALERA DE PLANTA BAJA Y PRIMER PISO.
ENTRADA: 12:30
SALIDA: 13:30";;;;;;;;;;;;;;;;;;
13/8/2025;;FARMACIA COLON SUC (25 DE MAYO);;;PABLO-MARTIN;"MANO DE OBRA:
-COLOCACION 2 BASE DE TV + TV 50 "" PHILIPS (1 EN LOCAL VENTAS Y OTRO  EN LA SALA DE CONFERENCIAS)
ENTRADA: 14:20
SALIDA:16:00";;;;;;;;;;;;;;;;;;
13/8/2025;;RAUL PACHELA;;;PABLO-MARTIN-NACHO;"MANO DE OBRA:
-CONFIGURACION 1 RELOJ ANALOGICO EN TABLERO DE LAVADERO.
-IDENTIFICACION 1 CIRCUITO DE TABLERO DE DEPOSITO Y BAÑO.
-INSTALACION 1 SWITCH CON CANALES Y CONTROL REMOTO.
ENTRADA: 16:00
SALIDA: 18:00";;;;;;;;;;;;;;;;;;
13/8/2025;;COLON SUC 30 DE SEPTIEMBRE;;;RAMIRO-YAMIL;"MANO DE OBRA:
-CONTROLAMOS 12 BOCAS DE PUESTA A TIERRA
-INSTALACION 50 CM DE CABLE 2,5 V/A
-REMPLAZO 5 MTS TPR 3X1,5
ENTRADA: 9:00
SALIDA: 12:00";;;;;;;;;;;;;;;;;;
13/8/2025;;CRISTIAN KILY GONZALEZ (F8);;;RAMIRO-YAMIL-MARTIN;"MANO DE OBRA:
-INSPECCION 1 CONEXION LUCES CANCHA
-CONEXION 2 CON  MORZETA Y EL OTRO CON EMPLAME
-REUBICACION 3 DIRECCIONAMIENTO DE REFLECTORES EN UN SOLO POSTE.
ENTRADA: 14:00
SALIDA: 16:30";;;;;;;;;;;;;;;;;;
13/8/2025;;CRISTIAN KILY GONZALEZ (QUICHO);;;RAMIRO-YAMIL-MARTIN;"MANO DE OBRA
-REMPLAZO 2 LAMPARAS 100W, FOTOCELULA, PORTALAMPARA E40
-REVISION 2 FOCOS ALUMBRADO PUBLICO FOTOCELULA CHICA DE 3 CABLES
ENTRADA: 17:00
SALIDA: 19:20";;;;;;;;;;;;;;;;;;
14/8/2025;;MAXI LOPEZ;;;YAMIL-MARTIN;"MANO DE OBRA:
-DESINTALACION 1 A.A 5000 FRIGORIAS
-SERVIS 1 A.A UNIDAD INTERIOR Y EXTERIOR
ENTRADA 14:00
SALIDA: 18:00";;;;;;;;;;;;;;;;;;
14/8/2025;;CRISTIAN KILY GONZALEZ (QUICHO);;;YAMIL-MARTIN;"MANO DE OBRA
CAMBIO 2 LAMPARA MEZCLADORA E40 500WAT
CAMBIO 1 FOTOCELULA
INSTALACION 1 ARTEFACTO DE LUMINARIA DE TENDIDO PUBLICO.";;;;;;;;;;;;;;;;;;
14/8/2025;;DIEGO COLUCIO;;;YAMIL-MARTIN;RETIRO DE HELADERA FAMILIAR MARCA WHISPOOL WRX51;;;;;;;;;;;;;;;;;;
14/8/2025;;ELECTROFRIO;;;PABLO;"MANO DE OBRA:
-DELIVERY DE MATERIAL
- ACOMODACION DE HERRAMIENTAS EN EL TALLER";;;;;;;;;;;;;;;;;;
15/8/2025;;LOPES MAXI;;;YAMIL;"MANO DE OBRA:
-REMPLAZO 2 HORRING DE ROBINETE DE A.A DE 5000 FRIGORIAS
-REMPLAZO 2 HOBU
-CAGA 1 REFRIGERANTE R22-1 KG
ENTRADA:9:00
SALIDA:11:00";;;;;;;;;;;;;;;;;;
15/8/2025;;OCAMPO FEDERICO;;;RAMIRO-YAMIL-MARTIN;"MANO DE OBRA: 
-COLOCACION 1 JABALINA 5/8 X 1,5 MTS + MORCETO
-ARMADO 1 TABLERO DE 28 BOCA (SECCIONAL) COLOCAMOS 1 DISYUNTOR TETRAPOLAR, 1 TERMICA TETRAPOLAR, 9 TERMICAS BIPOLARES (8 TERMICAS BIPOLAR DE 16 A, 1 TERMICA DE 10 A)
-CABLEAMOS 4 BOCAS SUBTERRANEAS
-CABLEAMOS 1 BOCA POR PARED
OBSERVACIONES: FALTA REVISAR FAROLA QUE HACE SALTAR EL DISYUNTOR

ENTRADA: 14:40
SALIDA: 18:30";;;;;;;;;;;;;;;;;;
15/8/2025;;CAPACITACION CON VICTOR;;;TODOS;;;;;;;;;;;;;;;;;;;
;;;;;;;;;;;;;;;;;;;;;;;;
18/8/2025;;OCAMPO FEDERICO;;;MARTIN-PABLO-YAMIL;"MANO DE OBRA:
-INSTALACION 1 REFLECTOR DE 100W 
-INSTALACION 1 CAMARA 
-COLOCACION 2 PORTALAMPARA DE COLGAR CON LAMPARA
-COLOCACION 1 LLAVE DE 1 PUNTO DE COMBINACION EN LA ENTRADA DE DORMITORIO DE L ANUEVA AMPLIACION
-REPARACION 1 CAÑO CORRUGADO DE 1 1/4 EN LA ENTRADA DE TABLERO 
-MOVIMOS DE LUGAR 1 CAMARA DE SEGURIDAD
ENTRADA: 08:50
SALIDA: 11:50";;;;;;;;;;;;;;;;;;
18/8/2025;;IGNACIO MORALES;;;PABLO CORDOBA;"MANO DE OBRA:
-COLOCACION 1 BOCA CABLE CANAL EN COMEDOR
-CABLEADO 1 BOCA CABLEADO EN COMEDOR
-ARMADO 1 TOMA DOBLE EN COMEDOR.
ENTRADA: 13:30
SALIDA: 14:30";;;;;;;;;;;;;;;;;;
18/8/2025;;SUAREZ MARGARITA;;;RAMIRO-MARTIN;"MANO DE OBRA:
-CABLEADO 3 BOCAS COLOCAMOS 1 LLAVE DE DOS PUNTOS Y 2 TOMAS DOBLE
-COLOCACION 2 TAPACIEGA CON FLORON
ENTRADA: 16:00
SALIDA: 18:00";;;;;;;;;;;;;;;;;;
18/8/2025;;PACELLA RAUL;;;PABLO-YAMIL;"GARANTIA DE TRABAJO:
REVISION 1 BOMBA DE AGUA SE VA A TIERRA (GARANTIA)
HAY MUCHA AGUA BAJO LA PILETA, REVISAMOS CIRCUITO DE LA BOMBA, LA TIRA LED Y LUCES PASARELLA.";;;;;;;;;;;;;;;;;;
19/8/2025;;BEATRIZ BECERRA;;;MARTIN-YAMIL;"MANO DE OBRA:
-REVISION DE 2 TERMOTANQUES
ENTRADA:10:00
SALIDA:11:00";;;;;;;;;;;;;;;;;;
19/8/2025;;RAUL KARAM;;;MARTIN-YAMIL;"MANO DE OBRA:
DESINTALACION 1 ARTEFACTO TIPO ARAÑA COLGANTE
DESINTALACION 1 FAROLA EXTERIOR
ENTRADA: 11:00
SALIDA:12:00";;;;;;;;;;;;;;;;;;
19/8/2025;;HOTEL GABRIEL ROMBOLA;;;RAMIRO-PABLO;"MANO DE OBRA:
-REMPLAZO 6 DICROICAS
-REVISION 3 CONEXIONES EN BOCA DE LUZ PARA LA ALIMENTACION DE LAMPARA
-INSTALAION 1 TERMICA 2X10A
INSTALACION 2 FOTOCELULA
ENTRADA: 09:20
SALIDA: 14:20";;;;;;;;;;;;;;;;;;
19/8/2025;;KILY GONZALEZ;;;RAMIRO-PABLO;"GARANTIA DE TRABAJO MANO DE OBRA 
-REVISION 1 FOTOCELULA Y REMPLAZO DE LAMPARA MEZCLADORA (GARANTIA)
ENTRADA:15:20
SALIDA:16:30";;;;;;;;;;;;;;;;;;
20/8/2025;;ARIEL ALLENDE;;;YAMIL-MARTIN;;;;;;;;;;;;;;;;;;;
20/8/2025;;JUSTINA;;;PABLO;INGRESO DE ELECTRODOMESTICO HELADERA;;;;;;;;;;;;;;;;;;
20/8/2025;;ELECTROFRIO;;;TODOS;MANTENIMIENTO DE TALLER, Y CAMBIO DE CAMARAS DE SEGURIDAD.;;;;;;;;;;;;;;;;;;
21/8/2025;;LUCAS DIAZ;;;PABLO-YAMIL;"MANO DE OBRA: 
-COLOCACION 10 BOCAS DE PVC
-CABLEAMOS 10 BOCAS DE PVC
-ARMAMOS 2 TOMAS DOBLES
-ARMAMOS 1 TOMA Y PUNTO SIMPLE
-ARMAMOS 1 LLAVE 2 PUNTOS
-INSTALAMOS 5 ARTEFACTOS DE 24 CUADRADOS DE LUZ CALIDA 
-INSTALAMOS 1 REFLECTO 10W LUZ CALIDA
MODIFICACION 2 TOMA DOBLE DE LUGAR LA ALTURA DE LOS TOMAS
ENTRADA: 10:00
SALIDA: 16:30";;;;;;;;;;;;;;;;;;
21/8/2025;;COLON (SUC 30 SEPTIEMBRE);;;RAMIRO-MARTIN;"MANO DE OBRA
-INSTALACION 5 BOCAS ESTABILIZADAS CON RESPALDO DE UPS
-MODIFICACION 1 CONTROL DE ACCESO HORARIO
EMPROLIJADO VARIOS CABLES DE SERVIDORES
ENTRADA 8:00
SALIDA: 15:00";;;;;;;;;;;;;;;;;;
22/8/2025;;VERGARA ROIG;;;PABLO-YAMIL;"MANO DE OBRA:
-MODIFICACION 1 TABLERO EN CUARTO DE BOMBA
-COLOCACION 3 BOCAS DE PVC
CABLEAMOS 3 BOCAS DE PVC
-COLOCACION 1 CAJA DE PASO DE PVC DE 211*211*110
ENTRADA: 13:00
SALIDA:18:20";;;;;;;;;;;;;;;;;;
22/8/2025;;COLON (SUC ORTIZ DE OCAMPO);;;RAMIRO-MARTIN;"MANO DE OBRA:
-COLOCACION 4 CABLE CANAL ZOLODA 100*50-2 MTS
-COLOCACION 2 CABLE CANAL 
40*30 x 2 mts
-COLOCACION 1 PISO CANAL ZOLODA 75 X 2 MTS
-COLOCACION 10 TPR 3X2,5MM
-INSTALACION 3 MENSULA DE BANDEJA 33CM
-INSTALACION 2 MENSULA DE BANDEJA 63CM
ENTRADA 8:00
SALIDA:15:00";;;;;;;;;;;;;;;;;;
;;;;;;;;;;;;;;;;;;;;;;;;
25/08/2025;;SEBASTIAN MORALES;;;PABLO-YAMIL;"MANO DE OBRA:
-INSTALACION 1 BOCA COMPLETA
-INSTALACION 2 PORTALAMPARA CON FOCO
-INSTALACION 1 PANEL LED DE 12W
-REPARACION 1 UN ARTEFACTO DIRECCIONAL, LE PUSIMOS UNA DICROICA
ARMADO 2 LLAVE DE UN PUNTO Y TOMA LLAVE DE UN PUNTO
CABLEAMOS 4 BOCAS.
ENTRADA: 9:00
SALIDA: 13:00";;;;;;;;;;;;;;;;;;
25/08/2025;;COLON (SUC CORONEL MONTOS);;;PABLO-YAMIL;"MANO DE OBRA:
REMPLAZO 1 TERMICA DE 15AMP
ENTRADA 13:00
SALIDA 14:00";;;;;;;;;;;;;;;;;;
25/08/2025;;KILY GONZALEZ;;;PABLO-YAMIL;;;;;;;;;;;;;;;;;;;
25/08/2025;;COLON (SUC ORTIZ DE OCAMPO);;;RAMIRO-MARTIN;"MANO DE OBRA:
-COLOCACION 4 TOMAS (ZAPATILL) EN MUEBLE, TOMAS ESTABILIZADOS
-MODIFICACION 1 CAMBIO LUGAR UPS
-MODIFICACION 1 SERVIDOR CAMBIO LUGAR
-MODIFICACION 2 CISCO SERVIDOR CAMBIO DE LUGAR
-MODIFICACION 2 ROUTER Y MODEM CAMBIO DE LUGAR
-MODIFICACION 1 TOMA DE CENTRO DE ACCESO ESTABILIZADOS Y RESPALDO DE UPS
-REALIZACION 18 PACH DE SEÑAL ENTRE 3 A 5 MTS DEPENDIENDO EL CABLEADO
OBSERVACIONES GENERALES:
SE LE COLOCO PUESTA A TIERRA A LAS ZAPATILLAS ESTABILIZADAS Y CON RESPALDO DE UPS. POR ESO SE LE CAMBIO LA ALIMENTACION.
ENTRADA 08:00
SALIDA: 17:00";;;;;;;;;;;;;;;;;;
26/8/2025;;KARAM RAUL;;;MARTIN-YAMIL;"MANO DE OBRA:
-INSTALACION 2 MEDIA BOCA
-PICADO 2 CENTROS (1 METRO) COMEDOR
-COLOCION 4.50 METROS CORRUGADO 7/8 EN LIVING DEL CENTRO HACIA LATERALES
-PICADO 2 LINEAS DE CORRUGADO EN LIVING DE CAJA HACIA LA VENTANA
-REMMPLAZO 1 CAJA 5X10
-DESINTALACION 1 MUEBLE
-DESINTALACION 1 SOPORTE DE TV
CABLEADO 8 M CABLE UNIPOLAR BLANCO 1,5 PARA RETORNO (LIVING)
OBSERVACIONES GENERALES: 
FALTA COLOCAAR 2 CAJA 5X5 EN COMEDOR + CORRUGADO DE 5/16 .
ENTRADA: 9:00
SALIDA 13:00";;;;;;;;;;;;;;;;;;
26/8/2025;;KARAM RUBEN;;;MARTIN-YAMIL;"MANO DE OBRA:
-REMPLAZO 1 LAMPARA CANDELA 40W EN FAROLA DEL PATIO
ENTRADA: 12:00
SALIDA:12:30";;;;;;;;;;;;;;;;;;
26/8/2025;;OCAMPO FEDERICO;;;MARTIN-YAMIL;"MANO DE OBRA:
-REUBICACION 2 PORTALAMPARA QUE ESTABAN SOBRE CIELORASO EN COMEDOR Y LAVADERO.
ENTRADA: 13:10HS
SALIDA: 13:30HS";;;;;;;;;;;;;;;;;;
26/8/2025;;CARUSO JUAN;;;MARTIN-YAMIL;"MANO DE OBRA:
-REMPLAZO 30 DICROICA 7W 
-REMPLAZO 1 REFLECTRO EN ALTURA DE CASA
-REMPLAZO 1 ZOCALO GU10
-REMPLAZO 2 FOTOCELULAS (FAROLA Y REFLECTOR)";;;;;;;;;;;;;;;;;;
26/8/2025;;COLON (SUC VELASCO);;;RAMIRO-MARTIN;"MANO DE OBRA:
-DESINTALALMOS 1 CARTEL CRUZ
-REPARACION 1 CARTEL (LE SACAMOS PARPADEO DE LUCES Y LO DEJAMOS FIJO)
-BUSCAMOS 1 CAÑO ESTRUCTURAL
-BUSCAMOS PINTURA PAR CAÑO DE PINTURERIA COLON
-PINTAMOS 1 CAÑO ESTRUCTURAL GRIS HIELO.
OBSERVACIONES GENERALES
-USAMOS 36 REMACHES PARA REPARA CARTEL
-USAMOS ESTAÑO PARA LA UNION DE LOS CABLES (APROXIMADO 5CM)
-USAMOS SILICONA PARA SELLAR EL CARTEL (LAS UNIONES)
ENTRADA: 8:00
SALIDA:18:00";;;;;;;;;;;;;;;;;;
27/8/2025;;GRASI GAS;;;MARTIN-YAMIL;"MANO DE OBRA:
REMPLAZO 2 LAMPARAS DE 40W EN LA PLANCHA EN ALTURA";;;;;;;;;;;;;;;;;;
27/8/2025;;KARAM RAUL;;;MARTIN-YAMIL;"MANO DE OBRA:
-INSTALACION 2 MEDIA BOCA
ENTRADA 10:30HS
SALIDA: 12:15HS";;;;;;;;;;;;;;;;;;
27/8/2025;;ANA BRIGIDO;;;ANA BRIGIDO;"MANO DE OBRA:
- PICADO 1 BAJADA TRIFASICA
- PICADO 3 1/4 DE BOCA
- PICADO 3 1/2 DE BOCA
-REVISION 22 BOCA EN GENERAL DEL LOCAL
ENTRADA: 13:00HS
SALIDA: 17:45HS";;;;;;;;;;;;;;;;;;
27/8/2025;;VERGARA ROIG ;;;RAMIRO-PABLO;"MANO DE OBRA:
-COLOCACION 6 BOCAS DE PVC
-CABLEMAOS 2 BOCA DE PVC (DE ELECTROVALVULA)
-COLOCACION 1 GABINETE DE 30 BOCAS ESTAQNCO EN TABLERO PRINCIPAL
-COLOCACION 1 CONTROLADOR RAIN BIRD
OBSERVACIONES GENERALES: 1 CONEXION  5 ELECTROVALVULAS.
ENTRADA: 12:15HS
SALIDA:18:00";;;;;;;;;;;;;;;;;;
28/8/2025;;VERGARA ROIG ;;;RAMIRO-PABLO;"MANO DE OBRA:
-CONEXION 1 CONEXION ELECTRICA DE ELECTROVALVULAS: COLOCACION DE 1 TERMICA DE 2X10A PARA CONTROLADOR RAINBIRD Y EL CIRCUITO DE 24V DEL CONTACTO. COLOCACION DE 1 TERMICA DE 2X16A PARA CIRCUITO DE 220V DE BOMBA DE RIEGO. COLOCACION DE 1 CONTACTOR PARA CIRCUITO DE RIEGO.
-CABLEAMOS 4 BOCAS DE PVC 
-ARMAMOS 2 TOMA DOBLE EN CUARTO DE BOMBAS
-ARMAMOS 1 LLAVE DE 2 PUNTOS EN CUARTO DE BOMBAS
-COLOCACION 1 FICHA MACHO PARA BOMBA DE RIEGO
-COLOCACION 1 FICHA MACHO PARA BOMBA PREZURIZADORA
-COLOCACION 1 FICHA HEMBRA PARA BOMBA PREZURIZADORA.
ENTRADA: 8:30
SALIDA:13:00";;;;;;;;;;;;;;;;;;
28/8/2025;;ANA BRIGIDO;;;MARTIN-YAMIL;"MANO DE OBRA:
-INSTALACION 1 BAJADA TRIFASICA
-INSTALACION 1 TABLERO DE 20 BOCAS
ENTRADA:9:00HS
SALIDA: 18:00";;;;;;;;;;;;;;;;;;
29/8/2025;;ANA BRIGIDO;;;MARTIN-YAMIL;"MANO DE OBRA:
-CABLEADO 27 MEDIA BOCAS Y ARMADO
-ARMADO 1 TABLERO, CON: TERMICA 4X25 Y UN DISYUNTOR 4X63 Y 3 DE 2X16
-PICADO 3 1/2 
-ARMADO 2 CAMARA DE INSPECCION Y PUESTA A TIERRA .
ENTRADA: 8:30
SALIDA:17:30";;;;;;;;;;;;;;;;;;
29/8/2025;;VERGARA ROIG ;;;RAMIRO-PABLO;"MANO DE OBRA:
-COLOCACION 4 BOCAS CABLEADOS PILETA (LUZ)
-INSTALACAION 1 BOCA PICADA CAMARAS
-CABLEADO 3 BOCAS CABLEADA PARA ALIMENTACION DE CAMARA
-COLOCACION 1 TERMICA PARA ALIMENTACION LUZ PILETA
-DESINTALACION 1 CAMARA
-INSTALACION 1 CAMARA
-REINSTALACION 1 ACOMETIDA
ENTRADA 9:00
SALIDA:19:30";;;;;;;;;;;;;;;;;;
29/8/2025;;VECINO VERGARA ROIG JAVIER;;;RAMIRO-PABLO;"MANO DE OBRA:
-DESINTALACION 1 CAMARA
-INSTALACION 1 CAMARA 
-REINSTALACION 1 ACOMETIDA DE LUGAR
-INSTALACION 1 REFLECTOR 100W EN ALTURA
-DESINTALACION 1 REFLECTOR 100W EN ALTURA
-DESINTALACION 1 CAJA 2X4 BOCAS
-INSTALACION 1 CAJA 2X4 BOCAS.
OBSERVACIONES GENERALES
USAMOS 1 CUPLA DE CHAPA 1""
ENTRADA: 9:00
SALIDA: 19:30";;;;;;;;;;;;;;;;;;
30/8/2025;;VERGARA ROIG ;;;RAMIRO-IGNACIO;"MANO DE OBRA:
-COLOACION 1 RELE MINI BAW 4X5A BOBINA 24V CA
OBSERVACION GENERAL:
COLOCAMOS RELE PARA FUNCIONAMIENTO DE RIEGO, BOLETA ADJUNTA DE CROMER
1 RELE MINI BAW 4X5A BOBINA 24VCA
1 ZOCALO PARA RELE MINI BAW TETRAPOLAR DIN
ENTRADA: 10:00
SALIDA:12:30";;;;;;;;;;;;;;;;;;
;;;;;;;;;;;;;;;;;;;;;;;;
1/9/2025;;ANA BRIGIDO;;;MARTIN-YAMIL;"MANO DE OBRA:
-COLOCACION 1 TABLERO 20 BOCAS
-COLOCACION 1 PUESTA A TIERRA COMPLETA
-COLOCACION 4 MEDIA BOCA
-COLOCACION 1 BOCA
ARMADO 1 TABLERO C/DISYUNTOR 4X63 + TERMICO 4X25 - 3 TERMICA DE 2X16
-DESARMADO 13 LLAVES
-CABLEADO 1 PUESTA A TIERRA
CABLEADO 1 1/2 BOCA
ENTRADA: 09:45
SALIDA: 17:00";;;;;;;;;;;;;;;;;;
1/9/2025;;VERGARA ROIG ;;;RAMIRO-PABLO;"MANO DE OBRA:
-CONECCION 1 BOCA CABLEADA Y PICADA Y CONECTADA FLOTANTE
- CABLEADO 12 BOCAS PARA CONEXION FLOTANTE ELECTRICO. SISTERNA
-CONEXION 2 CONTACTORES MODULARES PARA BOMBA
ENTRADA: 08:00
SALIDA 13:30";;;;;;;;;;;;;;;;;;
1/9/2025;;FERNANDEZ PUGLIESE;;;IGNACIO;PRESUPUESTO DE A.A;;;;;;;;;;;;;;;;;;
1/9/2025;;NORBERTO SCHMIRA;;;RAMIRO-PABLO;"MANO DE OBRA:
-COLOCACION 2 BOCA CABLECANAL
-CABLEAMOS 2 BOCACABLENAL
-ARMAMOS 1 TOMA DOBLE EN PIEZA DE LA HIJA
-ARMAMOS 1 TOMA SIMPLE EN PIEZA DEL HIJO
-MODIFICACION 1 Y REINSTALACION DE TABLERO ELECTRICO: COLOCACION DE 2 TERMICA BIPOLARES DE 2X20A, 1 TERMICA DE 2X16A, 1 TERMICA DE 2X10A.
ENTRADA: 15:30
SALIDA: 18:00";;;;;;;;;;;;;;;;;;
2/9/2025;;GASTON CARRIZO;;;YAMIL-MARTIN;"MANO DE OBRA:
-INSTALACION 6 ARTEFACTOS 3 CON CABLE CANAL
-INSTALACION 10 BOCAS COMPLETAS
OBSERVACION GENERAL: FOTOS ADJUNTADAS EN EL GRUPO DE WSP
ENTRADA: 10:00
SALIDA: 18:00";;;;;;;;;;;;;;;;;;
2/9/2025;;CABRERA LUIS;;;RAMIRO-PABLO;"MANO DE OBRA:
-CARGA DE GAS 0.584 GRAMOS DE R22
-REMPLAZO 1 CAPACITOR 3 UF DE U.E DEL FORZADOR
REMPLAZO  3 M DE MANGUERA DE CREITAL
REMPLAZO 2 AISLANTES 
REMPLAZO DE 1 OBU
ENTRADA:09:00
SALIDA: 13:20";;;;;;;;;;;;;;;;;;
2/9/2025;;FARMACIA COLON (SUC 25 DE MAYO);;;RAMITO-PABLO;"MANO DE OBRA:
-CABLEAMOS 20 M DE CABLE HDMI
ENTRADA 14:15
SALIDA: 17:00";;;;;;;;;;;;;;;;;;
3/9/2025;;FARMACIA COLON (SUC FACUNDO QUIROGA);;;RAMIRO-PABLO;"MANO DE OBRA:
-COLOCACION 1 BOCA SUBTERRANEO (CAVADA Y AMURADA)
-COLOCACION 1 BOCA PICADA Y AMURADA
-CABLEAMOS 1 BOCA SUBTERRANEA
-CABLEAMOS 2 BOCA EN PARED
-ARMAMOS 1 BASE PARA POSTE
-COLOCACION 1 POSTE
OBSERVACIONES GENERALES
OCUPAMOS:11MTS CAÑO CORRUGADO DE 25MM BLANCO 15 M DE CABLE SINTENAX DE 3X1,5 MM, 2 CUPLAS DE CHAPA, 1 CINTA AISLADORA DE 5 M, 1 CAÑO 80X80X2MM , 1 VALDE DE 20 L DE CEMENTO, 3 BALDES DE 20L DE ARENA.
ENTRADA:09:00
SALIDA:14:50";;;;;;;;;;;;;;;;;;
3/9/2025;;MAGUI SUAREZ;;;RAMIRO-PABLO;"MANO DE OBRA:
ALIMENTACION 1 BOMBA PRESURIZADORA (CON CABLE TPR)
RETIRAMOS 2 TABLEROS DE MAGUI
OBSERVACIONES GENERALES
11M CABLE TPR 3X2,5MM
1 FICHA HEMBRA DE 10A JELUZ
ENTRADA :15:30
SALIDA: 17:20";;;;;;;;;;;;;;;;;;
4/9/2025;;LA BOUTIQUE DEL BEBE;;;LUCIANO;"MANO DE OBRA:
-REMPLAZO 1 PLAFON REDONDO LED 24W FRIA
-REMPLAZO 2 DRIVERS 24W
ENTRADA: 10:30
SALIDA: 11:45";;;;;;;;;;;;;;;;;;
4/9/2025;;FARMACIA COLON (SUC 25 DE MAYO);;;RAMIRO-PABLO;"MANO DE OBRA: 
-REMPLAZO 2 SOPORTE DE TV
-COLOCACION 1 BOCA CABLECANAL PARA EL CABLE DE CONTROL DE ACCESO.
OBSERVACIONES GENERALES:
SE COLOCO LOS CABLES DEL CONTROL DE ACCESO (UTP Y TRNASFORMADOR) DENTRO DEL CABLE CANAL Y LLEGA AL RACK Y AL TOMA ESTABILIZADO.
ENTRADA: 8:30
SALIDA: 13: 15";;;;;;;;;;;;;;;;;;
4/9/2025;;SOL (FREDO) CASA PARTICULAR;;;RAMIRO-PABLO;"MANO DE OBRA:
1 - DESINTALACION 1 A.A MARSHAL 3,2 KW
2 - DESINTALACION 1 A.A BRYANT 3.49
3 - DESINTALACION 2 VENTILADORES DE TECHO EN COMEDOR
4 - DESINTALACION 3 ARTEFACTO DE LUZ DE COLGAR
5 - COLOCACION 3 PORTALAMPARAS PARA COLGAR
6 - INSTALACION 2 VENTILADORES DE TECHO EN HABITACIONES; 1 VENTILADOR DE HABITACION SOL; 1 VENTILADOR DE HABITACION DEL HIJO DE SOL
ENTRADA: 15:00
SALIDA: 18:00";;;;;;;;;;;;;;;;;;
4/9/2025;;CARRIZO GASTON;;;YAMIL-MARTIN;"MANO DE OBRA:
INSTALACION 12 TUBO LED DE 90CM
ENTRADA: 8:30
SALIDA: 16:00";;;;;;;;;;;;;;;;;;
5/9/2025;;FERNANDEZ PUGLIESE;;;RAMIRO-YAMIL-PABLO-MARTIN;"MANO DE OBRA:
-LIMPIEZA 2 A.A 3000 FRIGORIAS COMPLETO
-LIMPIEZA 1 A.A 5000 FRIGORIAS COMPLETO
-LIMPIEZA 1  UNIDAD INTERIOR 3000FRIGORIAS
-LIMPIEZA 1 UNIDAD INTERIOR 5000 FRIGORIAS
OBSERVACIONES GENERALES:
TRABAJO INCONCLUSO FALTO: LIMPIEZA UNIDAD EXTERIOR 5000FRIGORIAS
FALTO: LIMPIEZA UNIDAD EXTERIOR 3000 FRIGORIAS
ENTRADA: 9:00HS
SALIDA: 18:00";;;;;;;;;;;;;;;;;;
5/9/2025;;KARAM RAUL;;;MARTIN-PABLO;"MANO DE OBRA:
-DESINTALACION 1 CABLE DIRECTV PIEZA MATRIMONIAL
-DESINTALACION 1 CABLE DIRECTV PIEZA HIJOS
DESINTALACION 1 VIEJO CABLE DE INTERNET PIEZA MATRIMONIAL
DESINTLACION 1 VIEJO CABLE DE INTERNET HIJO
DESINTALACION CABLE DIRECTV LIVING 
DESINTALACION VIEJO CABLE DE INTERNET LIVING.
-PICAMOS 2  BOCAS EN LIVING 
AMURAOS 2 BOCAS EN LIVING
MODIFICAMOS DE LUGAR 2 BOCAS EN LIVING 
CABLEAMOS 4 BOCAS EN LIVING
RECABLEAMOS 2 BOCAS EN LIVING (LAS QEU MODIFICAMOS DE LUGAR)
OBSERVACIONES GENERALES:
TRABAJO INCONCLUSO: FALTA QEU VICTOR DEFINA MDO A REALIZAR
ENTRADA: 9:00
SALIDA:15:00";;;;;;;;;;;;;;;;;;
;;;;;;;;;;;;;;;;;;;;;;;;
8/9/2025;;ELIO MORALES;;;YAMIL-MARTIN;"MANO DE OBRA:
1) REMPLAZO - 2 PANELES LED DE 60*60
2) REMPLAZO 1 REFLECTOR 150 WATS
3) REMPLAZO 1 FUENTE DE 10 AMP
ENTRADA: 8:30
SALIDA: 11:00
OBSERVACIONES GENERALES.
FUIMOS AL LOCAL DE ZONA SUR EDM ANDINA A VER LOS CARTELES, LLEVAMOS Y ARMAMOS ANDAMIOS.
ENTRADA 13:00
SALIDA: 14:00
NO SE REALIZO EL TRABAJO PORQUE FALTA PINTAR LAS PAREDES.";;;;;;;;;;;;;;;;;;
8/9/2025;;ROMBOLA;;;YAMIL-MARTIN;"MANO DE OBRA:
1) INSTALACION 4 PANELES LED DE APLICAR DE 24 WATS (CLIENTE)
2) INSTALACION 1 REFLECTOR CHICO EN EL ASADOR (CLIENTE)
3)INSTALACION 1 LLAVE DE UN PUNTO (CLIENTE)
4)INSTALACION 5 TAPA CIEGA 3 DE 20*20 Y 2 10*10 (CLIENTE)
5) INSTALACION 1 MODULO DE UN PUNTO (CLIENTE)
6)REMPLAZO 3 PANELES LED DE 6 WATS (2 COMPRO ELECTROFRIO 1 COMPRO CLIENTE
7)PROGRAMACION 2 RELOJ DE LA CASA - QUINCHO(CLIENTE)
ENTRADA: 15:00
SALIDA:18:00
OBSERVACION GENRAL EL CLIENTE DISPONIA DE MATERIAL, EL RESTO SE SACO DE ELECTROFRIO
LA NUMERACION CORRESPONDE A LOS DIBUJOS EN PLANILLA";;;;;;;;;;;;;;;;;;
8/9/2025;;FARMACIA COLON (SUCURSAL VELASCO) F QUIROGA;;;PABLO-RAMIRO;"MANO DE OBRA:
1) COLOCACION 1 CARTEL CRUZ EN POSTE YA INSTALADO
2) INSTALACION 1 TABLERO 12 BOCAS
3) CAMBIO 1 ALIMENTACION TRIFASICA EN DICHO TABLERO
4)CONECCION 2 TERMICA GENERAL TETRAPOLAR 
5) CONEXION 1 DISYUNTOR TETRAPOLAR 
6)CONEXION 1 RELOJ DIGITAL TIMER 
7)CONEXION 1 CONTACTOR
8) CONEXION 3 TERMICAS DE 16A
ENTRADA: 08:00HS
SALIDA: 14:30HS";;;;;;;;;;;;;;;;;;
9/9/2025;;BEDINI JOSE;;;YAMIL-MARTIN;"MANO DE OBRA:
-COLOCACION 2 FOTOCELULAS
-COLOCACION 20M CABLE TPR CON GRAMPAS (CLIENTE)
-COLOCACION 2 PORTALAMAPARAS
ENTRADA: 09:00HS
SALIDA:11:15HS";;;;;;;;;;;;;;;;;;
9/9/2025;;PACELLA RAUL;;;YAMIL-MARTIN;"MANO DE OBRA:
-REMPLAZO 6 ARTEFACTOS DE LUMINARIA EN EL FRENTE DE LA CASA
ENTRADA:12:10
SALIDA:13:30";;;;;;;;;;;;;;;;;;
9/9/2025;;KILY GONZALEZ;;;YAMIL-MARTIN;"MANO DE OBRA:
REVISION 1 FOCO Y FOTOCELULA QUE NO ENCENDIA
ENTRADA:15:40
SALIDA:16:40";;;;;;;;;;;;;;;;;;
9/9/2025;;VERGARA ROIG JAVIER;;;RAMIRO-PABLO;"MANO DE OBRA:
CONTROL 1 ELECTROVALVULA 24VAC 1,7 WATT MARCA BERNAND, ESTABA EN LA ZONA 1 PUESTA
REMPLAZO DE LUGAR 1 ELECTROVALVULA 24 VAC 1,7 WATS DELA ZONA 3  A LA ZONA 1
MODIFICACION DE LUGAR 1 CAMARA DE SEGURIDAD , EL QUE ESTABA UBICADO EN UN POSTE PLATANDO EN EL VECINO, LO COLOCAMOS EN EL TERRENO DE VERGARA, CERCA DE LA LOSA FLOTANTE.
ENTRADA:9:30
SALIDA: 11:30";;;;;;;;;;;;;;;;;;
9/9/2025;;SCHMIRA NORBERTO;;;RAMIRO-PABLO;"MANO DE OBRA.
COLOCACION 1 ALIMENTACION CON TPR PARA TERMOTANQUE Y HORNOELECTRICO
COLOCACION 1 TERMICA 2X20A
ENTRADA: 12:50
SALIDA: 14:10";;;;;;;;;;;;;;;;;;
9/9/2025;;AGUILAR TRINIDAD;;;RAMIRO-PABLO;"MANO DE OBRA: 
1 )DESINTALACION 2 TUBO LED DE 2,40 CM
2) COLOCACION 2 ARTEFACTOS DE 4 DIRCOICAS AR111 C/U
3)REMPLAZO 2 LAMPARAS DE 12W
ENTRADA: 14:20
SALIDA: 15:40";;;;;;;;;;;;;;;;;;
9/9/2025;;SOL CASAL;;;TODOS;"MANO DE OBRA:
SERVIS DE 2 UNIDADES EXTERIORES Y 2 UNIDADES INTERIORRES DE 3500 FRIGORIAS
ENTRADA: 16:00
SALIDA: 18:00";;;;;;;;;;;;;;;;;;
9/9/2025;;LARRAIN JIMENA;;;YAMIL-MARTIN;REVISION DE LAMAPRAS AR111;;;;;;;;;;;;;;;;;;
10/9/2025;;LARRAIN JIMENA;;;YAMIL-MARTIN;"MANO DE OBRA:
REMPLAZO 6 LAMPARAS AR111 EN EL PATIO
REVISION 1 ARTEFACTO LEED EN LA COCINA
ANULACION DE 3 FOCS LEDD DENTRO DE LA CASA
ENTRADA:9:HS
SALIDA: 11:30";;;;;;;;;;;;;;;;;;
10/9/2025;;JOSE PEPE LLAMOS;;;YAMIL-MARTIN;"MANO DE OBRA:
REMPLAZO 4 CAJA ESTANCA 110X110
INSTALACION 1 ARTEFACTO DE 12W PARA APLICAR DEL CLIENTE
INSTALACION 1 MODULO DE 1 PUNTO
ENTRADA: 12:45
SALIDA:17:15";;;;;;;;;;;;;;;;;;
10/9/2025;;FERNANDO TORRES LAR CHILECITO;;;RAMIRO-PABLO;"MANO DE OBRA.
-COLOCACION 1 CAJA TERMICA DE 8 BOCAS
-PICADO 4 BOCAS
-AMURADO 4 BOCAS
-CABLEAMOS 4 BOCAS
-COLOCACION 1 JABALINA + MORCETO
-ARMAMOS 1 TOMA CAPSULADO
-ALIMENTACION 1 PORTON ELECTRICO
-COLOCACION 1 TERMICA DE 2X10A
-COLOCACION 1 DISYUNTOR 2X25A
ENTRADA: 14:40
SALIDA: 18:50";;;;;;;;;;;;;;;;;;
10/9/2025;;VERGARA ROIG JAVIER;;;RAMIRO-PABLO;"MANO DE OBRA:
REPARACION 3 CAÑO CORRUGADO EN LOSA FLOTANTE, PORQUE LOS HERREROS PUSIERON LA PERGOLA.
ENTRADA: 08:40
SALIDA:10:10";;;;;;;;;;;;;;;;;;
11/9/2025;;JOSE PEPE LLAMOS;;;YAMIL-MARTIN;"MANO DE OBRA:
INSTALACION 6 BOCAS COMPLETAS EN LA TERRAZA
INSTALACION 6 ARTEFACTOS APLICAR
REMPLAZO 2 FOCOS DE 12 WATS, EN ARTEFACTOS EN EL COSTADO DE LA CASA ARRIBA DE LAS VENTANAS.
CABLEAMOS ALIMENTACION PARA TOMAS EN LA PIEZA DE ARRIBA, SE ALIMENTO DEL BAÑO DE ARRIBA
ENTRADA: 9:00
SALIDA:18:20";;;;;;;;;;;;;;;;;;
11/9/2025;;POLLERIA & PESCADERIA CENTRO;;;LUCIANO CALIVA;"MANO DE OBRA: REMPLAZO DE FORZADOR DE HELADERA EXCIBIDORA
TIEMPO ESTIMADOS 2HS";;;;;;;;;;;;;;;;;;
11/9/2025;;FEDERICO MANGUESI (SANAGASTA);;;RAMIRO-PABLO;"MANO DE OBRA:
-CONTROL 1 AIRE VENTA 3500
-REMPLAZO 1 CAPACITOR 50UF DE COMPRESOR DE AIRE VENTANA
-REMPLAZO 1 CAPACITOR 4 UF DE FORZADOR DE AIRE VENTANA
-SERVICE EN SECO 1 U.I DE AIRE SPLIT DE 32KW PHILCO
-REMPLAZO 1 CAPACITOR UF DE 35 UF DE A.A PHILCO
-REMPLAZO 1 CAPACITOR UF DE 1.,5 UF DE A.A PHILCO
-REMPLAZO 1 MANGUERA DE CRISTAL (4 METROS)
-RETIRO 1 AIRE VENTANA DE 3500 PARA SERVICE EN EL TALLER
-SERVICE 1 AIRE DE VENTANA DE 3500 EN EL TALLER 
ENTRADA: 9:30
SALIDA: 14:30";;;;;;;;;;;;;;;;;;
11/9/2025;;FARMACIA COLON (AV SANTA ROSA);;;RAMIRO-PABLO;"MANO DE OBRA:
SOLUCION DE PROBLEMA ELECTRICO 1 REVISION DE LAMPARA EN ALTURA, PORQUE HACIAN SALTAR EL DISYUNTOR. REVISAMOS 3 LAMPARAS
ENTRADA:16:00
SALIDA:17:20";;;;;;;;;;;;;;;;;;
12/9/2025;;ANA BRIGIDO (SANAGASTA);;;YAMAIL-MARTIN;"MANO DE OBRA:
-INSTALACION 3 BOCAS COMPLETAS
-INSTALACION 3 1/2 BOCAS
ENTRADA 9:40
SALIDA: 13:00";;;;;;;;;;;;;;;;;;
12/9/2025;;FERNANDEZ PUGLIESE (CONSULTORIO);;;YAMIL-NACHO;"MANO DE OBRA:
-SERVIS 2 UNIDAD EXTERIOR
-REMPLAZO 1 UNIDAD EXTERIOR CAPACITOR 50HF (A.A SALA DE ESPERA)
-SUPERVISION 5 CAPACITORES DE COMPRESOR DE UNIDAD EXTERIOR
SUPERVISION 5 CAPACITORES DE FORZADOR EXTERIOR
ENTRADA: 14:30
SALIDA 17:40";;;;;;;;;;;;;;;;;;
12/9/2025;;FEDERICO MANGUESI (TRABAJO EN TALLER);;;RAMIRO-PABLO-NACHO;"MANO DE OBRA:
REMPLAZO 2 RULEMANES DE FORZADOR DE AIRE VENTANA( $6500 C/U
TRABAJO REALIZADO EN EL TALLER";;;;;;;;;;;;;;;;;;
12/9/2025;;GIOVANNI BURELLA;;;RAMIRO-PABLO;"MANO DE OBRA:
COLOCACION 1 CAÑO DE BAJADA TRIFASICA
COLOCACION 1 TERMICA DE 4X25
CABLEAMOS 1 BOCA
ENTRADA:13:20
SALIDA: 14:20";;;;;;;;;;;;;;;;;;
12/9/2025;;FREDDO;;;RAMIRO-PABLO;"MANO DE OBRA:
-LIMPIEZA 6 FILTROS DE AIRE PISO TECHO
-CONTROL DE 4 CAPACITORES DE U.I DE AIRES PISO TECHO
-CONTROL 4 CAPACITORES DE U.E DE AIRES PISO TECHO
-REMPLAZO 1 CAPACITOR DE 2,5 UF DE U.I DE AIRE PISO TECHO
-CONTROL 2 AIRES PISO TECHO, DE PRESION Y RECALENTAMIENTO.  
OBSERVACIONES GENERALES:
-1 AIRE ESTA AL LADO DEL BAÑO DE MUJERES, 1 ESTA AL LADO DE ENTRADA DE LA CALLE SAN MARTIN
-AL AIRE QUE ESTA AL LADO DEL BAÑO 
ENTRADA: 15:30
SALIDA: 17:20";;;;;;;;;;;;;;;;;;
13/9/2025;;PABLO REINOSO;;;RAMIRO, NACHO, YAMIL, PABLO;"MANO DE OBRA:
- SERVICE EN SECO 1 U.I A.A BGH DE 3,2KW
- SERVICE EN SECO 1 U.I A.A PHILCO DE 3.2 KW
- SERVICE EN SECO 1 U.I BGH DE 3,2KW
- REMPLAZO 1 CAPCITOR DE A.A PHILCO DE U.E DE COMPRESOR
- REMPLAZO 1 AISLANTE DE 1/4
- REMPLAZO 1 AISLANTE DE 1/2 
ENTRADA: 11:30
SALIDA:15:30";;;;;;;;;;;;;;;;;;
13/9/2025;;VICTOR ARIAS;;;NACHO - PABLO;"MANO DE OBRA:
- REMPLAZO 1 FUSIBLE 50MF DE MEDIDOR
ENTRADA: 15:30
SALIDA: 15:50";;;;;;;;;;;;;;;;;;
;;;;;;;;;;;;;;;;;;;;;;;;
15/9/2025;;SOL CASAL (FREDDO);;;TODOS;"MANO DE OBRA:
CARGA DE GAS 200GR R410A AL A.A MARSHAL
CARGA DE GAS 600GR R22 AL A.A BRYANT
REMPLAZO 1 ORING DE RABINETE DE INYECCION DE A.A BRYANT
TRABAJO EN EL TALLER.";;;;;;;;;;;;;;;;;;
15/9/2025;;FERNANDEZ PUGLIESE;;;RAMIRO-PABLO-NACHO;"MANO DE OBRA:
-REVISION 5 A.A ( PRESIONES Y RECALENTAMIENTO Y LA SUCIEDAD)
LIMPIEZA 5 FILTROS DE 5 A.A
OBSERVACIONES GENERALES
1) A.A TCL AL LADO DEL BAÑO (61,9 PCI, 5K)
2) A.A BGH PIEZA AL LADO DE LA ANTERIO (HIJA MENOR) (56,6 PCI 14K)
3) A.A BGH DE PIEZA AL LADO DE LA ANTERIOR (HIJA MAYOR) (61,3 PCI, 2,2 K)
4) A.A TCL DE LA PIEZA DEL DUEÑO  (56,6 PCI 1,5K) CON CONGELAMIENTO CAÑO RETORNO)
5) A.A CONQUEROR DEL COMEDOR (51,6 PCI 4,3K) CON CONGELAMIENTO CAÑO RETORNO)
ENTRADA. 14:00
SALIDA: 17:30";;;;;;;;;;;;;;;;;;
15/9/2025;;RAUL PACHELA;;;RAMIRO-PABLO;"MANO DE OBRA:
-REMPLAZO 1 FICHA HEMBRA SE LE SACO Y CONECTAMOS (EMPALMAMOS LOS CABLES)
-AGUJEREAMOS CAJA (10 ORIFICIOS) TAPA EXTERIOR DE LA PILETA
ENTRADA: 17:30
SALIDA:18:10";;;;;;;;;;;;;;;;;;
15/9/2025;;MEDIALUNAS CALENTITAS;;;YAMIL-MARTIN;"MANO DE OBRA:
SERVIS 1 A.A PISO TECHO 18000 FRIGORIAS
UNIDAD INTERIOR 8PARED DEL FONDO ABAJO CARTEL CALENTITA)
ENTRADA:14:00
SALIDA: 18:40";;;;;;;;;;;;;;;;;;
16/9/2025;;TONOS;;;RAMIRO- PABLO;RETIRO DE AIRE PISO TECHO;;;;;;;;;;;;;;;;;;
16/9/2025;;UNLAR;;;RAMIRO-PABLO;RETIRO DE A.A PISO TECHO;;;;;;;;;;;;;;;;;;
16/9/2025;;TONOS GALPON;;;RAMIRO-PABLO-NACHO;"MANO DE OBRA:
COLOCACION 1 U.I DE AIRE PISO TECHO
COLOCACION 1 U.I DE AIRE PISOTE (CON AYUDA DE YAMIL Y MARTIN)
TRABAJO INCONCLUSO: FALTA ARMAR EL SUNCHO DE CAÑOS DE COBRE Y LA PARTE ELECTRICA.
ENTRADA:14:00
SALIDA:18:30";;;;;;;;;;;;;;;;;;
16/9/2025;;FERNANDEZ PUGLISE;;;YAMIL-MARTIN;"MANO DE OBRA: SERVIS 1 UNIDAD INTERIOR Y EXTERIOR 5000FRIGORIAS
ENTRADA: 8:30
SALIDA: 10:30";;;;;;;;;;;;;;;;;;
16/9/2025;;JOSE PEPE LLAMOS;;;YAMIL-MARTIN;"MANO DE OBRA:
-REMPLAZO 1 LLAVE DE 5 PUNTOS
-INSTALACION DE 2 TOMAS DOBLES
-INSTALACION 1 PANEL LED DE 24 WATS PARA APLICAR
TRABAJO TERMINADO
ENTRADA 11:00
SALIDA:13:00";;;;;;;;;;;;;;;;;;
16/9/2025;;MEDIALUNAS CALENTITAS;;;YAMIL-MARTIN;"MANO DE OBRA:
SERVIS UNIDAD INTERIOR PISO TECHO DE 18 FRIGORIAS
ENTRADA: 14:00
SALIDA: 18:40";;;;;;;;;;;;;;;;;;
16/9/2025;;COLON (SUC AV ORTIZ DE OCAMPO);;;YAMIL-MARTIN;"MANO DE OBRA:
REVISION 1 DESAGUE DE A.A DE LA ENTRADA
OBSERVACIONES: FALTA HACER SERVIS Y CAMBIAR TOMA DE ALIMENTACION DE 20AMP
ENTRADA: 13:00
SALIDA:13:30";;;;;;;;;;;;;;;;;;
17/9/2025;;NICO ALANIZ KIOSCO SAN MARTIN;;;YAMIL-MARTIN;"MANO DE OBRA:
-INSTALACION DE 10 PLAFONES 60*60 FRIA  48W
OBSERVACIONES: LLEVAR 2 REFLECTORES CHICOS + 40 METS DE CABLE TPR 3X1,5
ENTRADA: 10:00
SALIDA: 18:00";;;;;;;;;;;;;;;;;;
17/9/2025;;TONOS GALPON;;;RAMIRO-PABLO-IGNACIO;"MANO DE OBRA:
INSTLACAION 1 A.A DE 14600KW
OBSERVACIONES GENERALES:
TRABAJO INCONCLUSO; FALTA IR A REVISAR EL FUNCIONAMIENTO ESTA ANDANDP CON BAJA PRESION. 
ENTRADA 9:00
SALIDA: 19:00";;;;;;;;;;;;;;;;;;
18/9/2025;;NICO ALANIZ KIOSCO SAN MARTIN;;;YAMIL-MARTIN;"MANO DE OBRA:
-INSTALACION 6 REFLECTORES
-INSTALACION 4 ARTEFACTOS LEED 60*60
-DESINTALACION 14 TUBO LED
ENTRADA: 8:30
SALIDA: 13:00";;;;;;;;;;;;;;;;;;
18/9/2025;;VATO HERRERA;;;RAMIRO - PABLO;"MANO DE OBRA:
NIVELACION 1 CONTENEDOR PARA QUE PUEDA CAER EL AGUA DE A.A 3200 KW
ENTRADA: 13:45
SALIDA: 14:30";;;;;;;;;;;;;;;;;;
18/9/2025;;SANTANDER FABRICA;;;RAMIRO - PABLO;"MANO DE OBRA:
-REVISION DE 1 A.A DE 6400 SURREY
-REMPLAZO 1 CAPACITOR DE 50UF DE COMPRESOR DE U.E
ENTRADA: 12:30
SALIDA: 13:20";;;;;;;;;;;;;;;;;;
18/9/2025;;MEDIALUNA CALENTITAS;;;YAMIL-MARTIN-PABLO;"-MANTENIMIENTO PREVENTIVO
-EQUIPO SIAM 18000FRIGORIAS
-SERVICE UNIDAD INTERIOR
-AIRE ACONDICIONADO DEL MEDIO 
-ENTRADA: 14:00
-SALIDA: 18:30";;;;;;;;;;;;;;;;;;
19/9/2025;;MEDIALUNA CALENTITAS;;;YAMIL-MARTIN;"MANO DE OBRA: 
REMPLAZO 1 BOMBA DE DESAGUE DE PSO TECHO
TRABAJO TERMINADO
ENTRADA: 08:00
SALIDA: 08:45
NOTA: PROGRAMAS VISITAR PARA REVISION DE A.A  PANADERIA";;;;;;;;;;;;;;;;;;
19/9/2025;;LA BOUTIQUE DEL BEBE;;;LUCIANO CALIVA;"MANO DE OBRA:
-REMPLAZO DRIVER 24W
REPARACION Y ALIMENTACION DE LUMINARIA CON CABLE TPR DE 2X2,5 POR 3 METROS
REMPLAZO DE 1 ARTEFACTO DE 24 W (DEL CLIENTE)
ENTRADA: 10:00
SALIDA: 12:15";;;;;;;;;;;;;;;;;;
19/9/2025;;VERGARA ROIG;;;RAMIRO-PABLO;"MANO DE OBRA:
-CABLEAMOS 1 BOCA SUBTERRANEA
-CABLEAMOS 1 BOCA
-COLOCACION 1 TERMICA 2X16A
-ARMAMOS 1 TOMADOBLE
-REMPLAZO 1 REFLECTOR DE 150W
-COLOCACION 1 REFLECTOR DE 150W
-REMPLAZO 1 DRIVER24W
-REPARACION DE 1 CAÑO CORRUGADO
ENTRADA:10:00
SALIDA: 13:00";;;;;;;;;;;;;;;;;;
19/9/2025;;VATO HERRERA;;;RAMIRO-PABLO;"MANO DE OBRA:
REMPLAZO 1 CAPACITOR DE 40UF DE COMPRESOR DE U.E DE A.A DEL CONTENEDOR
REVISION 1 A.A DEL CONTENEDOR, PRESIONES, RECALENTAMIENTO AMPERAJE Y CAPACITORES
ENTRDA. 13:30
SALIDA: 14:15";;;;;;;;;;;;;;;;;;
19/9/2025;;ARIZA GISELA;;;RAMIRO-PABLO;"MANTENIMIENTO CORRECTIVO
MARCA: ELECTRA 2600W MODELO TRD026 UBICADO EN HABITACION PRINCIPAL
-REMPLAZO DE CAPACITOR DE FORZADOR DE U.E DE 2UF 
-RECARGA DE REFRIGERANTE 580G R410A
ENTRADA:15:10
SALIDA:18:00";;;;;;;;;;;;;;;;;;
19/9/2025;;NICO ALANIZ KIOSCO SAN MARTIN;;;YAMIL-MARTIN;"MANO DE OBRA:
-INSTALACION 2 REFLECTORES DE 30 WATS
-INSTALACION 1 PANEL LED 60*60 PARA APLICAR
ALIMENTACION 1 A.A PISO TECHO 18000 FRIGORIAS
ENTRADA: 8:30
SALIDA:9:30";;;;;;;;;;;;;;;;;;
19/9/2025;;ANA BRIGUIDO (LOCAL SANAGASTA);;;YAMIL-MARTIN;"MANO DE OBRA:
-INSTALACION 4 1/2 BOCAS EN BAÑO DE LOCAL 1ª
ENTRADA: 15:30
SALIDA: 17:00";;;;;;;;;;;;;;;;;;
19/9/2025;;FEDERICO MANGUESI;;;YAMIL- MARTIN;"MANO DE OBRA
-INSTALACION 1 BOCA DE ALIMENTACION CON TABLERO
OBSERVACION GENERALES: MODIFICAR TABLERO, ESTAN 2 FASES EN TERMICA BIPOLAR - 1 FASE ESTAS SUELTA CON CINTA!
ENTRADA: 17:30
SALIDA: 18:50";;;;;;;;;;;;;;;;;;
20/9/2025;;NICO ALANIZ KIOSCO SAN MARTIN;;;YAMIL-PABLO;"MANO DE OBRA:
-INSTALACION 1 REFLECTOR DE 30 WATS.
OBSERVACIONES: CONSEGUIR 2 ESTRACTOR MEDIDA DE ALETAS SON 20 CM!
ENTRADA: 14:10
SALIDA: 14:30";;;;;;;;;;;;;;;;;;
20/9/2025;;FIORINA (LOLA ROCA);;;YAMIL-PABLO;"MANO DE OBRA:
MANTENIMIENTO CORRECTIVO
EQUIPO GOLDSTAR 6000 FRIGORIAS, MODELO: GA 2460VCR
MANO DE OBRA:
-SERVICE
-LIMPIEZA
-VERIFICACION DE PRESION
-REMPLAZO CAPACITOR 1,5
-RECARGA DE REFRIGERANTE
OBSERVACIONES:
EL COMPRESOR YA NO ESTA FUNCIONANDO AL 100% FALTA QUE COMPRIMAN MAS Y AL ARRANCAR SE VA EL AMPERAJE A 66 AMP Y FORZADOR DE LA UNIDAD INTERIOR RECALIENTA MAS DE LO NORMLA Y LAS VELOCIDADES SON BAJAS.
nota: realizar informe de reparacion y costo de A.a (nuevo)
Entrada: 9:00
Salida:14:00";;;;;;;;;;;;;;;;;;
;;;;;;;;;;;;;;;;;;;;;;;;
22/9/2025;;JORGE DICONCA;;;YAMIL-LEANDRO;"MANO DE OBRA:
-SERVIS 1 DESINTALACION COMPLETA A.A 3000 FRIGORIAS
-REMPLAZO 2 CAPACITORES DE FORZADOR UNIDAD INTERIOR 1UF, Y EXTERIOR 3UF
-CARGA REFRIGERANTE R22-500KG 
TRABAJO TERMINADO, NOTA PROGRAMAR VISITA EN CONSULTORIO Y CASA.
ENTRADA: 09:00
SALIDA:13:30";;;;;;;;;;;;;;;;;;
22/9/2025;;MARIANO PONCE;;;YAMIL-LEANDRO;"MANO DE OBRA:
-REVISION 1 DETECCION DE FUGA EN TUERCA DE UNIDAD INTERIOR SE LE HIZO VIROLAS NUEVAS
-CARGA REFRIGERANTE R410 - 1200KG
30 CM DE AISLANTE 1/4 Y 1/2 Y CINTA
ENTRADA: 13:45
SALIDA:17:30
TRABAJO TERMINADO.";;;;;;;;;;;;;;;;;;
22/9/2025;;FABIAN CARUSO;;;PABLO-MARTIN;"MANO DE OBRA:
-REMPLAZO 3 TORPEDO VELADOR
-REMPLAZO 2 PORTALAMPARA
TRABAJO EN EL TALLER";;;;;;;;;;;;;;;;;;
22/9/2025;;TONOS GALPON;;;IGNACIO;;;;;;;;;;;;;;;;;;;
23/9/2025;;TONOS GALPON;;;YAMIL-MARTIN-PABLO-LEANDRO;"MANO DE OBRA:
-INSTALACION 2 ESTANTES FLOTANTES
-INSTALACION 9 BOCAS (3 TOMAS), 4 MESA, 1 MONITOR, DVR Y ROOTER/SWICHT/ALIMENTACION PC
-COLOCACION 3 TAPAS CIEGAS 2 DE 5*10 Y 1 DE 10*10.
RED:
BOCAS 6 1-MONITOR, 2 PC MESA 1 SWITCH-1 HUELLA- 1 PC ENTRADA
-REINTALACION 9 CAMARAS DE DVR
-ALIMENTACION 1 CONTROL DE HUELLA
-SERVICE 1 A.A COMPLETO SIN DESINTALACION
-INSTALACION 12 TOMAS EN ESCRITORIO PARA APLICAR ALIMENTCACION CON CABLE CANAL PARA PISO 3 METROS
ENTRADA: 8:30
SALIDA: 17:50";;;;;;;;;;;;;;;;;;
23/9/2025;;HEREDIA FACUNDO;;;PABLO-LEANDRO;"RETIRO DE HELADERA NOFROST MARCA ELECTROLUX MODELO DC49X NUMERO DE SERIE 81500084 EN EL DOMICILIO DEL CLIENTE Y ENTREGA EN EL TALLER.
OBSERVACIONBES: EL FRIZER SI ENFRIA LA HELADERA NO ENFRIA, HACE UN MES QUE TIENE EL PROBLEMA.";;;;;;;;;;;;;;;;;;
23/9/2025;;MEDIALUNAS CALENTITAS;;;YAMIL-LEANDRO-PABLO;"MANO DE OBRA:
DESINTALACION 1 UNIDAD INTERIOR
LIMPIEZA UNIDAD INTERIOR EN EL TALLER
AISLACION DE TUERCAS
ENTRADA: 16:00
SALIDA:18:30
TRABAJO FINALIZADO";;;;;;;;;;;;;;;;;;
23/9/2025;;MARCELO (RAC S.R.L);;;PABLO;"MANO DE OBRA
DESINTLACION - SPLIT 2000/3500 KCAL";;;;;;;;;;;;;;;;;;
24/9/2025;;IRIS CONTADORA;;;YAMIL-MARTIN;"MANO DE OBRA:
-INSTALACION 1 SOPORTE TV 50 PULGADAS
-INSTALACION 5 FOCOS SMART
ENTRADA: 9:00
SALIDA: 10:30";;;;;;;;;;;;;;;;;;
24/9/2025;;JOSE PEPE LLAMOS;;;YAMIL-MARTIN;"MANO DE OBRA
- REVISION 1 LE FALTA UNA FASE DE LA ENTRADA DE LA CALLE.
ENTRADA: 11:00
SALIDA:11:30";;;;;;;;;;;;;;;;;;
24/9/2025;;ELIZABETH VANNI;;;YAMIL-MARTIN;"MANO DE OBRA:
REMPLAZO 1 CAPACITOR DE 25UF DEL COMPRESOR
REMPLAZO 2 FICHAS DEL CABLE DEL COMPRESOR
ENTRADA: 12:00
SALIDA:13:00";;;;;;;;;;;;;;;;;;
24/9/2025;;FRANCISCO NUÑEZ;;;YAMIL-MARTIN;"MANO DE OBRA:
INSTALACION 1 ALIMENTACION TRIFASICA PARA AIRE PSIO TECHO DE 18000 FRIGORIAS
ENTRADA:14:20
SALIDA: 17:55";;;;;;;;;;;;;;;;;;
24/9/2025;;FERNANDEZ PUGLIESE;;;PABLO-LEANDRO;"MANO DE OBRA:
-DESINTALACION 1 A.A DE 3KCAL EN HABITACION PRINCIPAL
-INSTALACION 1 A.A DE 5.2 EN HABITACION PRINCIPAL
-REMPLAZO 1 MANGUERA DE CRISTAL DE A.A DE HABITACION PRINCIPAL
REMPLAZO 1 MANGUERA DE CRISTAL DE COMEDOR
ENTRADA: 09:20
SALIDA:17:00";;;;;;;;;;;;;;;;;;
25/9/2025;;COLON SUC 30 SEPTIEMBRE;;;YAMIL-LEANDRO;"MANO DE OBRA:
-REPARACION 1 REMPLAZO DE MANGUERA DE DESAGUE 20 CM 5/8 MANGUERA CRISTAL
ENTRADA: 08:30
SALIDA: 10:00";;;;;;;;;;;;;;;;;;
25/9/2025;;COLON SUC VELAZCO;;;YAMIL-LEANDRO;"MANO DE OBRA:
-DESINTALACION 1 A.A DE VENTANA
-LIMPIEZA 1 A.A DE VENTANA
-LIMPIEZA DESINTALACION 1 A.A SPLIT
-REMPLAZO 4 DICROICAS
-CAMBIO 2 CAMARAS
-REMPLAZO 2 PANEL LED REDONDO DE 18 WATS
ENTRADA: 10:20";;;;;;;;;;;;;;;;;;
25/9/2025;;KARAM RAUL;;;PABLO-MARTIN-YAMIL;"MANO DE OBRA:
-INSTALACION 3 ARTEFACTOS PARA EMBUTIR
-INSTALACION 1 ARTEFACTO PARA APLICAR CON 2 DICROICAS
-INSTALACION DE 5 MTS DE TIRA LED CON 
-REMPLAZO 12 TOMAS DOBLES
-REMPLAZO 2 LLAVE DE UN PUNTO
-REMPLAZO 4 LLAVE DE 2 PUNTO
-REMPLAZO 1 LLAVE DE UN PUNTO Y TOMA
-INSTALÑACION 1 TAPA CIEGA DE 5*10
-INSTALACION 1 TAPA CIEGA 7*7
-CABLEADO 2 BOCA CAÑO CORRUGADO
-CABLEADO 3 BOCA POR CIELO RASO.
ENTRADA: 9:15
SALIDA: 18:00";;;;;;;;;;;;;;;;;;
26/9/2025;;COLON (SUC VELAZCO);;;PABLO-YAMIL-LEANDRO;"MANO DE OBRA: 
COLOCACION 1 FOTOCELULA 3 CABLES PARA ALIMENTAR LUZ EXTERIOR (ENTRADA)
MODIFICACION 1 CONEXION DE DICROICA LUZ EXTERIOR (ENTRADA)
ENTRADA: 9:15
SALIDA: 9:50";;;;;;;;;;;;;;;;;;
26/9/2025;;RAUL KARAM;;;PABLO-YAMIL-LEANDRO;"MANO DE OBRA: 
-COLOCACION 1 TIRA LED EN CAJON DE DURLOCK EN LIVING 
-COLOCACION 1 AMPLIFICADOR RGB EN TIRA LED EN LIVING
-REMPLAZO 2 TOMA DOBLE HABITACION PRINCIPAL
-REMPLAZO 1 LLAVE DE PUNTO EN HABITACION PRINCIPAL
-REMPLAZO 2 TOMA SIMPLE CON USB EN HABITACION PRINCIPAL
-REMPLAZO 1 LLAVE DE 1 PUNTO Y 1 COMBINACION HAB PRINCIPAL
-REMPLAZO 1 LLAVE DE 1 COMBINACION EN HAB PRINCIPAL
-REMPLAZO 1 LLAVE COMBINACION EN PASILLO
-REMPLAZO 1 LLAVE DE 1 PUNTO EN PASILLO
-REMPLAZO 1 LLAVE DE 2 PUNTOS EN BAÑO
-REMPLAZO 1 TOMA DOBLE EN BAÑO
-REMPLAZO 2 LLAVE DE 1 PUNTO EN PIEZA DEL FONDO
-REMPLAZO 2 TOMA DOBLE EN PIEZA DEL FONDO
ENTRADA: 10:00
SALIDA: 13:00";;;;;;;;;;;;;;;;;;
26/9/2025;;PABLO REINOSO;;;YAMIL-LEANDRO;"MANO DE OBRA:
COLOCACION DE 1 DESAGUE
ENTRADA: 14:30
SALIDA: 14:40";;;;;;;;;;;;;;;;;;
26/9/2025;;TATIANA OCHOA;;;PABLO-YAMIL-LEANDRO;"MANO DE OBRA:
-COLOCACION 2 TIRAS LED DE 5 M CON FRENTE EN HABITACION
-COLOCACION 1 SOPORTE DE TV (CON LA TV) EN HABITACION
-CABLEAMOS 2 BOCAS EN BAÑO
-COLOCACION 2 TIRA LED EN ESTANTE DEL BAÑO
ENTRADA: 13:50
SALIDA:18:00";;;;;;;;;;;;;;;;;;
;;;;;;;;;;;;;;;;;;;;;;;;
29/9/2025;;CONSEJO CIENCIA ECONOMICAS;;;YAMIL-LEANDRO;"PRESUPUESTO:
2 A.A PISTO TECHO 18000 FRIGORIAS
SERVIS 2 UNIDAD INTERIOR Y EXTERIOR
MATERIALES NECESARIOS
1 PLACA UNIVERSAL
3 AISLANTE 3/4 Y 3/8
1 CINTA PVC SIN PEGA
1 HELADERA COMERCAIL
REMPLAZO XOMPRESOR DE 1/4
MATERIALES
1 VARILLA CON DECOPONTE
1 FILTRO DE 15G
1 VALVULA DE CARGA
ENTRADA:08:50
SALIDA: 09:40";;;;;;;;;;;;;;;;;;
29/9/2025;;KIOSCO LA LLAVE;;;PABLO-MARTIN.A;"MANO DE OBRA: 
REVISION 1 TABLERO ELECTRICO, MEDICION DE CONSUMO DE FASES. HAY 1 FASE QUE CONSUME 25A (SIN CONTAR UN MICROONDAS) ES TRIFASICO Y SOLO 1 FASE TIENE DISYUNTOR BIPOLAR
-REMPLAZO 1 DUISYUTOR EN HELADERA MOSTRADOR
ENTRADA:9:50
SALIDA: 11:00";;;;;;;;;;;;;;;;;;
29/9/2025;;COLON (SUC AV SANTA ROSA);;;PABLO-MARTIN.A;"MANO DE OBRA:
-COLOCACION 4 FICHAS RJ45 PARA ROBOT
ENTRADA: 11:15
SALIDA: 11:50";;;;;;;;;;;;;;;;;;
29/9/2025;;PATRICIA DE LUCA  (CARLA CASA);;;PABLO-MARTIN.A;"MANO DE OBRA:
-CABLEAMOS 110M CABLE UTP DE RED (2 BOCA CIELORASO PVC)
-REMPLAZO 1 TOMA 20 A DE A.A LIVING CASA FABIAN MOON)
-COLOCACION 1 ROUTER DE INTERNET.";;;;;;;;;;;;;;;;;;
29/9/2025;;MERCEDEZ MORALES ( SAN MARTIN 330);;;PABLO-MARTIN.A;"MANO DE OBRA:
PRESURIZACION 1 A.A RCA 6500W CON 411.2 PSI
ENTRADA:17:45
SALIDA: 18:30";;;;;;;;;;;;;;;;;;
29/9/2025;;LAVARROPAS DREAN EXCELENT (NACHO);;;YAMIL-LEANDRO;"MANO DE OBRA:
-CAMBIO DE ORDAMIENTOS: 2 RODAMIENTOS Y RETEN 
-REMPLAZO TUBO FLEXIBLE
REMPLAZO BOMBA DE DESAGOTE
TIEMPO 8HS";;;;;;;;;;;;;;;;;;
30/9/2025;;COLON (SUC 25 DE MAYO);;;YAMIL-LEANDRO -MARTIN;"MANO DE OBRA:
-DESINTALACION Y LIMPIEZA DE CAÑERIA 1 A.A PISO TECHO (CUARTO ROBOT)
OBSERVACIONES GENERALES
SE OCUPO - AGENTE DE LIMPIEZA 2 GARRAFA 141B QEUDO DESINTALADO EN LA SUCURSAL
ENTRADA: 09:21
SALIDA: 12:30";;;;;;;;;;;;;;;;;;
30/9/2025;;COLON (SUC ORTIZ DE OCAMPO);;;YAMIL-LEANDRO -MARTIN;"MANO DE OBRA:
DESINTALACION 1 A.A 5000 FRIGORIAS
INSTALACION 1/2 A.  PISO TECHO 180000 FRIGORIAS U/INTERIOR
-REVISION 1 A.A CORTO CIRCUITO (PARTE DEL BAÑO)
OBSERVACIONES GENERALES
DEMORA POR MAL TIEMPO, FALTA LAS INTERCONECCION DE EQUIPOS 
ENTRADA: 15:00
SALIDA: 17:40";;;;;;;;;;;;;;;;;;
30/9/2025;;MERCEDEZ MORALES ( SAN MARTIN 330);;;PABLO-MARTIN-NACHO;"MANO DE OBRA
-DESINTALACION 1 UNIDAD INTERIOR A.A RCA 6500W (UBIUCADO EN LIVING) MODELO 
-SOLDAMOS 1 PERDIDA DE CAÑO DE U.I DE A.A RCA
-SERVICE 1 U.I DE A.A RCA
-CARGA DE GAS 1.23KG R410A PARA A.A RCA
OBSERVACIONES GENERALES
OCUPAMOS: NITROGENO 1.23KG DE 410A, MAP, VARILLA DE PLATA.
ENTRADA: 08:30
SALIDA: 9:00
ENTRADA: 15:30
SALIDA:17:20";;;;;;;;;;;;;;;;;;
30/9/2025;;IRIS CONTADORA;;;YAMIL-PABLO;"MANO DE OBRA:
REINSTALACION DE 1 SOPORTE DE TV
ENTRADA: 18:10
SALIDA 19:24";;;;;;;;;;;;;;;;;;
1/10/2025;;COLON (SUC ORTIZ DE OCAMPO);;;YAMIL-LEANDRO;"MANO DE OBRA.
-INSTALACION A.A PISO TECHO 9000 FRIGORIAS
-REVISION 1 A.A (DEPOSITO) QUEMADO
ENTRADA: 9:00
SALIDA:14:40";;;;;;;;;;;;;;;;;;
1/10/2025;;COLON (SUC SANTA ROSA);;;PABLO-MARTIN/YAMIL-LEANDRO;"MANO DE OBRA:
-INSTALACION 1 UNIDAD INTERIOR (PISO TECHO( 9000 FRIGORIAS
-INSTALACION 1 TRAMPA DE ACEITE
-PASE 1 DESAGUE 
-PASE DE CAÑO 1 INTERCONEXION
-CABLEADO 1 INTERCONECCION
-CABLEADO 1 ALIMENTACION
ENTRADA: 14:50
SALIDA: 18:10
FALTA CONECTAR TRAMAPA DE ACEITE Y TERMINAR DE ASILAR
ENTRADA: 9:30 A 14:30 SALIDA
ENTRADA: 14:50 A 18:10 SALIDA";;;;;;;;;;;;;;;;;;
2/10/2025;;COLON (SUC SANTA ROSA);;;YAMIL-MARTIN-LEANDRO;"MANO DE OBRA:
-CONEXION 1 TRAMAPA DE ACEITE (SOLDADURA)
-PRESURIZACION 250 PSI
-AISLACION COMPLETA
-REMPLAZO 1 TERMICA 4X16
-TERMINACION 1 DESAGUE
FALTA TAPAR DESAGUE EN LA CALLE CON CEMENTO
ENTRADA: 09:00
SALIDA: 12:00";;;;;;;;;;;;;;;;;;
2/10/2025;;COLON (SUC HOMERO CORONEL MONTES);;;PABLO-MARTIN/YAMIL-LEANDRO;"MANO DE OBRA: 
-INSTALACION 1 A.A PISO TECHO
ENTRADA: 12:30
SALIDA 18:30";;;;;;;;;;;;;;;;;;
3/10/2025;;RICKY BAUDINO;;;IGNACIO-LUCIANO;PRESUPUESTO EN DEPARTAMENTO REGISTRADO EN PLANILLAS DE TRABAJO;;;;;;;;;;;;;;;;;;
3/10/2025;;COLON (SUC SANTA ROSA);;;YAMIL-LEANDRO;"MANO DE OBRA:
-TAPADO DE DESAGUE A.A
TRABAJO TERMINADO 
ENTRADA: 09:46
SALIDA: 10:00";;;;;;;;;;;;;;;;;;
3/10/2025;;COLON (SUC ORTIZ DE OCAMPO);;;YAMIL-LEANDRO;"MANO DE OBRA:
-ALIMENTACION 1 A.A 25 MTS   CABLE TALLER 5X2,5
-COLOCACION 1 TABLERO 8 BOCAS EXTERIOR
-COLOCACION 1 BOMBA DE DESAGUE VALUE (LIDER)
-CONEXION 1 INTERCONEXION DE A.A
-PRESURIZACION 250 PSI
-COLOCACION 1 TERMICA 4*16
-LIMPIEZA 1 FILTRO A.A (ENTRADA)
-LIMPIEZA 1 DESAGUE (ENTRADA)
TRABAJO TERMINADO
ENTRADA: 10:10
SALIDA:14:00";;;;;;;;;;;;;;;;;;
3/10/2025;;TATIANA OCHOA;;;YAMIL-LEANDRO;"MANO DE OBRA:
-REMPLAZO 2 TIRA LED 220 POR TIRA LED 12 VOL  MACROLED (60CM C/U EXTERIOR
-COLOCACION 2 TAPAS CIEGAS 5*10
-REPARACION 1 CABLE DE ALIMENTACION A.A
-INSTLACION 1 FICHA HEMBRA 10A A.A
TRABAJO TERMINADO 
ENTRADA: 15:00
SALIDA:17:11";;;;;;;;;;;;;;;;;;
3/10/2025;;RAUL KARAM;;;PABLO-MARTIN;"MANO DE OBRA:
-REMPLAZO 1 TOMA DE 20A DE EMBUTIR EN PIEZA PRINCIPAL
-REMPLAZO 1 FICHA MACHO DE 20A  EN PIEZA PRINCIPAL
-REMPLAZO 1 LLAVE DE 1 PUNTO Y TOMA DE EMBUTIR EN CAMBIADOR DE PIEZA PRINCIPAL
-COLOCACION 1 TAPA CIEGA DE PVC EN EL CAMBIADOR PIEZA PRINCIPAL
-REMPLAZO 1 TOMA DOBLE DE EMBUTIR EN PIEZA DEL MEDIO
-FIJAMOS UN PORTERO ELECTRICO (VISOR DE ADENTRO)
-REMPLAZO 1 LAMPARA AR11 DEL CLIENTE
ENTRADA: 9:40
SALIDA: 11:00";;;;;;;;;;;;;;;;;;
3/10/2025;;CECILIA DIAZ;;;PABLO-MARTIN;"MANO DE OBRA:
1)REVISION 1 A.A PHILCO R22 (0.73GR, 3,22KW : MOTOCOMPRESOR ARRANCA, CONSUME 2A PERO QUEDA EN 148 PSI PRENDIDO, APAGADO QUEDA EN 151 PSI. ES SOLO FRIO
2)SERVICE 1 AIRE VENTANA  PHILCO 5.20KW MODELO PHW5014FX
-REMPLAZO 1 CAPCITOR DE FORZADOR DE AIRE VENTANA PHILCO 6UF 
ENTRADA:11:40
SALIDA:15:00";;;;;;;;;;;;;;;;;;
3/10/2025;;KIOSCO LA LLAVE;;;IGNACIO-RAMIRO;;;;;;;;;;;;;;;;;;;
;;;;;;;;;;;;;;;;;;;;;;;;
6/10/2025;;MAURICIO MORAN;;;YAMIL-LEANDRO;"MANO DE OBRA:
1)REVISION 1 A.A DE 3000 FRIGORIAS (FIJAMOS EN EL TECHO CON TORNILLO)
2) REPARACION 1 A.A (REMPLAZO DE OBU), CARGA r22 1.20KG
TRABAJO TERMINADO 
ENTRADA: 08:38
SALIDA:11:18";;;;;;;;;;;;;;;;;;
6/10/2025;;VERGARA ROIG JAVIER;;;YAMIL-LEANDRO-RAMIRO;"MANO DE OBRA:
INSTALACION 12 - 1 LISTON LED DE UN METRO FABRICADO EN ELECTROFRIO
ENTRADA: 12:50
SALIDA: 16:10";;;;;;;;;;;;;;;;;;
6/10/2025;;CAGLIOTRO GUSTAVO;;;PABLO-MARTIN;"MANO DE OBRA:
PICADA 11 BOCAS (1/4)
AMURADA 3 BOCAS (1/4)
ENTRADA: 09:00
SALIDA:18:00";;;;;;;;;;;;;;;;;;
6/10/2025;;CAGLIOTRO GUSTAVO;;;YAMIL-LEANDRO;"MANO DE OBRA
INSTALACION 4 CAJAS 5*10
INSTLACAION DE CAÑO CORRUGADO
DIBUJOS ADJUNTOS EN PLANILLAS DE TRABAJO
ENTRADA: 16:48
SALIDA: 18:00";;;;;;;;;;;;;;;;;;
7/10/2025;;CAGLIOTRO GUSTAVO;;;TODOS;"MANO DE OBRA:
PICADA 6 BOCA (1/4) EN COCINA
PICADA 3 BOCA (1/4) EN PIEZA
AMURADA 1 BOCA (1/4) EN PIEZA
CAVAMOS 16M EN ZANJA
ENTRADA: 08:30
SALIDA18:00";;;;;;;;;;;;;;;;;;
8/10/2025;;VERGARA ROIG JAVIER;;;YAMIL-LEANDRO;"MANO DE OBRA: 
-INSTALACION: 2 FOTOCELULAS 1500W 3 CABLES
-CAMBIO 1 TRANFON DE LISTON 220V ( QUE NO FUNCIONO Y SE TRAJO NUEVAMENTE AL TALLER PARA SU REPARACION
-ARMADO LOZA 8 BOCAS
ENTRADA: 9:20
SALIDA: 11:45";;;;;;;;;;;;;;;;;;
8/10/2025;;TONOS GALPON;;;YAMIL-LEANDRO;"MANO DE OBRA:
-REMPLAZO 1 LAMPARA GALPONERA EN ALTURA-RIESGOSO
-CABLEADO 10M DE UTP INTERIOR CON 15 PRESINTOS
-INSTALACION 1 TIMBRE CANDELA INALAMBRICO CUADRADO.
ENTRADA: 12:50 A 14:14 SALIDA
ENTRADA: 14:55 A 15:02 SALIDA";;;;;;;;;;;;;;;;;;
8/10/2025;;CAGLIOTRO GUSTAVO;;;PABLO-MARTIN;"MANO DE OBRA:
-AMURAMOS 11 COCINA COMEDOR : BOCA (1/4)
-AMURAMOS 3 PIEZA: BOCA (1/4)
-PICAMOS 6 LIVING-GALERIA: BOCA (1/4)
AMURAMOS 2 (LIVING GALERIA: BOCA (1/4)
ENTRADA 08:00
SALIDA: 18:00";;;;;;;;;;;;;;;;;;
8/10/2025;;CAGLIOTRO GUSTAVO;;;YAMIL-LEANDRO;"MANO DE OBRA:
AMURAMOS 10 CAJAS 5*10 
ENTRADA: 15:20
SALIDA: 18:10
ESTO ESTA ADJUNTO EN LA PLANILLA DE CORDOBA Y ARIAS";;;;;;;;;;;;;;;;;;
9/10/2025;;MICA LACROIX;;;YAMIL-LEANDRO;"MANO DE OBRA:
-REPARACION A.A ELECTRA INVERTER, 4 VIROLAS NUEVAS
-CARGA DE GAS COMPLETA R410A 0.670KG
TRABAJO TERMINADO
ENTRADA:08:41
SALIDA:10:09";;;;;;;;;;;;;;;;;;
9/10/2025;;GRASIGAS;;;YAMIL-LEANDRO;"MANO DE OBRA:
-REMPLAZO 2 PLAFONES 24W
-REMPLAZO 1 GALPONERO 30W (CROMER) PLATAFORMA EN ALTURA
-ANULACION DE CABLE DE TV
ENTRADA:10:50
SALIDA:12:10";;;;;;;;;;;;;;;;;;
9/10/2025;;NICO ALANIZ KIOSCO SAN MARTIN;;;YAMIL-RAMIRO;"MANO DE OBRA:
1)MANTENIMIENTO CORRECTIVO.
A.A PISO TECHO SURREY 18000 FRIGORIAS EN ENTRADA DE LOCAL COMERCIAL
SERVICE INTEGRAL (LIMPIEZA REVISION
RECARGA DE GAS 0.400KG 
2)MANTENIMIENTO CORRECTIVO
A.A PISO TECHO SEAM 18000 FRIGORIAS
(SERVICE DE UNIDAD EXTERIOR)
ENTRADA:14:00
SALIDA:18:10";;;;;;;;;;;;;;;;;;
9/10/2025;;CAGLIOTRO GUSTAVO;;;PABLO-MARTIN;"MANO DE OBRA:
1)AMURAMOS 5 BOCA (1/4) GALERIA
2)TAPAMOS BOCAS EN COCINA COMEDOR (CASA) NOS FALTO TERMINAR DE TAPAR EL DIA DE AYER
COLOCAMOS 4 CAJAS 7X7 EN PIEZA
PICAMOS 4 BOCAS EN PIEZA (DE TABLERO Y TANQUE)
PICAMOS 2 BOCAS EN GALERIA (1/4)
COLOCAMOS 2 BOCAS EN COMEDOR (LUCES DE GALERIA + VENTILADOR) 
ENTRADA: 08:30
SALIDA:18:20";;;;;;;;;;;;;;;;;;
10/10/2025;;COLON (SUC ORTIZ DE OCAMPO);;;YAMIL-LEANDRO;"MANO DE OBRA
REMPLAZO 10 TUBO LED 120CM 
ENTRADA: 08:32
SALIDA:09:30
TRABAJO DE TERMINADO";;;;;;;;;;;;;;;;;;
10/10/2025;;NICO ALANIZ KIOSCO SAN MARTIN;;;YAMIL-LEANDRO;"MANO DE OBRA:
SERVICES A.A PISO TECHO SEAN 18000 FRIGORIAS CON DESINTALACION DE UNIDAD INTERIOR
ENCIANTADO 1 CAÑERIA DE INTERCOMUNICACION
ENTRADA:10:00
SALIDA:15:00
TRABAJO TERMINADO";;;;;;;;;;;;;;;;;;
10/10/2025;;CAGLIOTRO GUSTAVO;;;MARTIN-LUCIANO-YAMIL-LEANDRO;"MANO DE OBRA:
TAPADO 15 AGUJEROS BOCAS QUE NO SIRVEN (VIEJOS)
TAPADO DE 6 BOCAS EN LOZA (CAJA 7X7)
PASE 1 AL TECHO POR LOZA AL TABLERO
COLOCACION 1 TABLERO C/COMUNICACION DE 8 1/2 BOCA
PICADO 1 EN BAÑO DE 1 TOMA Y 1 PUNTO
PICADO 1 SALIDA DE ALIMENTACION HACIA CAJA DEL TECHO.
ENTRADA: 09:00 MARTIN
ENTRADA 11:30 LUCIANO
ENTRADA:16:00 YAMIL-LEANDRO
SALIDA:18:10";;;;;;;;;;;;;;;;;;
10/10/2025;;PATRICIA DE LUCA (TONOS CATAMARCA);;;IGNACIO-RAMIRO;"MANO DE OBRA:
VERIFICACION 3 BOCAS Y CONEXION
VERIFICACION 1 TABLERO
CONEXION 1 TERMICA PARA LUCES CARTEL
CONEXION 1 DE 3 PUNTOS DIRECTOS PARA ENCENDER TODO JUNTO";;;;;;;;;;;;;;;;;;
10/10/2025;;DEL CARRIL RODRIGO (THE HOLY CLUB);;;RAMIRO-NACHO;"MANO DE OBRA: 
INSTALCION DE 1 BAÑADOR LED SOBRE PARED DEL CARTEL";;;;;;;;;;;;;;;;;;
;;;;;;;;;;;;;;;;;;;;;;;;
13/10/2025;;CAGLIOTRO GUSTAVO;;;DIAZ-CORDOBA-CASAS-ARIAS;"MANO DE OBRA:
-PICAMOS 11 BOCAS DE LUZ, A.A (1/4)
-PICAMOS 4 BOCA DE TV (1/4)
-PICAMOS 2 CAJA DE -PRESINTALACION DE A.A
-AMURAMOS 2 CAJA DE PREINSTALACION DE A.A
-AMURAMOS 5 BOCAS DE (1/4)
ENTRADA 08:40
SALIDA:18:00";;;;;;;;;;;;;;;;;;
14/10/2025;;ANA BRIGIDO (SANAGASTA);;;DIAZ-CASAS;"MANO DE OBRA:
-INSTALACION 2 FLOTANTES ELECTRICOS
-INSTALACION 1 TABLERO DE ALIMENTACION PARA LA BOMBA
TRABAJO TERMINADO
ENTRADA:10:30
SALIDA:12:40";;;;;;;;;;;;;;;;;;
14/10/2025;;NICO ALANIZ KIOSCO SAN MARTIN;;;DIAZ-CASAS;"MANO DE OBRA
-INSTALACION 1 REFLECTOR 100W CON BRASO EN PORTON DE AFUERA
-INSTALACION 1 REFLECTOR 30W EN DEPOSITO
-REVISION 1 INTERCAMBIO DE LUGAR MOTOR SWING (A.A)
TRABAJO TERMINADO
ENTRADA: 09:08
SALIDA:  15:47";;;;;;;;;;;;;;;;;;
14/10/2025;;ARIEL SCHMIRA (GUAPOS TRAJES);;;DIAZ-CASAS;"MANO DE OBRA:
-REMPLAZO 1 REFLECTOR 100W
TRABAJO TERMINADO
ENTRADA:16:12
SALIDA:16:24";;;;;;;;;;;;;;;;;;
14/10/2025;;CECILIA MANDATORI;;;DIAZ-CASAS;"MANO DE OBRA:
PRESUPUESTO DE INSTALACION ELECTRICA Y DE A.A DE 3500 FRIGORIAS";;;;;;;;;;;;;;;;;;
14/10/2025;;CAGLIOTRO GUSTAVO;;;PABLO-MARTIN;"MANO DE OBRA
PICAMOS 9 BOCA (1/4)
REPARACION 2 CAÑO CORRUGADO
AMURAMOS 11 BOCA (1/4)
ENTRADA: 08:30
SALIDA: 18:30";;;;;;;;;;;;;;;;;;
15/10/2025;;COLON (SUCURSAL ORTIZ DE OCAMPO;;;DIAZ-CASAS;"MANO DE OBRA
-REMPLAZO 3 TUBO LED 120W (UNO YA HABIAS CAMBIADO) (2 VIEJOS)
-REMPLAZO 4 ZOCALOS PAR TUBO LED
TRABAJO TERMINADO
ENTRADA: 08:37
SALIDA:09:15";;;;;;;;;;;;;;;;;;
15/10/2025;;BENJAMIN ARIAS;;;DIAZ-CASAS;"MANO DE OBRA:
REMPLAZO 1 TOMA 20 A Y FICHA MACHO DE 20A A.A
REMPLAZO 1 TOMA DOBLE 10A (PIEZA)
TRABAJO TEMRINADO 
MATERIAL DE ELECTROMUNDO 
ENTRADA: 09:24
SALIDA: 10:30";;;;;;;;;;;;;;;;;;
15/10/2025;;CAGLIOTRO GUSTAVO;;;DIAZ-CASAS;"MANO DE OBRA:
-ARMADO 3 CAMARAS COMPLETA
ENTRADA: 1205
SALIDA:17:48";;;;;;;;;;;;;;;;;;
15/10/2025;;CAGLIOTRO GUSTAVO;;;CORDOBA-ARIAS;"MANO DE OBRA:
-AMURAMOS 3 BOCA ABAJO DE TANQUE A CAJA 10X10 (1/4)
-AMURAMOS 4 BOCA DE TV (1/4)
-AMURAMOS 2 BOCA DE A.A (1/4)
-AMURAMOS 1 BOCA DE TERMOTANQUE A CAJA DE 10*10 (TERMINAMOS DE TAPA LA BOCA DE AYER)
-PICAMOS 6 BOCA EN BAÑO PRINCIPAL (1/4)
-AMURAMOS 6 BOCA EN BAÑO PRINCIPAL (1/4)
-PICAMOS 2 BOCA DE TERMOTANQUE (1/4) TERMINAMOS DE PICAR LA BAJADA QUE TENIAMOS AYER
-ARMAMOS  4 BOCA EN LOSA DE BAÑO AL FONDO
ENTRADA 09:00
SALIDA: 18:00";;;;;;;;;;;;;;;;;;
16/10/2025;;CAGLIOTRO GUSTAVO;;;CORDOBA-ARIAS-DIAZ;"MANO DE OBRA:
-PICAMOS 1 BOCAS (1/4) EN BAÑO PRINCIPAL
-PICAMOS 1 BOCAS (1/4) EN LIVING 
-PICAMOS 1 BOCAS (1/4) EN BAÑO DEL FONDO
-PICAMOS 1 BOCA (1/4) EN COCHERAS
-AMURAMOS 4 BOCAS (1/4) LAS ANTERIORES
-PICAMOS 1 DESAGOTE DE A.A DE HABITACION
-PICAMOS 1 DESAGOTE DE A.A DE COMEDOR
-AMURAMOS 1 DESAGOTE DE A.A DE COMEDOR
-AMURAMOS 1/2 DESAGOTE DE A.A DE HABITACION
-TERMINAMOS DE AMURAR 6 CAJAS DE LUCES EXTERIOR
ENTRADA:09:00
SALIDA 18:00";;;;;;;;;;;;;;;;;;
16/10/2025;;DE LUCA PATRICIA (TONOS GALPON);;;DIAZ-CASAS;"MANO DE OBRA:
-INSTLACION 1 BALUN EN CAMRA DE SEGURIDAD COMPRAMOS EN CILAB
ENTRADA:10:42
SALIDA: 11:00";;;;;;;;;;;;;;;;;;
16/10/2025;;MEDIALUNAS CALENTITAS(PASEO);;;DIAZ-CASAS;"MANO DE OBRA: 
-LIMPIEZA 3 A.A PISO TECHO 18000 FRIGORIAS U/EXTERIOR
-LIMPIEZA 1 A.A SPLIT 5000 FRIGORIAS
-MEDICION 3 CAPACITORES 40 FAN
-MEDICION 2 CAPACITOR 33UF MOTOR Y 2,5 UF FAN
-AISLACION 3 AIRES PISO TECHO
-AISLACION 1 A.A SPLIT
TRABAJO TERMINADO 
ENTRADA:11:00
SALIDA:13:00";;;;;;;;;;;;;;;;;;
17/10/2025;;CAGLIOTRO GUSTAVO;;;CORDOBA-ARIAS;"MANO DE OBRA
-PICAMOS 6 BOCAS (1/4) EN COCINA COMEDOR
-AMURAMOS 6 BOCA (1/4) EN COCINA COMEDOR
-PICAMOS 1 BOCA(1/4) EN PATIO INTERNO
-AMURAMOS 1 BOCA (1/4) EN PATIO INTERNO
-PICAMOS 1/2 DESAGOTE DE A.A DE HABITACION
-AMURAMOS 1/2 DE A.A DE HABITACION
ENTRADA:08:30
SALIDA 16:00";;;;;;;;;;;;;;;;;;
17/10/2025;;JUSTINO;;;CORDOBA-ARIAS;ENTREGA DE HELADERA FAMILIAR EN EL DOMICILIO;;;;;;;;;;;;;;;;;;
17/10/2025;;COLON (SUCURSAL  SANTA ROSA);;;PAEZ-DIAZ-CASAS;"MANO DE OBRA:
-DESINTALACION 8 ARTEFACTOS MEDIANOS
-INSTLACION 7 PLAFONES LED DE EMBUTIR 60*60
INSTALACION 7 (6 BOCAS AEREAS CON PVC 7/8 Y 1 BOCA DE INTERNET
TRABAJO TERMINADO 
ENTRADA 08:30
SALIDA:15:00";;;;;;;;;;;;;;;;;;
17/10/2025;;LIA RUEDA;;;CASAS-DIAZ;"MANO DE OBRA
-PRESUPUESTO 1 A.A SPLIT BGH 3500 FRIGORIAS GAS R410 830GG
-REPARACION 1 A.A SPLIT  3 VIROLAS NUEVAS Y CARGA DE REFRIGERANTE DE GAS COMPLETA
-AISLACION 1 CAÑO DE INTERCONEXCION 1/2 Y 1/4
REMPLAZO 1 SENSOR DE CAÑO 10K
ENTRADA: 15:45
SALIDA: 18:05";;;;;;;;;;;;;;;;;;
;;;;;;;;;;;;;;;;;;;;;;;;
20/10/2025;;SANDRA BARBOZA;;;CORDOBA-ARIAS;ENTREGA DE HELADERA COMERCIAL;;;;;;;;;;;;;;;;;;
20/10/2025;;GUSTAVO CAGLIOTRO;;;CORDOBA-ARIAS;"MANO DE OBRA:
-CABLEAMOS 27 BOCAS (1/4) EN TECHO (CENEFA Y LUCES EXTERIORES)
CABLEAMOS 28 BOCAS (1/4) ADENTRO (BAÑO, HABITACION, COMEDOR)
OBSERVACION: FALTA CABLEAR, ALERO, COCINA Y BOCAS SUBTERRANEAS.
ENTRADA: 09:30
SALIDA: 18:30";;;;;;;;;;;;;;;;;;
20/10/2025;;GERARDO GONZALEZ;;;DIAZ-CASAS;"MANO DE OBRA:
REVISION 1 A.A SPLIT 3500 FRIGORIAS TCL R22A (PIEZA DE LA MADRE)
REVISION DE PLACA Y MEDICION DE BOCHA, LA BOCHA ESTA EN CORTO CONVIENE CAMBIAR EL A.A Y REMPLAZAR FAN U/I
ESTA PUESTO EN UN PISO X SOBRE EL TECHO
ENTRADA:09:00
SALIDA:9:50";;;;;;;;;;;;;;;;;;
20/10/2025;;DICONCA JORGE;;;DIAZ-CASAS;"MANO DE OBRA:
-LIMPIEZA COMPLETA 1 A.A SPLIT 3500 FRIGORIAS (PIEZA) SIN DESINTALACION U/E Y U/I
MEDICION DE CAPACITOR EN U/E Y U/I
TRABAJO TERMINADO 
ENTRADA:10:22
SALIDA: 12:00";;;;;;;;;;;;;;;;;;
20/10/2025;;PATRICIA MORENO;;;DIAZ-CASAS;"MANO DE OBRA:
-DESINTALACION 1 A.A VENTANA 6000 FRIGORIAS (PIEZA FONDO)
-LIMPIEZA DEL AIRE VENTANA ANTIGUO
-INSTALACION 1 A.A VENTANA 6000 FRIGORIAS (PIEZA FONDO)
TRABAJO TERMINADO
ENTRADA: 12:48
SALIDA: 15:37";;;;;;;;;;;;;;;;;;
20/10/2025;;DICONCA VICTORIA;;;DIAZ-CASAS;"MANO DE OBRA
1) LIMPIEZA EN SECO 1 U/I A.A SPLIT 3000 FRIGORIAS (PIEZA PRINCIPAL) SIN DESINTALAR
AISLACION DE A.A
2)REVISION DE REFRIGERANTE A.A 3000 FRIGORIAS (PIEZA DE LA HIJA) LIMPIEZA DE FILTROS 
AISLACION.
ENTRADA: 15:50
SALIDA: 17:40";;;;;;;;;;;;;;;;;;
21/10/2025;;COLON (SUC 30 DE SEPTIEMBRE);;;DIAZ-CASAS;"MANO DE OBRA:
REMPLAZO 2 CAPACITOR DE U/I 3 UF Y CAPACITOR DE U/E 4UF
EL DESAGUE QUE REPARAMOS ESTA BIEN.
LOS CAPACITORES SE AGOTARON, SE CONGELO EL EVAPORADOR Y GOTEABA POR TODOS LADOS
ENTRADA: 09:57
SALIDA:14:46";;;;;;;;;;;;;;;;;;
21/10/2025;;MIA NAZARENA (CASA DE GOB);;;DIAZ-CASAS;"MANO DE OBRA:
-REMPLAZO 2 TUBO LED EN OFICINA
-REMPLAZO 1 ARTEFACTO 180 POR UNO DE 1200 DOBLE (X2)
-MODIFICAR 1 CAMBIO DE TUBO FLUORESCENTE A LED (DOBLE) (X2)";;;;;;;;;;;;;;;;;;
21/10/2025;;ISAIAS DIAZ (UNLAR);;;DIAZ-CASAS;"MANO DE OBRA:
-REMPLAZO DE PLACA UNIVERSAL
-INSTALACION DE DESAGUE 8M DE MANGUERA
-INSTALCION 1 CABLE DE INTERCONECCION
-AISLACION 1 PUESTA DE CINTA
NOTA: EL EQUIPO ESTA INSTALADO SOLAMENTE CON LA PORTA REFRIGERACION. LA PARTE ELECTRICA NO TIENE NADA  NI LA ALIMENTACION NI LA INTERCOMUNICACION(MAÑANA TENEMOS QUE PROBAR EL MOTOCOMPRESOR (POSIBLEMENTE QUEMADO)
ENTRADA: 14:30
SALIDA:18:00";;;;;;;;;;;;;;;;;;
21/10/2025;;CAGLIOSTRO GUSTAVO;;;CORDOBA-ARIAS;"MANO DE OBRA:
-CABLEAMOS 10 BOCAS (1/4) EN GALERIA
-PICAMOS 1 BOCA (1/4) EN COCINA COMEDOR
-AMURAMOS 1 BOCA (1/4) EN COCINA COMEDOR
-CABLEAMOS 6 BOCA (1/4) EN COCINA COMEDOR
-CABLEAMOS 5 BOCA (1/4) EN BAÑO DEL FONDO
-ARMAMOS 1 TERMICA TETRAPOLAR 1 DISYUNTOR
-TABLERO 1 DE 10 TERMICAS BIPOLARES
-COLOCAMOS 3 CAJAS DE 7*7 EN LOSA DEL BAÑO DEL FONDO
ENTRADA: 09:00
SALIDA:18.20
NOTA: FALTA PASAR CABLE SINTENAX, COLOCAR JABALINA, TAPAR TODA LA ZANJA, SACAMOS CABLE DE CROMER + JABALINA";;;;;;;;;;;;;;;;;;
22/10/2025;;CAGLIOSTRO GUSTAVO;;;CORDOBA-ARIAS;"MANO DE OBRA:
-CABLEAMOS 5 BOCAS (1/4) SUBTERRANEO
-TAPAMOS TODA LA ZANJA
-COLOCAMOS 1 JABALINA
-ALARGAMOS 1 CAÑO DE DESAGOTE
-TERMINAMOS DE PONER LAMPARAS Y TOMAS EN LA OBRA";;;;;;;;;;;;;;;;;;
22/10/2025;;VERGARA ROIG;;;CORDOBA-ARIAS;"MANO DE OBRA:
-COLOCAMOS 8 BOCAS EN LOSA
-OCUPAMOS 1 ROLLO DE CAÑO CORRUGADO DE 7/8, 6 CAJAS DE CHAPA DE 7*7
ENTRADA: 14:00
SALIDA: 18:00";;;;;;;;;;;;;;;;;;
22/10/2025;;ISAIAS DIAZ (UNLAR);;;DIAZ-CASAS;"MANO DE OBRA: 
A.A PISO TECHO (SALON 17 DE OCTUBRE) 
-REPARACION 1 PERDIDA EN U/I EN LA ROSCA 3 1/4 SOLDAMOS MAP Y 1/2 VARILLA DE PLATA
-PRESURIZACION 1 250 PSIN DE NITROGENO
-REVISION 1 COMPRESOR FUNCIONA (SIN CARGA) Y CON REFRIGERANTE NO COMPRIME
REALIZAMOS PRUEBA EN EL COMPRESOR INVERTIMOS FASE ARRANCA PERO NO COMPRIME, ANTERIORMENTE NO ARRANCA PORQUE TENIA 2 FASES CORREGIMOS Y PUSIMOS LAS 3 FASE.
HACER PRESUPUESTO DE CAMBIO DE BOCHA. PRECIO DE BOCHA EN RUARTE $650.000
MATERIALES:
1 CINTA PVC S/A, 2.700 REFRIGERANTE R22A
ENTREGAMOS MENSULA CON TORNILLO
ENTRADA: 08:30
SALIDA:12:36";;;;;;;;;;;;;;;;;;
22/10/2025;;BENJAMIN ARIAS;;;DIAZ-CASAS;"MANO DE OBRA: 
REMPLAZO 1 TOMA SIMPLE DE 10A PARA EMBUTIR DEL TERMOTANQUE.
ENTRADA: 14:00
SALIDA:14:20
TRABAJO TERMINADO";;;;;;;;;;;;;;;;;;
22/10/2025;;COLON (SUC SANTA ROSA);;;DIAZ-CASAS;"MANO DE OBRA:
CABLEADO 4 METROS UTP Y ARMADO DE MODULO RJ45 (3)
CONTROLAMOS QUE EL CABLE UTP QUE YA TENIA ESTE BIEN, CONTROLAMOS EL CABLEADO NUESTRO TAMBIEN Y ESTA TODO BIEN
TRABAJO TERMINADO 
ENTRADA:14:35
SALIDA17:30";;;;;;;;;;;;;;;;;;
23/10/2025;;VERGARA ROIG;;;CORDOBA-ARIAS;"MANO DE OBRA:
-PICAMOS 11 BOCAS (1/4)
-AMURAMOS 4 BOCAS (1/4)
ENTRADA: 08:40
SALIDA:18:00";;;;;;;;;;;;;;;;;;
23/10/2025;;FEDERICO OCAMPO;;;CASAS-DIAZ;"MANO DE OBRA:
-INSTALACION 7 PORTA LAMPARA CON FOCOS (7)
-INSTLACION 9 TAPA CIEGAS PVC 7*7
-INSTLACION 11 TOMAS DOBLES DE 10 AMS
-INSTALACION 2 LLAVES DE UN PUNTO
-INSTALACION 1 TOMA SIMPLE DE 10 AMPS
-REMPLAZO 1 FOCO DE 12 WATS EN FAROLA DEL FONDO
OBSERVACION: Y TRES PORTA LAMPARA CON FOCOS Y TAPA CIEGA 7X7 EN LA PARTE NUEVA AMPLIACION DE LA CASA (PROXIMA VISITA LLEVAR FOTOCELULA)
ENTRADA: 08:50
SALIDA:13:00";;;;;;;;;;;;;;;;;;
24/10/2025;;CACERES AGOSTINA;;;CORDOBA-ARIAS;"MANO DE OBRA:
COLOCACION 1 TOMA DOLE DE EMBUTIR
CABLEAMOS 36M CABLE UTO MAS 2 CAMARAS + CABLE DE RED A MODEN
COLOCACION DE FOTOCONTROL
COLOCACION DE REFLECTOR
-CONFIGURACION DE DVR
ENTRADA: 09.30
SALIDA:15:45";;;;;;;;;;;;;;;;;;
24/10/2025;;FLORENCIA DE LA VEGA;;;CORDOBA-ARIAS;"REVISION:
PROBLEMAS:
1- TERMICA BIPOLAR DE 32 A (HACER UIDO CUANDO LA ACCIONAS) PARA UN CABLE DE 2,5
2- TODA LA MITAD DEL DEPTO ESTA AUMENTANDO EN ESA TERMICA (COCINA COMEDOR, TERMOTANQUE, SLA DE ESTAR)
3- HAY QUE ALIMENTAR ANAFE DE COCINA DE 6400W
4- NO HAY MAS ESPACIO PARA TERMICA EN EL TABLERO
5- REVISAR CONEXION EN EL TABLERO PORQUE ESTA PUNTEADO EL DISYUNTOR
ENTRADA: 16:15
SALIDA:17:15";;;;;;;;;;;;;;;;;;
24/10/2025;;FEDERICO OCAMPO;;;CASAS-DIAZ;"MANO DE OBRA:
-REMPLAZO 8 FOCOS LUZ FRIA Y LE DEJAMOS 2 MAS DE REPUESTO
-INSTALACION 1 FOTOCONTROL CON SENSOR OCULTABLE";;;;;;;;;;;;;;;;;;
24/10/2025;;LOLA ROCA (MACA);;;CASAS-DIAZ;"MANO DE OBRA:
-DESINTALACION 1 A.A SPLIT 5MIL FRIGORIAS
-LIMPIEZA 1 DE CAÑERIA CON AGENTE DE LIMPIEZA + 15 M DE CAÑERIA
ENTRADA: 09:38
SALIDA:13:02";;;;;;;;;;;;;;;;;;
24/10/2025;;GRACIELA DEL ROSARIO ;;;CASAS-DIAZ;"MANO DE OBRA:
REPARACION 1 PLACA DE A.A SPLIT DE 5000 FRIGORIAS (COMEDOR)
CAMBIO DE FUSIBLE 10A MEDICION DE REFRIGERANTE
NOTA: PRESUPUESTAR LIMPIEZA DE A.A Y MODIFICAr la ubicacion con mensula y aislar bien los caños con 1 aislante de 5/8 y 3/8 y una cinta sin pega
entrada:14:11
SALIDA:17:03";;;;;;;;;;;;;;;;;;
24/10/2025;;COLON (SUC 30 SEPTIEMBRE);;;CASAS-DIAZ;"MANO DE OBRA:
REVISION DE UNA HELADERA FAMILIAR MAR HIGH ELECTRIC  DE 1MTRO DE ALTURA
NOTA: CONTROLAMOS QUE ARRANQUE Y CORTE Y REVISAMOS LA TEMPERATURA , ESTA FUNCIONANDO PERFECTO TRABAJA EN UNA TEMPERATURA DE 2º A 3º GRADOS EN LA PARTE DE HELADERA FREEZER FUNCIONA PERFECTO EN UNA TEMPERATURA DE 20 GRADOS BAJO CERO
ENTRADA: 17:20
SALIDA:17:50";;;;;;;;;;;;;;;;;;
25/10/2025;;LOLA ROCA (MACA);;;CORDOBA-CALIVA;"REMPLAZO DE CAÑERIA PARA A.A
ENTRADA:10:00
SALIDA: 13:00";;;;;;;;;;;;;;;;;;
25/10/2025;;ALICIA MOYANO;;;CORDOBA-ELIZONDO;"MANO DE OBRA:
DESINTALACION DE CAMARA DE SEGURIDAD CON SU CAJA ESTANCA DE PILAR DE LUZ, E INSTALACION EN PARED DE CAMARA DE SEGURIDAD CON NUEVA CAJA ESTANCA!";;;;;;;;;;;;;;;;;;
;;;;;;;;;;;;;;;;;;;;;;;;
27/10/2025;;LOLA ROCA (MACA);;;CORDOBA-CASAS;"MANO DE OBRA: 
INSTALACION 1 A.A ELECTRA 6,8KW INVERTER (CON ALIMENTAACION A LA U.E)
ENTRADA: 08:53
SALIDA:13:30";;;;;;;;;;;;;;;;;;
27/10/2025;;ELIO MORALES;;;DIAZ-ARIAS;"MANO DE OBRA:
INSTALACION 6 CARTELES EN ALTURA CON ANDAMIO
ENTRADA 08:40
SALIDA: 17:40
MATERIALES DEL CLIENTE!";;;;;;;;;;;;;;;;;;
27/10/2025;;ELIO MORALES;;;CORDOBA-CASAS;"MANO DE OBRA:
ARMADO 7 BRAZOS DE 1 METRO C/U PARA REFLECTOR
ENTRADA 13:30
SALIDA:15:18";;;;;;;;;;;;;;;;;;
27/10/2025;;ELIO MORALES;;;CORDOBA-CASAS;"MANO DE OBRA:
COLOCACION 3 BRAZZOS PARA REFLECTOR
BAJAMOS 1 CARTEL QUE QUEDO ALTO
AYUDAMOS A DIAZ Y ARIAS A SUBIR CARTEL
ENTRADA:15:32
SALIDA17:48";;;;;;;;;;;;;;;;;;
28/10/2025;;TONOS GALPON;;;CORDOBA-CASAS;"MANO DE OBRA:
REMPLAZO PLAFON CUADRADO DE EMBUTIR  18W LUZ FRIA EN COCINA
ENTRADA:09:12
SALIDA: 09:23";;;;;;;;;;;;;;;;;;
28/10/2025;;ELIO MORALES;;;TODOS;"MANO DE OBRA.
COLOCACION 7 BRAZO PARA REFLECTOR COMPLETO (CABLE Y REFLECTOR)
ARMAMOS 8 BOCA (1/4) DE PVC
CABLEAMOS 9 BOCA (1/4) DE PVC
COLOCACION 1 CARTELES
COLOCACION 1 CARTEL 220V
COLOCACION 1 TERMICA 2X10A
COLOCACION 1 RELOJ ANALOGICO
PROGRAMACION 1 RELOJ DIGITAL
REMPLAZO 1 PLAFON DE 24W (PUSO EL CLIENTE)
TODO EL TRABAJO FUE EN ALTURA
ENTRADA: 09:36
SALIDA:17:50";;;;;;;;;;;;;;;;;;
29/10/2025;;VERGARA ROIG;;;CORDOBA-ARIAS;"MANO DE OBRA:
-COLOCACION 1 TABLERO 22 BOCA
-PICAMOS 5 BOCA EN PARED (1/4)
-PICAMOS 2 BOCA EN PISO (1/4)
-ARMAMOS 1 BOCA PVC (1/4)
-AMURAMOS 1º BOCA EN PARED (1/4)
OBSERVACIONES 
FALTA PICAR DESAGOTE DE A.A
FALTA PONER CAÑOS DE ALIMENTACION Y CAJA DE PASO
FALTA ARMAR 1 BOCA DE PVC
ENTRADA:09:50
SALIDA:18:00";;;;;;;;;;;;;;;;;;
29/10/2025;;FUNDACION VAMOS A ANDAR;;;DIAZ-CASAS;REVISION Y PRESUPUESTO: 478;;;;;;;;;;;;;;;;;;
29/10/2025;;COLON: 30 DE SEPTIEMBRE;;;DIAZ-CASAS;"MANO DE OBRA:
-REPARACION 1 DESAGUE. PASE NUEVO CON MANGUERA CRISTAL
-LIMPIEZA 1 A.A 5MIL FRIGORIAS EN SECO SIN DESINTALAR
ENTRADA: 11:10
SALIDA:13:40";;;;;;;;;;;;;;;;;;
29/10/2025;;COLON: SANTA ROSA;;;DIAZ-CASAS;"MANO DE OBRA: 
-INSTALACION 3 CAJAS 5*10 CON 2 M DE CAÑO 
-PREINSTALACION 75M DE CABLE UTP
EN EL TALLER BUSCANDO MATERIALES DE 15 A 16:24
ENTRADA:14:20
SALIDA:18:02";;;;;;;;;;;;;;;;;;
30/10/2025;;VERGARA ROIG;;;CORDOBA-ARIAS;"MANO DE OBRA:
AMURAMOS 2 BOCA (1/4) PO PASO
PICAMOS 1 DESAGOTE DE A.A
AMURAMOS 1 DESAGOTE DE A.A
ARMAMOS 2 BOCA DE PVC (1/4)
AMURAMOS 1 BOCA DE PARED (1/4)
OBSERVACION: FALTA PONER CAJAS DE LUZ EXTERIOR Y DEFINIR PERGOLA Y BARANDA,
ENTRADA:09:40
SALIDA:17:50";;;;;;;;;;;;;;;;;;
30/10/2025;;JONATHAN RODRIGUEZ;;;DIAZ-CASAS;"MANO DE OBRA:
-DESINTALACION 1 A.A SPLIT 3000 FRIGORIAS (PIEZA) 2DO PISO TRABAJO EN ALTURA DESINTALACION DE MENSULAS
OBSERVACIONES:
TODO QUEDO EN EL DOMICILIO DEL CLIENTE
pROXIMA INSTALACION EN UN 4TO PISO (REALIZA EN MANTENIMIENTO ANTES DE INSTALAR)
ENTRADA:08:25
SALIDA:10:00";;;;;;;;;;;;;;;;;;
30/10/2025;;COLON (SUC SANTA ROSA);;;DIAZ-CASAS;"MANO DE OBRA:
-CABLEADO 75M DE CABLE UTP
-INSTALACION 3 MODULO RJ45
-INSTLACION 3 FICHAS RJ45
INSTLACION 6M CAÑO RIGIDO PVC 25MM
INSTLACION 1 CAJA 5X10 PVC
ENTRADA:10:10
SALIDA13:30";;;;;;;;;;;;;;;;;;
30/10/2025;;GRACIELA MINUSI;;;DIAZ-PAEZ;"MANO DE OBRA:
REVISION SPLIT (QUEMO FUSIBLE)
TRAJIMOS PLACA AL TALLER PARA REVISAR
TRABAJO INCOMPLETO
ENTRADA:14:00
SALIDA: 15:00";;;;;;;;;;;;;;;;;;
30/10/2025;;BLANCA CISTERNA;;;DIAZ-PAEZ;"MANO DE OBRA:
REVISAMOS A.A SPLIT PERDIDA DE REFRIGERANTE (GARANTIA)
A.A QUE HABIAMOS REMPLAZADO DE LUGAR PERDIO REFREIGERANTE 664G DE 410A
ENTRADA:16:00
SALIDA:18:00";;;;;;;;;;;;;;;;;;
31/10/2025;;VERGARA ROIG ;;;CORDOBA-ARIAS;"MANO DE OBRA:
-PICAMOS 1 BOCA PARED (1/4)
-AMURAMOS 1 BOCA PARED (1/4) FALTA TERMINAR DE AMURAR
-PICAMOS 1 BOCA POR PISO (1/4)
-AMURAMOS 1 BOCA POR PISO (1/4)
-AMURAMNOS TABLERO 1 GRAL, 1 DISYUNTOR, 6 TERMICAS 2X16A
-CABLEAMOS 22 BOCA (1/4)
OBSERVACIONES:
FALTA ARMAR LUCES BAJO LA LOSA
FALTA CABLEAR CERCA DE LA PERGOLA
ENTRADA: 09:30
SALIDA:18:00";;;;;;;;;;;;;;;;;;
31/10/2025;;COLON (SANTA ROSA);;;DIAZ-CASAS;"MANO DE OBRA:
INSTALACION 2 ARTEFACTOS 24W CUADRADO PARA APLICAR
OBSERVACIONES: PERFORAMOS EL DURLOCK PARA PONER LOS ARTEFACTOS
ENTRADA: 9:00
SALIDA: 11:00";;;;;;;;;;;;;;;;;;
31/10/2025;;GRACIELA MINUSI;;;DIAZ-CASAS;"MANO DE OBRA:
-REMPLAZO 1 CABLE DE INTERCONEXION 3.5MTS TALLER 5X1,5 
TRABAJO TERMINADO";;;;;;;;;;;;;;;;;;
31/10/2025;;ISAIAS DIAZ (UNLAR);;;DIAZ-CASAS;"MANO DE OBRA:
DIAGNOSTICO DE 1 A.A PISO TECHO
MEDIMOS QUE LLEGUE LAS 3 FASES Y QUE MANDE SEÑALES , INVERTI LAS FASES Y NO MODIFICA NADA Y EN LA UNIDAD INTERIOR NO DA NINGUN ERROR NI CODIGO. SOLO ME DA EL ERRO EN LA U/EXTERIOR (CH21 EN UNA PLACA CON DISPLAY EN LA UNIDAD EXTERIOR.
EL EQUIPO ARRANCA PRENDE  LA U/I Y U/E PERO EL MOTOCOMPRESOR PRODUCE RUIDO EXTRAÑO Y NO ARRANCA. POSIBLEMENTE MOTOCOMPRESOR ROTO, QUEMADO O CLAVADO. 
ENTRADA: 12:25
SALIDA: 14:16";;;;;;;;;;;;;;;;;;
31/10/2025;;VERGARA ROIG ;;;DIAZ-CASAS;"MANO DE OBRA:
PRESENTACION SIN AMURADO DE 4 ARTEFACTOS LED TIPO TORTUGA
AUTOMATIZACION DE 1 RELOJ DIGITAL
ENTRADA: 15:09
SALIDA:17:50";;;;;;;;;;;;;;;;;;
;;;;;;;;;;;;;;;;;;;;;;;;
1/11/2025;;COLON(SUC SANTA ROSA);;;ARIAS-TORRES-PAEZ;;;;;;;;;;;;;;;;;;;
3/11/2025;;VERGARA ROIG;;;CORDOBA-ARIAS;"MANO DE OBRA:
CABLEADO 5 BOCA PARED (1/4)
AMRMADO 2 BOCA PVC  (1/4)
CABLEADO 2 BOCA PVC (1/4)
COLOCAMOS 1 FICHA HEMBRA PARA MOTOR DE PORTON
COLOCAMNOS 1 CAJA ESTANCA PARA LUCES EXTERIOR
ENTRADA:09:20
SALIDA:13:00";;;;;;;;;;;;;;;;;;
3/11/2025;;FEDERICO OCAMPO;;;DIAZ-CASAS;"MANO DE OBRA:
INSTALACION 18M CINTA LED CALIDA CON FUENTE 20 A Y MODULO DE 1 PUNTO
INSTALACION 1 A.A SPLIT 5000 FRIGORIAS SAMSUNG (R22-1.02 GRA)
REMPLAZO 1 TOMA 20A
INSTALKACION 1 CAMARA DE SEGURIDAD CON USB (MODULO)
ANULACION 1 LINEA LLAVE DE 3 PUNTOS
ENTRADA:09:15
SALIDA:16:52";;;;;;;;;;;;;;;;;;
3/11/2025;;COLON(SUC SANTA ROSA);;;IGNACIO/RAMIRO;"MANO DE OBRA
CODIGO ROJO: INCENDIO: SE DESCONECTO LA ENERGIA ALTERNATIVA DEL SUMINISTRO ELECTRICO
ENTRADA: 18:30
SALIDA: 20:00";;;;;;;;;;;;;;;;;;
4/11/2025;;SANDRA MOLGARA;;;DIAZ-CASAS;"MANO DE OBRA:
REVISION 1 A.A SPLIT 6000 FRIGORIAS TCL (R32A) VERIFICACION DE PERDIDA Y CARGA COMPLETA DE REFRIGERANTE
OBSERVACION: NO SE ENCONTRO PERDIDA POSIBLE FUGA POR EL OBU.
ENTRADA: 08:53
SALIDA:10:28";;;;;;;;;;;;;;;;;;
4/11/2025;;GRASI GAS;;;DIAZ-CASAS;"MANO DE OBRA:
-REMPLAZO 1 REFLECTOR 150W
-REMPLAZO 1 FOTOCONTROL
-REMPLAZO 2 PORTALAMPARAS
-REMPLAZO 2 FOCOS GALPONEROS (DEJAMOS UNO NUEVO DE REPUESTO) 30W
ENTRADA:10:40
SALIDA: 13:20";;;;;;;;;;;;;;;;;;
4/11/2025;;NICO ALANIZ;;;DIAZ-CASAS;"MANO DE OBRA:
PRESUPUESTO 1 DIVISION DE LINEAS PARA INDIVIDUALIZAR LAS HELADERAS
ENTRADA: 14:30
SALIDA: 16:15";;;;;;;;;;;;;;;;;;
4/11/2025;;GRACIELA MINUSI;;;CORDOBA-ARIAS;"MANO DE OBRA:
-DESITALACION 1 U.E DE A.A PHILCO DE 8.2 KW
-SERVICE 1 U.E DE A.A PHILCO DE 8.2KW
-REINSTALACION 1 U.E CON MENSULAS
-COLOCAMOS 3 M DE MANGUERA DE CRISTAL DE 5/8.
NOTA:FALTA REVISAR Y MEJORAR ALIMENTACION DE ESTE AIRE, EL AIRE QUEDO CON 1 DE RECALEMTAMIENTO.
ENTRADA: 09:20
SALIDA:13:00";;;;;;;;;;;;;;;;;;
4/11/2025;;ELECTROFRIO;;;TODOS;INSTALACION DEL CARTEL DE LA PUERTA.;;;;;;;;;;;;;;;;;;
5/11/2025;;VERGARA ROIG;;;TODOS;"MANO DE OBRA:
-CAVAMOS 15 METROS DE SANJA DE 0.60CM
ENTRADA: 10:00
SALIDA: 16:15";;;;;;;;;;;;;;;;;;
5/11/2025;;NICO ALANIZ;;;TODOS;;;;;;;;;;;;;;;;;;;
5/11/2025;;COLON(SUC SANTA ROSA);;;IGNACIO/RAMIRO;"MANO DE OBRA: DESCONEXION SISTEMA DE ENERGIA ALTERNATIVA (GENERADOR A GAS)
OBSERVACION: SE DESINTALO EL EQUIPO GENERADOR CON SUS 2 TUBOS DE ABASTECIMIENTO (GAS ENVASADO)
ENTRADA: 12:00
SALIDA:13:00";;;;;;;;;;;;;;;;;;
6/11/2025;;NICO ALANIZ;;;CORDOBA-DIAZ-ARIAS;"MANO DE OBRA:
REMPLAZO 1 ARTEFACOT DE LUMINARIA PUBLICA EN ALTURA
ENTRADA: 14:00
SALIDA: 16:40";;;;;;;;;;;;;;;;;;
6/11/2025;;ELIO MORALES;;;CORDOBA-ARIAS;"MANO DE OBRA:
-COLOCACION 1 TAPA DE TABLERO PARA TERMICAS EN GOMERIA
-COLOCACION 5M DE TIRA LED LUZ FRIA EN BOXES
-COLOCACION 1 FUENTE DE 20A DE TIRA LED
OBSERVACIONES:
OCUPMOS 45*45 DE ACRILICO, AEROSOL ESMALTE SINTETICO PLATA, SILICONA, ESTAÑO PARA SOLDAR, 6 TORNILLOS T1 1 FUENTE DE 20A ELCON
ENTRADA:09:00
SALIDA:13:20";;;;;;;;;;;;;;;;;;
6/11/2025;;COLON SUC 25 DE MAYO;;;DIAZ-CASAS;"MANO DE OBRA.
REMPLAZO 3 TUBOS LED 120CM
REMPLAZO 1 FUENTE TIRA LED 5A
REVISION Y CONTROL DE TERMOSTATO 1 HELADERA REJA DOS PUERTAS CON CONGELADOR.
OBSERVACION: MOTIVO DE LLAMA DE LA HELADERA FUE PORQUE SE DESCONGELABA EN EL MOMENTO DE LA VISITA ESTA FUNCIONANDO CORRECTAMENTE POSIBLE CAUSA DEL DESCONGELAMIENTO POR EXCESO DE HIELO EN LAPLACA EVAPORADORA. 
ENTRADA: 08:37
SALIDA: 10:25";;;;;;;;;;;;;;;;;;
6/11/2025;;ALFREDO IBRAHIN;;;DIAZ-CASAS;"MANO DE OBRA:
-DESINTALACION 1 BOMBA DE AGUA (PILETA) PARA PREPARAR PIERDE AGUA
PRESUPUESTO 1 CAMBIO DE SELLO MECANICO Y RULEMANES Y BOBINADOS
OBSERVACIONES: AL LLEGAR AL DOMICIOLIO LA BOMBA ESTABA TRABADA ;AL GIRAR EL EJE SE DESTRABO PERO EMZO A TIRA EL AGUA POR LA PARTE DEL SELLO. EN EL TALLER YA DESARMADA SE ENCONTRO EL BOBINADO ESTA RECALENTADO. PUEDE ANDAR UN TIEMPO PERO NO PODEMOS DAR GARANTIA DE CUANTO TIEMPO DE VIDA LE QUEDA. SE RECOMIENDA HACER UN BOBINADO NUEVO,, CAMBIAR EL SELLO Y LOS RODAMIENTOS O CAMBIAR A UNA NUEVA BOMBA DE AGUA.
ENTRADA: 11:00
SALIDA:12:47";;;;;;;;;;;;;;;;;;
7/11/2025;;VERGARA ROIG ;;;CORDOBA-DIAZ-ARIAS-CASAS;"MANO DE OBRA
CAVAMOS 12M DE SANJA PARA ALIMENTACION
CORDOBA Y CASAS: DE 9 A 18HS
DIAZ Y CASAS: DE 9 A11 Y DE 14 A 18";;;;;;;;;;;;;;;;;;
7/11/2025;;ALFREDO IBRAHIN;;;DIAZ-CASAS;"MANO DE OBRA:
INSTALACION DE BOMBA DE AGUA DE PILETA";;;;;;;;;;;;;;;;;;
7/11/2025;;CONRADO VAN MULLEN;;;DIAZ-CASAS;"MANO DE OBRA:
LIMPIEZA 2 A.A SPLIT (FILTROS)
REMPLAZO 1 CONTROL A.A SURREY(PIEZA) CONTROL ORIGINAL
PROGRAMACION 1 CONTROL A.A COMEDOR
NOTAS: REVISION DE REFRIGERANTES EN ORDEN
DEMORA EN BUSCAR EL CONTROL E INSTALAMOS UNA BOMBA DE AGUA EN EL CAMINO.
ENTRADA 11:50
SALIDA: 14:30";;;;;;;;;;;;;;;;;;
;;;;;;;;;;;;;;;;;;;;;;;;
8/11/2025;;COLON (SUC SANTA ROSA);;;DIAZ-TORRES-ARIAS;"MANO DE OBRA: 
REMPLAZO 13 LAMPARAS STAR PRO EN ALTURA
ENTRADA: 2:50
SALIDA:06:30";;;;;;;;;;;;;;;;;;
10/11/2025;;VERGARA ROIG ;;;TODOS;"MANO DE OBRA
CAVAMOS 16M DE SANJA A 0.60 CM
ENTRADA 09:08 CORDOBA- CASAS
ENTRADA:14:45: DIAZ-ARIAS
SALIDA:18:00";;;;;;;;;;;;;;;;;;
10/11/2025;;NICO ALANIZ (KIOSCO);;;DIAZ-ARIAS;"MANO DE OBRA:
-INSTALACION 1 TABLERO PAR APLICAR DE 12 BOCAS
-INSTALACION 4 TERMICAS DE 16 AMP
CORRIMOS DE LUGAR 2 TOMAS DE APLICAR DE 10 AMP
CABLEAMOS 4 BOCAS CON LINEAS DE 2,5
NOTAS: FALTA PARA MAÑANA CAMBIAR TERMICAS DEL TABLERO GENERAL QUE TIENE DE 32 AMP REMPLAZADAS POR LA DOS DE 25 AMP.
PONER UNA ZAPATILLA Y CON UNA TERMICA A PARTIR DE LAS 8:00HS DE LA MAÑANA.
ENTRADA: 09:00
SALIDA: 13:20";;;;;;;;;;;;;;;;;;
10/11/2025;;COLON (SUC SANTA ROSA);;;DIAZ-ARIAS;"MANO DE OBRA:
RECONEXION 1 ARTEFACTO
ENTRADA: 13:13
SALIDA: 14:00";;;;;;;;;;;;;;;;;;
11/11/2025;;NICO ALANIZ (KIOSCO);;;DIAZ-ARIAS;"MANO DE OBRA:
REMPLAZO 3 TERMICAS DE 32 AMP X 25AMP
INSTALACION 1 ZAPATILLA DE 5 TOMAS
INSTALACION 1 TERMICA DE 16 AMP
ENTRADA:09:00
SALIDA:10:00";;;;;;;;;;;;;;;;;;
11/11/2025;;LUCIO OSORIO;;;DIAZ-ARIAS;"MANO DE OBRA:
REMPLAZO 1 TERMICA DE 32 X UNA DE 16 PARA LINEA DE TERMOTANQUE
ENTRADA: 10:33
SALIDA:10:55";;;;;;;;;;;;;;;;;;
11/11/2025;;COLON (SUC 30 DE SEPTIEMBRE);;;DIAZ-ARIAS;"MANO DE OBRA:
LIMPIEZA 1 DESAGUE DE A.A
GARANTIA DE TRABAJO
ENTRADA: 11:30
SALIDA:13:00";;;;;;;;;;;;;;;;;;
11/11/2025;;VERGARA ROIG ;;;TODOS;"MANO DE OBRA:
-ARMADOS DE 3 CAMARAS SUBTERRANEAS
-TAPADO DE 24 MTS DE CAÑO (6 BOCAS SUBTERRANEAS 1/4). 
-COLOCAMOS 2 BOCAS EN PIRCA MURALLON, CERCA DEL DPTO.
CORDOBA-CASAS: 
HORARIO: 08:45-17:35
DIAZ-ARIAS:
HORARIO: 13:30-17:30";;;;;;;;;;;;;;;;;;
12/11/2025;;VERGARA ROIG ;;;CORDOBA-CASAS;"MANO DE OBRA:
-COLOCACION 2 CAMARAS SUBTERRANEAS
TAPAMOS 16M 4 BOCAS SUBTERRANEAS
CAVAMOS 6M
OBSERVACIONES:
FALTA: CAVAR 6MTS ARMAR 2 CAMARAS, CONECTAR ELECTROVALVULA PARA RIEGO DE PALMERA FRENTE DE CANCHA
ENTRADA: 09:30
SALIDA: 17:30";;;;;;;;;;;;;;;;;;
12/11/2025;;JONATHAN RODRIGUEZ;;;DIAZ-ARIAS;"MANO DE OBRA:
INSTALACION 1 AIRE ACONDICIONADO 3500 FRIGORIAS
ENTRADA:9:00
SALIDA:13:40";;;;;;;;;;;;;;;;;;
12/11/2025;;COLON (SUC 25 DE MAYO;;;DIAZ-ARIAS-CALIVA;"MANO DE OBRA
INSTLACION 1 AIRE PISO TECHO DE 9648W
USAMOS 4 TACOS Y TORNILLOS DEL 12
10 CM DE CAÑO 3/4
ENTRADA:14:30
SALIDA: 18:00";;;;;;;;;;;;;;;;;;
12/11/2025;;TAVO MINUZZI;;;PAEZ;"MANO DE OBRA: 
CAMBIO DE FICHA DE TERMOTANQUE. SE OBSERVA QUE HUBO TEMPERATURA. NO SE PUDO PROBAR LA RESISTENCIA.
ENTRADA: 17:00
SALIDA: 18:00";;;;;;;;;;;;;;;;;;
13/11/2025;;ELIO MORALES;;;CORDOBA-CASAS;;;;;;;;;;;;;;;;;;;
13/11/2025;;ALDO MAMANI;;;PAEZ-CORDOBA;REVISION 1 A.A BGH DE 3200KW PARA HACER SERVICE A DEFINIR CON EL CLIENTE, PRESUPUESTO ENVIADO;;;;;;;;;;;;;;;;;;
13/11/2025;;COLON (SUC 25 DE MAYO);;;DIAZ-ARIAS;"MANO DE OBRA: 
INSTALACION 1 AIRE ACONDICIONADO DE 9648W PISO TECHO";;;;;;;;;;;;;;;;;;
14/11/2025;;COLON SUC 25 DE MAYO);;;DIAZ-CASAS;"MANO DE OBRA
REPARACION 1 DESAGUE DE A.A PISO TECHO (ROBOT)
ENTRADA: 11:45
SALIDA: 12:15";;;;;;;;;;;;;;;;;;
14/11/2025;;EMILIANO NAVARRO (HORUS);;;DIAS-CASAS;"MANO DE OBRA:
-PRESUPUESTO 1 A.A SPLIT DAEWOO 3000 FRIGORIAS, FALLA EN LOS SENSORES
-LIMPIEZA 1 U/I EN SECO SIN DESINTALAR
REVISION 2 CAPACITORES U/I CAPACITOR DE MOTOR 35UF Y FAN 2UF
ENTRADA: 09:52
SALIDA: 11:36";;;;;;;;;;;;;;;;;;
14/11/2025;;LUCIO OSORIO;;;DIAS-CASAS;MANO DE OBRA: REVISION DE AIRE A CONDICIONADO BUSCAR REPUESTOS;;;;;;;;;;;;;;;;;;
14/11/2025;;VERGARA ROIG ;;;ARIAS-CORDOBA;"MANO DE OBRA: 
COLOCACION 2 CAMARAS SUBTERRANEAS
TAPAMOS 12M DE SANJA ( 6 BOCA 1/4)
CAVAMOS 6M 
COLOCACION 1 BOCA PVC (CAÑO CORRUGADO)
ENTRADA:09:00
SALIDA:18:00";;;;;;;;;;;;;;;;;;
14/11/2025;;VERGARA ROIG VECINO (PEPE);;;ARIAS-CORDOBA;"MANO DE OBRA:
-SOLUCION 1 PROBLEMA ELECTRICO (NO LE LLEGABA NEUTRO QUE VENIA DE LA LINEA DE TENDIDO HASTA EL TABLERO PRINCIPAL
-REVISION 1 CONEXION ENTRE CABLE CONCENTRICO DE TABLERO SECCIONAL HASTA EL TABLERO PRINCIPAL
ENTRADA: 10:20
SALIDA: 11:40";;;;;;;;;;;;;;;;;;
;;;;;;;;;;;;;;;;;;;;;;;;
17/11/2025;;COLON (SUC 30 SEPTIEMBRE);;;CORDOBA-ARIAS;GARANTIA DE TRABAJO DESAGUE;;;;;;;;;;;;;;;;;;
17/11/2025;;NICOLAS LUNA;;;DIAZ-CASAS;"MANO DE OBRA:
MANTENIMIENTO EN SECO: 1 A.A SPLIT 3 MIL FRIGORIAS DAEWOO (COMEDOR)
REPARACION 1 DESAGUE (PICO CORTADO LO PEGAMOS CON GOTITA Y BICARBONATO LO REFORZAMOS CON SILICONA)
TRABAJO TERMINADO
""LE PEDIMOS AL CLIENTE QUE NO PRENDA EL EQUIPO POR HOY HASTA DEJAR SECAR LA SILICONA
ENTRADA: 09:37
SALIDA:11:51";;;;;;;;;;;;;;;;;;
17/11/2025;;ELIZONDO JORGE;;;DIAZ-CASAS;"RETIRO DE LAVARROPAS DE DOMICILIO.
REVISION 1 LAVARROPA DREAB 6.06 CAMBIOS DE RODAMIENTOS
DIAGNOSTICO AMORTIGUADORES Y CARBONES DEL MOTOR
FALTAN REPUESTOS";;;;;;;;;;;;;;;;;;
17/11/2025;;MARIA ZALAZAR (ELISABET VANNI);;;DIAZ-CASAS;presupuesto enviado;;;;;;;;;;;;;;;;;;
17/11/2025;;MARIO BARRIONUEVO;;;CORDOBA-ARIAS;"MANO DE OBRA:
-PICAMOS 6 BOCAS  (1/4)
-TAPAMOS 6 BOCAS (1/4)
-COLOCACION 1 TABLERO DE 20 BOCAS
-ARMAMOS 1 TABLERO DE 20 BOCAS (TERMICA GENERAL, DISYUNTOR, 3 TERMICAS DE 2X16)
ENTRADA: 12:45
SALIDA:18:00";;;;;;;;;;;;;;;;;;
18/11/2025;;MARIO BARRIONUEVO;;;CORDOBA-ARIAS;"MANO DE OBRA:
-CABLEMAOS 1 ALIMENTACION DE T.P A TS CON TPR
-CABLEAMOS 4 BOCA (1/4)
-ALARGANOS 1 BOCA CABLECANAL
-CABLEAMOS 1 BOCA CABLECANAL
-COLOCAMNOS 1 TERMICA 2X16
-ARMAMOS 1/2 BOCA CABLENAL
-CABLEAMOS 1/2 BOCA CABLECANAL
-INSTALACION 1/2 A.A HITACHI 3000 KCAL/H
FALTA REVISAR Y CARGAR GAS DE A.A HITACHI
ENTRADA 08:30 A 13:00
ENTRADA: 15:00 A 18:00";;;;;;;;;;;;;;;;;;
18/11/2025;;ELIZABETH AGUIRRE;;;CORDOBA-ARIAS;PRESUPUESTO Y REVISION ENVIADO AL CLIENTE;;;;;;;;;;;;;;;;;;
18/11/2025;;DAVID ABRAHAM;;;DIAZ-CASAS;"MANO DE OBRA
REVISION 1 A.A VENTANA 4300 FRIGORIAS REVISION DE PLACA Y BOCHA
-REVISION 1 A.A VENTANA 3000 FRIGORIAS REALIZAR MANTENIMIENTO
-DESINTALACION 1 A.A SPLIT 5000 FRIGORIAS
OBSERVACIONES: 
PRESUPUESTAR A.A 1 CAMBIO DE BOCHA R22A 4500 FRIGORIAS
PRESUPUESTAR AA VENTANA MANTENIMIENTO Y CAMBIO DE RODAMIENTO/ BUJE
PRESUPUESTAR A.A MANTENIMIENTO
PRESUPUESTAR A.A CAMBIO DE PATA DE GOMAS
ENTRADA: 12:20 A 13:30
ENTRADA:14:23 A16:13";;;;;;;;;;;;;;;;;;
18/11/2025;;MORALITO ;;;DIAZ-CASAS;"MANO DE OBRA 
INSTALACION 1 A.A SPLIT SANYO 5 MIL FRIGROIAS (PIEZA)
1 AISLANTE 3/8
1 AISLANTE 5/8
1 CINTA PVC SIN PEGA";;;;;;;;;;;;;;;;;;
19/11/2025;;ELIZONDO JORGE;;;DIAZ-CASAS;"MANO DE OBRA:
REPARACION Y ENVIO A DOMICILIO
CAMBIO DE RULEMANES 
CAMBIO DE EJE ESTRELLA
CAMBIO DE RETEN
LIMPIEZA DE TAMBOR";;;;;;;;;;;;;;;;;;
19/11/2025;;NICO GALLO;;;DIAZ-CASAS;"MANO DE OBRA:
INSTALACION 4 LUZ DE PILETA RGB
INSTALACION 1 CAJA DE CHAPA 20*20
TRABAJO TERMINADO
ENTRADA: 09:56
SALIDA:13:43";;;;;;;;;;;;;;;;;;
19/11/2025;;LILIANA PREBENDE;;;DIAZ-CASAS;"MANO DE OBRA
DIAGNOSTICO 1 LAVARROPAS DREAN 
VER INSTALACION ELECTRICA, CABLES CORTADOS POR UNA RATA
CLIENTA NO NOS DEJO RETIRAR EL EQUIPO PORQUE TIENE QUE VIAJAR PROGRAMAR PROXIMA VISITA
ENTRADA:15:10";;;;;;;;;;;;;;;;;;
19/11/2025;;JAVIER SEEWALD;;;DIAZ;"MANO DE OBRA:
CARGA 1 R410 1KG 
REMPLAZO 1 OBU
OBSERVACIONES:
SE LE REMPLAZO EL OBU 
OBSERVACIONES GENERALES:
SE LE REMPLAZA EL OBU Y SE HIZO VACIO Y CARGA DE REFRIGERANTE R410 UN KILO / SE MIDIERON CAPACITORES DE UNIDAD EXTERIOR ESTABAN BINE EL DEL FORZADOR: 4,5FU Y MEDIA 4,5 FU Y EL DEL MOTOCOMPRESOR HACE DE 50FU Y 49 FU MEDIA
TRABAJO TERMINADO
ENTRADA:16:00
SALIDA:18:00";;;;;;;;;;;;;;;;;;
19/11/2025;;MARIO BARRIONUEVO;;;CORDOBA-ARIAS;"MANO DE OBRA:
-ARMAMOS 1/2 (1/4) BOCA CABLENAL
-CABLEAMOS 1/2 (1/4) BOCA CABLECANAL
-COLOCAMOS 1 TERMICA 2X16A
-TERMINAMOS DE INSTALAR  1 A.A HITACHI 3000KCAL/H
-CARGA DE GAS 1 A.A HITACHI 3000KCAL/H
-INSTALACION 1 VENTILADOR DE TECHO
REMPLAZO 1 TOMA DOBLE POR 1 LLAVE DE PUNTO Y TOMA
REMPLAZO OBU A.A HITACHI
REMPLAZO 1 CAPACITOR 2.5 FORZADOR DE U.E A.A HITACHI
REMPLAZO 1 TAPON DE COBRE R22 VALVULA DE SERVICIO
REMPLAZO 1 PORTALAMPARA DE PARED
COLOCACION DE 1 LLAVE DE PUNTO EN EL TABLERO DE 20 BOCA
COLOCACION DE 1 TOMA SIMPLE EN EL TABLERO DE 20 BOCA
ALIMENTACION AEREA DE 3 A.A
ENTRADA:08:30
SALIDA: 13:15";;;;;;;;;;;;;;;;;;
19/11/2025;;FEDERICO OCAMPO;;;CORDOBA-ARIAS;"MANO DE OBRA:
PICAMOS 2 BOCAS (1/4)
AMURAMOS 2 BOCAS (1/4)
OCUPAMOS 1 CAJA DE 5*10 DE CHAPA";;;;;;;;;;;;;;;;;;
20/11/2025;;GERARDO GONZALEZ;;;CORDOBA-ARIAS;"MANO DE OBRA :
INSTALACION 1 A.A SPLIT 3000KCAL";;;;;;;;;;;;;;;;;;
20/11/2025;;LUCIO OSORIO ;;;DIAZ-CASAS;"MANO DE OBRA 
INSTALACION 1 TURBINA DE FORZADOR U/I Y CANALETA DE AGUA REPARADA
OBSERVACIONES: 
SE LIMPIO LOS FILTROS Y CARCASAS SE LE RECOMENDO AL CLIENTE NO HACERLO FUNCIONAR POR EL DESBALANCEO DE LA TURBINA.
ENTRADA:08:38
SALIDA: 09:39";;;;;;;;;;;;;;;;;;
20/11/2025;;DARIO AGUERO;;;DIAZ-CASAS;"MANO DE OBRA
REVISION 1 HELADERA CONVENSIONAL
RETIRAMOS DEL DOMICILIO PARA REPARA SE LA LLEVAMOS A LA CASA DE GABRIEL CASAS
MOTOR SIN FUNCIONAMIENTO
ENTRADA:12:11
SALIDA:12:40";;;;;;;;;;;;;;;;;;
20/11/2025;;FEDERICO OCAMPO;;;DIAZ-CASAS;"MANO DE OBRA:
INSTALACION 1 TOMA DOBLE
INSTALACION 1 PUNTO Y TOMA
INSTALACION 1 ROCETACULO CON TAPA CIEGA 
INSTALACION 1 PORTALAMPARA 
INSTALACION 1 LLAVE DE COMBINACION
CABLEADO 4M 1/4 DE BOCA
REVISION 1 CORTOCIRCUITO SALTABA DISYUNTOR";;;;;;;;;;;;;;;;;;
20/11/2025;;GASTON CARRIZO;;;DIAZ-CASAS-ARIAS;"MANO DE OBRA:
REMPLAZO 1 LUMINARIA EN ALTURA
REMPLAZO 1 FOTOCELULA EN ALTURA
ENTRADA:17:00
SALIDA:17:40";;;;;;;;;;;;;;;;;;
20/11/2025;;COLON (SUC SANTA ROSA);;;DIAZ-CASAS;PRESUPUESTO DE 40 TOMAS EN PERISCOPIO Y 6 CABLES DE RED.;;;;;;;;;;;;;;;;;;
20/11/2025;;GUSTAVO CAGLIOSTRO;;;CORDOBA-ARIAS;"MANO DE OBRA:
-PICAMOS 1 CAÑO DE 0.63 PARA CONEXION DE A.A
-PICAMOS 1 CAÑO DE 0.25 PARA DESAGOTE DE A.A
-PICAMOS 1 CAJA DE PREINSTALACION PARA A.A
-AMURAMOS 1 CAÑO DE 0.63
AMURAMOS 1 CAÑO DE 0.25
AMURAMOS 1 CAJA DE PREINTALACION
ENTRADA:13:00
SALIDA: 18:45";;;;;;;;;;;;;;;;;;
21/11/2025;;JAVIER SEEWALD;;;DIAZ-CASAS;"MANO DE OBRA:
-DESINTALACION 1 A.A SPLIT 3000 FRIGORIAS (REALIZAR UN MANTENIMIENTO Y REINTALAR EN OTRO DOMICILIO)
-SERVICE COMPLETO, MEDICION DE CAPACITORES.
DEMORA EN COMUNICACION PARA PASAR AL VECINO.
ENTRADA: 08:50
SALIDA: 10:00";;;;;;;;;;;;;;;;;;
21/11/2025;;JAVIER SEEWALD;;;DIAZ-CASAS;"MANO DE OBRA:
-INSTALACION 1 A.A SPLIT 3000 FRIGORIAS EN MENSULAS
ENTRADA: 11:51
SALIDA: 15:15";;;;;;;;;;;;;;;;;;
21/11/2025;;VICTOR MAIDANA;;;TODOS;"MANO DE OBRA:
-CONTROL: 1 A.A BOBINAS DE MOTOCOMPRESOR, FORZADOR Y BOBINAS DE VALVULAS DE 4 VIAS. A,A DE PIEZA DE NORTE
-CONTROL Y CARGA DE GAS: 1 A.A 0.925KG PIEZA SUR
-REMPLAZO 1 OBU DE PIEZA DE SUR
-INSTALACION 1 A.A DE 24000 BTU EN COMEDOR
-LIMPIEZA 2 U.E DE A.A DE 3KCAL/H (PIEZA NORTE Y SUR)
-LIMPIEZA EN SECO  1 U.I DE A.A
ENTRADA: 11:30
SALIDA:18:15";;;;;;;;;;;;;;;;;;
21/11/2025;;GUSTAVO CAGLIOSTRO;;;CORDOBA-ARIAS;"MANO DE OBRA:
TERMINAMOS DE TAPAR 1 CANALETAS DE A.A
ENTRADA: 09:15
SALIDA: 10:20";;;;;;;;;;;;;;;;;;
22/11/2025;;BLANCA CISTERNA;;;CORDOBA-TORRES;"MANO DE OBRA:
INSTALACION UN A.A 5000 FRIGRORIAS (PRESUPUESTO CON DESCUENTO ENVIADO MAL)
+ ALIMENTACION ELECTRICA DEL AIRE CON CABLE TPR QUE ESTABA CONECTADO EN OTRO AIRE ACONDICIONADO, CON CAJA DE APLICAR 5*10";;;;;;;;;;;;;;;;;;
;;;;;;;;;;;;;;;;;;;;;;;;
24/11/2025;;EMILIANO NAVARRO (HORUS);;;CASAS-CORDOBA;"MANO DE OBRA: TRABAJO 1 A.A DAEWWO 3,2KW MODELO DW-300FC COMEDOR
REMPLAZO 1 CAPACITOR 35UF DE COMPRESOR DE U.E
ENTRADA: 11:40
SALIDA:12:40";;;;;;;;;;;;;;;;;;
24/11/2025;;VICTOR MAIDANA;;;CASAS-CORDOBA;"MANO DE OBRA: A.A LG MODELO TS-C126YMA1 DE OFICINA (300 KCAL/H)
REMPLAZO DE FORZADOR DE U.E DE 25W 0.32A 220V
REMPLAZO DE CAPACITOR DE 2,5 UF DE FORZADOR DE U.E
REMPLAZO DE CAPACITOR DE 35UF DE COMPRESOR DE U.E
ENTRADAS 08:50/9.40
SALIDAS 10:20/11:15";;;;;;;;;;;;;;;;;;
24/11/2025;;JORGE HERRERA;;;CASAS-CORDOBA;"MANO DE OBRA: 
TRABAJO 1 A.A KELVINATOR CONSULTORIO 1, LIMPIEZA DE BANDEJAS DE DESAGOTE, LIMPIEZA DE FILTROS
TRABAJO: 1 A.A KELVINATOR CONSULTORIO 2, LIMPIEZA DE FILTROS
TRABAJO 1 A.A KELVINATOR SALA DE ESPERA LIMPIEZA DE FILTROS
ENTRADA: 15:30
SALIDA: 17:30";;;;;;;;;;;;;;;;;;
24/11/2025;;JORGE DIAZ CARBEL;;;ARIAS;"MANO DE OBRA:
POZO PARA LUMINARIA DE ALUMBRADO PUBLICO";;;;;;;;;;;;;;;;;;
25/11/2025;;MARIA ZALAZAR (ELISABET VANNI);;;DIAZ-ARIAS;"MANO DE OBRA:
SERVIS EQUIPO 3000 FRIGORIAS X3
REMPLAZO DE MANGUERA DE CRISTAL";;;;;;;;;;;;;;;;;;
25/11/2025;;MILAGROS ROMBOLA;;;CASAS-CORDOBA;"MANO DE OBRA
INSTALACION 1 A.A SAMSUNG 6.15KW MODELO AR40F24C0AMYB6
ALIMENTACION 1 A.A SAMSUNG CON TPR Y CABLECANAL
ENTRADA:08:40
SALIDA: 18:00";;;;;;;;;;;;;;;;;;
25/11/2025;; ADRIAN CLIENTE;;;DIAZ-ARIAS;PRESUPUESTO DE CABLE A TIERRA PARA AIRE ACONDICIONADO;;;;;;;;;;;;;;;;;;
25/11/2025;;JORGE DIAZ CARBEL ;;;PAEZ-DIAZ-ARIAS;ARMADO DE POSTE DE LUMINARIA PUBLICA;;;;;;;;;;;;;;;;;;
26/11/2025;;RICARDO ROSALES;;;CORDOBA-CASAS-CALIVA;"MANO DE OBRA:
REVISION 1 A.A VENTANA
RETIRO DE DOMICILIO 
REVISION EN TALLER DE PERDIDA DE REFRIGERANTE";;;;;;;;;;;;;;;;;;
26/11/2025;;RAUL KARAM;;;CASAS-CORDOBA;MANO DE OBRA:COLOCACION 1 POSTE DE ALUMBRADO PUBLICO DE 6 METROS + CABLEADO + LUMINARIA;;;;;;;;;;;;;;;;;;
26/11/2025;;VERGARA ROIG;;;DIAZ-ARIAS;"MANO DE OBRA:
MODIFICACION 6 CAMARAS DE INSPECCION
COLOCACION 1 BASTON LED
ENTRADA: 08:00
SALIDA: 18:00";;;;;;;;;;;;;;;;;;
26/11/2025;;JORGE DIAZ CARBEL;;;CASAS-CORDOBA;"MANO DE OBRA:
COLOCACION 1 POSTE DE ALUMBRADO DE 6MTS + CABLEADO + LUMINARIA";;;;;;;;;;;;;;;;;;
27/11/2025;;COLON (SUC CORONEL MONTES);;;CASAS-CORDOBA;"MANO DE OBRA:
A.A PISO TECHO CARDIFF DE ENTRADA: LIMPIEZA DE FILTROS DE U.I, CONTROL DE PRESIONES Y RECALENTAMIENTO (109 PSI Y 4K)
ENTRADA: 09:05
SALIDA: 09:38";;;;;;;;;;;;;;;;;;
27/11/2025;;COLON (SUC SANTA ROSA);;;CASAS-CORDOBA;"MANO DE OBRA:
ESTABILIZADOR POWER MAX 5000 (AL LADO DEL ROBOT) CONTORL DE VOLTAJE DE ENTRADA Y SALIDA CONTROL DE VOLTAJE DE ENTRADA DE TERMICAS GENERAL DE LA FARMACIA
ENTRADA: 09:48
SALIDA: 10:28";;;;;;;;;;;;;;;;;;
27/11/2025;;COLON (SUC GOBERNADOR GORDILLO);;;CASAS-CORDOBA;"MANO DE OBRA:
COLGAMOS 1 REFLECTOR CAIDO
PROGRAMACION 1 RELOJ ANALOGICO DE 8PM A 7AM
ENTRADA: 11:00
SALIDA:11:35";;;;;;;;;;;;;;;;;;
27/11/2025;;ADRIAN CLIENTE;;;DIAZ-ARIAS;"MANO DE OBRA:
INSTALACION DE PUESTA A TIERRA.(JABALINA)
ENTRADA: 09:30
SALIDA: 11:00";;;;;;;;;;;;;;;;;;
27/11/2025;;FABIAN CARUSO;;;DIAZ-ARIAS;"MANO DE OBRA:
INSTLACION 1 ARTEFACTO DE LUZ LED DE 12 VOLT EN PILETA SE QUEBRARON LOS TORNILLOS
ENTRADA: 11:30
SALIDA: 12:00";;;;;;;;;;;;;;;;;;
27/11/2025;;MEDIALUNAS CALENTITAS (PASEO);;;DIAZ-ARIAS;REVISION DE AIRES ACONDICIONADOS, NO PRESENTABAN FALLAS EN EL MOMENTO DE LA VISITA.;;;;;;;;;;;;;;;;;;
27/11/2025;;RICARDO ROSALES;;;CALIVA-CORDOBA-CASAS;"MANO DE OBRA:
REPARACION 1 A.A VENTANA DETECCION DE FUGA.
CONTROL DE RENDIMIENTO DE MOTOCOMPRESOR
Y CARGAR DE REFRIGERANTE COMPLETA
ENTREGA DE A.A DE VENTAN BGH EN DOMICILIO";;;;;;;;;;;;;;;;;;
27/11/2025;;JORGE DIAZ CARBEL;;;CASAS-CORDOBA-PAEZ;"MANO DE OBRA:
-CAVAMOS 8METROS DE SANJA
-CABLEAMOS 11 DE CABLE SINTENAX 3X1,5
-TAPAMOS 8 METROS DE SANAJA 
-COLOCACION 2 REFLECTORES DE 30W LUZ CALIDA
COLOCACION 1 TOMA CAPSULADO COMPLETO  + CAJA DE APLICAR + PRENSACABLE + 3 MTS DE TPR 4X1,5MM
COLOCACION 1 TAPA PARA AGUJERO DE POSTE (CHAPA GALVANIZADA 10*13)
LEVANTAMOS 2 ARTEFACTOS CAIDOS EN PATIO
COLOCACION ESPEJO EN BAÑO DE 90*70
ENTRADA: 14:00
SALIDA: 18:10";;;;;;;;;;;;;;;;;;
27/11/2025;;VERGARA ROIG;;;DIAZ-ARIAS-ARIAS;"MANO DE OBRA:
-INSTALACION 1 UN TRANSFORMADOR DE 220-24 VOLT
-INSTALACION 1 UN RELOJ DIGITAL
-INSTALACION 1 UNA TERMICA DE 10 AMPS
SOLUCION 1 PERDIDA DE CORRIENTE EN EL CABLE SUBTERRANEO DE ALIMENTACION PARA MOTRO DEL PORTON
ENTRADA: 15:00
SALIDA: 19:00";;;;;;;;;;;;;;;;;;
28/11/2025;;JOSE SANTANDER;;;CASAS-CORDOBA;"MANO DE OBRA:
TRABAJO EN A.A YORK 5500W MODELO INV55 EN LA OFICINA DE JOSE (INVERTER)
-SERVICE EN SECO DE U.I
-SERVICE DE U.E
-DESTRANCAMOS DESAGUE EMBUTIDO
-MEDIMOS PRESION (126 PSI)
Y RECALENTAMIENTO (12K)
ENTRADA: 08:35
SALIDA: 10:45";;;;;;;;;;;;;;;;;;
28/11/2025;;MEDIALUNAS CALENTITAS (PASEO);;;CASAS-CORDOBA;"MANO DE OBRA:
-CONTROL DE BOMBA CONDENSADORA DE A.A PISO TECHO
-REVISION CONTACTOS DE ALARMA POR DESBORDE
-LIMPIEZA DE BOMBA
ENTRADA: 13:30
SALIDA: 14:30";;;;;;;;;;;;;;;;;;
28/11/2025;;JORGE DIAZ CARBEL ;;;CASAS-CORDOBA;"CONTROL GENERAL DE TRABAJO REALIZADO
ENTRADA: 11:40
SALIDA:12:30";;;;;;;;;;;;;;;;;;
28/11/2025;;COLON SUC ORTIZ DE OCAMPO;;;CASAS-CORDOBA;"MANO DE OBRA: ANULACION DE CARTEL CRUZ PORQUE HACE SALTAR EL DISYUNTOR:
FALTA RETIRAR LA CRUZ PARA REVISION
ENTRADA: 15:10
SALIDA: 16:20";;;;;;;;;;;;;;;;;;
28/11/2025;;COLON CORONEL MONTES;;;CASAS-CORDOBA;"MANO DE OBRA:
-REMPLAZO 1 PUNTO SIMPLE DE APLICAR
-CONTROL 1 A.A PISO TECHO DE ENTRADA (PRESIONES, RECALENTAMIENTO, CAPACITORES DE U.I, SENSORES DE U.I)
ENTRADA:16:40
SALIDA:18:20";;;;;;;;;;;;;;;;;;
28/11/2025;;ROMBOLA ;;;DIAZ-ARIAS;"MANO DE OBRA
REMPLAZO 1 ARTEFACTO (PLAFON)
ENTRADA: 10:40
SALIDA:11:10";;;;;;;;;;;;;;;;;;
28/11/2025;;NICO ALANIZ KIOSCO SAN MARTIN;;;DIAZ-ARIAS;"INSTALACION 2 BOCAS
ANULACION1 TOMA
ENTRADA: 08:20
SALIDA: 10:25";;;;;;;;;;;;;;;;;;
28/11/2025;;VERGARA ROIG;;;DIAZ-ARIAS;"MANO DE OBRA
-RECONEXION 1 PORTON, CABLEADO, TAPADO DE LINEA
-INSTALACION 4 1/4 DE BOCA DEPARTAMENTO) DESARMADO DE PLACA
-INSTALACION 2 BOCA EN DEPOSITO-EXTERIOR (FALTA TERMINAR)
REPROGRAMACION 1 RELOJ DETRAS DE CANCHA DE PADLE
ENTRADA: 12:40
SALIDA: 18:00";;;;;;;;;;;;;;;;;;
29/11/2025;;VERGARA ROIG;;;DIAZ-CORDOBA;"MANO DE OBRA:
COLOCACION 1 FLOTANTE AUTOMATICO PARA ELECTROVALVULA 24V EN DEPOSITO -CISTERNA
COLOCACION 2 LISTON LED 220V
ENTRADA: 09:40
SALIDA:12:50";;;;;;;;;;;;;;;;;;
29/11/2025;;COCO ARIAS;;;ARIAS-PAEZ;"MANO DE OBRA:
1 REMPLAZO CAPACITOR U.I 1 UF
1 REGULACION FORZADOR DE U.I";;;;;;;;;;;;;;;;;;
;;;;;;;;;;;;;;;;;;;;;;;;
1/12/2025;;COLON (SUC 25 DE MAYO);;;DIAZ-ARIAS;"MANO DE OBRA:
-REGULACION 1 CONTROL Y CARGA DE GAS R410A (400G) EN AIRE INSTLADO EN SALA DE REUNION - A/C SURREY DE 2700F
-REGULACION 1 CONTROL Y CARGA DE GAS R410A (400GR) EN AIRE INSTALADO EN OFICINA DE IRIS - A/C MI IDEA DE 3000F
-REVISION 1 CONTROL DE CARGA DE GAS EN AIRE INSTLADO EN ADMINISTRACION A/C MI IDEA DE 6000FRIGORIAS 
ENTRADA: 09:00
SALIDA: 10:25";;;;;;;;;;;;;;;;;;
1/12/2025;; MARIO BARRIONUEVO;;;CORDOBA-CASAS;"MANO DE OBRA:
A.A HITACHI HS3000FC HI-EF
-RETIRAMOS U.I PORQUE TIENE PINCHADURAS. HAY QUE REVISAR SI SIRVE EL EVAPORADOR. REPARACION DE LA PERDIDAS QUE APARECIERON 
-REPARACION Y CARGA DE GAS R22=900GR DE AIRE INSTALADO.
-REEMPLAZO DE TERMINALES DE CONEXION DE MC
ENTRADA:08:45 SALIDA: 09:45
ENTRADA: 11:45 SALIDA:14:25";;;;;;;;;;;;;;;;;;
1/12/2025;;GERARDO GONZALEZ;;;CORDOBA-CASAS;"MANO DE OBRA:
REPARACION E INSTALACION: PLACA A.A SPLIT 3000 FRIGORIAS
ENTRADA: 14:40
SALIDA: 15:30";;;;;;;;;;;;;;;;;;
1/12/2025;;EMILIANO PAEZ;;;CORDOBA-CASAS;"RETIRAMOS UN AIRE VENTAN BGH 3.4 KW MODELO BC35WFR
ENTRADA: 16:20
SALIDA: 16:50";;;;;;;;;;;;;;;;;;
1/12/2025;;RICARDO ROSALES;;;CORDOBA-CASAS;"DEJAMOS 1 AIRE VENTANA QUE LO REPARARON EN EL TALLER
ENTRADA: 17:00
SALIDA: 17:20";;;;;;;;;;;;;;;;;;
1/12/2025;;COLON (SUC ORTIZ DE OCAMPO);;;CORDOBA-CASAS;"MANO DE OBRA:
RETIRAMOS 1 CARTEL CRUZ PARA REVISAR
ENTRADA: 17:35
SALIDA: 17:55";;;;;;;;;;;;;;;;;;
1/12/2025;;NENA TORRES;;;DIAZ-ARIAS;"VISITA CON PRESUPUESTO
REMPLAZO DE COMPRESOR DE 3000 FRIGORIAS R22 (REMPLAZO DE MOTRO DE FORZADOR ENCONTRAR PERDIDA DE REFRIGERANTE PARA LOS 2 AIRES SERIA LO MISMO; AISLANTE 2 DE 3/8 Y 2 DE 1/4 UN CINTA ADEHSIVA
ENTRADA: 11:00
SALIDA: 12:00";;;;;;;;;;;;;;;;;;
1/12/2025;;COLON (SUC STA ROSA);;;DIAZ-ARIAS-PAEZ;"MANO DE OBRA:
CABLEAMOS 1 CABLE 40MTS DE TPR SOBRE EL CIELO RAZO
CABLEAMOS 3 CABLES 40MTS DE CABLE UTP SOBRE EL CIELO RAZO
COLOCAMOS 8 PERISCOPIOS EN MOSTRADOR DE 2 TOMAS DOBLES C/U
SOLO QUEDARON 3 PERISCOPIOS FUNCIONALES
ENTRADA: 13:30
SALIDA: 18:00";;;;;;;;;;;;;;;;;;
2/12/2025;;MILAGROS ROMBOLA;;;CORDOBA-CASAS;"MANO DE OBRA
-A.A SAMSUNG 3300W MODELO AR12JQFPA6MYAR EN DORMITORIO
-CONTROL CAPACITOR 1.2 UF UI
-LIMPIEZA DE TURBINA DE U.I
-CONTROL DE CAPACITOR DE FORZADOR DE U.E
-CONTROL DE CAPCITOR 35 UF DE MOTOCOMPRESOR DE UE
ENTRADA:08:35
SALIDA:10:15";;;;;;;;;;;;;;;;;;
2/12/2025;;GIOVANNI BURELLA;;;ARIAS-DIAZ;"MANO DE OBRA
-DESINTALACION 2 A.A 1 PHILCO 3000FG DEL COMEDOR Y OTRO DE 6000FG DEL NEGOCIO
ENTRADA: 08:50
SALIDA: 10:20
-DESINTALACION 1 A.A SPLIT MARCA PHILCO DE 3000FG ENTRADA: 10:35
SALIDA: 12HS
SERVICE COMPLETO EN EL TALLER DE LOS 3 EQUIPOS (CASAS-CORDOBA)";;;;;;;;;;;;;;;;;;
2/12/2025;;COLON (SEÑOR DEL MILAGRO);;;CORDOBA-CASAS;"MANO DE OBRA:
-A.A 18000 KCAL YORK MODELO YMUF H060BAN-B-X EN LA ENTRADA DEL LOCAL
INVERTIMOS FASES EN TERMICA DE A.A
-CONTROL DE PRESION 122.1 Y RECALENTAMIENTO 2.2
-A.A 1800 KCAL YORK MODELO YMUFH060BAN-B-X AL LADO DEL ANTERIOR AIRE DE LA ENTRADAD
INVERTIMOS FASES EN TERMICA DE A.A
CONTROL DE PRESION (110.2) Y RECALENTAMIENTO 3.0
LIMPIEZA DE FILTROS 
-A.A 18000 KCAL SURREY MODELO 538XC7036-0-SF UBICADO EN EL FONDO
CONTROL DE PRESION 76.1 Y RECALENTAMIENTO 1.4
ENTRADA: 10:40
SALIDA:11:55";;;;;;;;;;;;;;;;;;
2/12/2025;;COLON (SANTA ROSA);;;PAEZ-DIAZ-ARIAS;"MANO DE OBRA
ARMADO DE 6 TOMAS DOBLES 
CALOCACION 2MTS CABLE CANAL
COLOCACION 1.60 MTS DE PISO CANAL
CABLEADO 3 BOX EN CAJA DE ENTRADA
CRIMPIADO DE 6 FICHAS RJ45
TRABAJO INCOMPLETO 
ENTRADA 13:00
SALIDA16:00";;;;;;;;;;;;;;;;;;
2/12/2025;;NICO ALANIZ;;;DIAZ-CORDOBA-CASAS;"MANO DE OBRA: EN GARANTINA
REMPLAZO DE FOTOCELULA EN ALTURA";;;;;;;;;;;;;;;;;;
2/12/2025;;EMILIANO PAEZ;;;CASAS-CORDOBA;"MANO DE OBRA:
A.A BGH MODELO BC35WFQ
-REPARACION DE PERDIDA DE GAS
-CARGA DE GAS";;;;;;;;;;;;;;;;;;
3/12/2025;;GIOVANNI BURELLA;;;DIAZ-CASAS;"MANO DE OBRA
-INSTALACION 1 A.A DE 3000 FRIGORIAS R410
-INSTALACION 1 AIRE ACONDICIONADO DE 3000 FRIGORIAS R410 EN MENSULA
-INSTALACION 1 AIRE ACONDICIONADO 5000 FRIGORIAS R410
INSTALACION 1 TERMICA 16 A";;;;;;;;;;;;;;;;;;
3/12/2025;;AGUSTIN SILVA;;;CORDOBA-ARIAS;"MANO DE OBRA
A.A 3.3 KW PHLICO  MODELO PHS32HA4BNE 
-REPARACION Y CARGA DEREFRIGERANTE  R410A
-REMPLAZO DE MANGUERA DE DESAGOTE 
A.A CONQUEROR 5 KW MODELO CEHT6Q18005
-INSTALACION
-CARGA DEREFRIGERANTE R22
ENTRADA: 09:00
SALIDA: 19:40";;;;;;;;;;;;;;;;;;
3/12/2025;;COLON SUC SANTA ROSA;;;PAEZ;"-REVISION 2 A.A ELECTRA DE 3000 Y HIUNDAY  3000 AMBOS NO ENFRIAN POR QUE ESTAN SUCIOS
-CONEXION 8 BOX A TOMAS ESTABILIZADOS 
-CPU
-MONITORES
-POSNET
-IMPRESORAS
ENTRADA:15:30
SALIDA:16:30";;;;;;;;;;;;;;;;;;
4/12/2025;;FERNANDO CARRIZO;;;DIAZ-CASAS;"MANO DE OBRA:
REPARACION DE FUGA Y CARGA DE GAS 1.030GR R410AEN A.A SPLIT 3000 FRIGORIAS (PIEZA DEL FONDO)
ENTRADA: 09:30
SALIDA: 15:07";;;;;;;;;;;;;;;;;;
4/12/2025;;COLON SUC SANTA ROSA;;;DIAZ-CASAS;"MANO DE OBRA:
LIMPIEZA DE 3 A.A PISO TECHO FILTROS (DEL SALON)
LIMPIEZA 2 A.A SPLIT SIN DESINTALACION EN SECO 3500 FRIGORIAS
FIJACION 3 A.A U/EXTERIOR
ENTRADA: 11:12
SALIDA: 13:08";;;;;;;;;;;;;;;;;;
4/12/2025;;VERGARA ROIG;;;CASAS-ARIAS;"MANO DE OBRA: 
CABLEADO 10M EN LA VERJA DEL MEDIO (9 BOCAS)
ENTRADA: 16:19
SALIDA: 18:09";;;;;;;;;;;;;;;;;;
4/12/2025;;VERGARA ROIG;;;CORDOBA-DIAZ;"MANO DE OBRA.
MODIFICACION DE ALTURA DE 1 CAJA 10*10 ALIMENTACION DE MOTRO DE PORTON
COLOCACAION 1 TERMICA 1X10A EN TABLERO PRINCIPAL 
COLOCACION 2 APLIQUE DIRECCION + BIPIN 
TAPAMOS 1 SANJA SUBTERRANEO (4M)
COLOCACION 6 PLAFON LED 24W LUZ FRIA
ENTRADA: 09:16
SALIDA: 18:10";;;;;;;;;;;;;;;;;;
5/12/2025;;AGUSTIN HERRERA;;;CASAS-ARIAS;"MANO DE OBRA:
REMPLAZO 1 CAJA TERMICA (EMPOTRADA)
REINSTALCION 1 TERMICA DE 63A (REMPLAZO)
REMPLAZO 1 TERMICAS DE 10A
REUBICACION 2 TERMICA DE 20A (CLIENTE)
REUBICACION DE 4MTS DE CABLE 10MM DE MEDIDOR A LAS TERMICAS
NOTA: TABLERO DE LA COCINA CON TERMICA DE 32A Y CABLE DE 2,5MM LE EXPLIQUE AL PADRE DE LEON QUE TIENE CONOCIMIENTO EN ELECTRICIDAD Y ENTIENDE QUE ESOS ESTABA MAL ARMADO, LE REACOMODAMOS TERMICAS (TERMOTANQUE Y FREIDORAS) LE CAMBIAMOS LAS DE 32A POR LAS DE 20A Y REMPLAZO DE UNA DE 20A POR UNA DE 10A PARA EXTRACTOR.
MEDIMOS CONSUMO DE AMPERAJE EN PILAR DE LUZ CON TODO EN FUNCIONAMIENTO Y LAS FASES ESTAN EQUILIBRADAS EN 43; 38;40A CON 200V/180V EN ENTRADA. ""LEANDRO CASAS""
ENTRADA:09:08
SALIDA:13:00";;;;;;;;;;;;;;;;;;
5/12/2025;;ESTUDIO QUIJANO;;;CASAS-ARIAS;"MANO DE OBRA
-LIMPIEZA 1 A.A SPLIT SURREY 300 EN SECOOFICINA DE FRNACO
LIMPIEZA A.A SPLIT WHIRPOOL 3000 FRIGORIAS OFICINA DE MARTIN IUNIQUEN)
ENTRADA:13:30
SALIDA:15:00";;;;;;;;;;;;;;;;;;
5/12/2025;;COLON SUC CORONEL MONTES;;;CASAS-ARIAS;"MANO DE OBRA:
DESINTALACION 1 A.A PISO TECHO 18000 FRIGORIAS UNIDAD INTERIOR (ENTRADA)
ENTRADA:15:38
SALIDA:16:40
LIMPIEZA EN TALLER A.A PISO TECHO UNIDAD INTERIOR 17:00 A 19:48HS";;;;;;;;;;;;;;;;;;
5/12/2025;;LINDA COBRESI - CHAMICAL (BONAFIDE);;;ARIAS-PAEZ-DIAZ-CORDOBA;"MANO DE OBRA: 
1) A.A 1: A.A SIGMA 3.22 KW MODELO 56532H17NT:
DESINTALACION, SERVICE COMPLETO Y REISNTALACION EN OTRO DOMICILIO.TAMBIEN COLOCAMOS DESAGOTE CON CAÑO PVC. COLOCACION DE TOMA DE EMBUTIR DE 20A.
2) A.A 2: A.A ALASKA 3.300KW MODELO A5E33WCL
-SERVICE COMPLETO REPARACION BANDEJA DEDESAGOTE E INSTALACION (COLOCACION DEDESAGOTE CON CAÑO PVC)
ARMAMOS 1 BOCA PVC + CABLEAMOS PARA ALIMENTACION. COLOCACION DE TOMA DE EMBUTIR DE 20A
COLOCACION 2 EN TABLERO SECCIONAL COLOCAMOS 2 TERMICAS DE 2X20A
3) A.A 3 A.A LG 38000 BTU MODELO UV-H368KLA0:
REPARACION DE PERDIDA, SERVICE DE U.I Y CARGA DE REFRIGERANTE R410A. ALARGAMOS DESAGOTE CON MANGUERA DE CRISTAL
-REMPLAZO DE 2 CAPCITORES DE FORZADOR DE U.E
4) REVISION A.A BGH EN DORMITORIO MODELO B5E 30CI: NO FUNCIONA MOTOCOMPRESOR
5) A.A LIVING LG 24000 BTU MODELO 15H2463MM
COMPRESOR SE VA TIERRA.
ENTRADA:09:00
SALIDA: 22:00";;;;;;;;;;;;;;;;;;
6/12/2025;;COLON (SUC CORONEL MONTES);;;DIAZ-CORDOBA;"MANO DE OBRA
TRABAJO EN A.A CARDIFF 60000 BTU MODELO TCPT4 IN-60H
-COLOCACION U.I
-CONTROL DE FORZADORES DE U.I (REVISION DE CAPACITORES (DE 3.5 Y DABA 3.48 Y 3.42) Y CONTROL DE BOBINAS DE FORZADORES (LOS 2 DABAN DABAN VALORES SIMILARES)
LOS 2 FORZADORES GIRAN LIVIANOS AL MOVERLOS.
NOTA: REALIZAR UN SEGUIMIENTO DE FORZADOR QUE ESTUVO GIRANDO DESPACIO AL PRINCIPIO Y LUEGO ANDUVO BIEN.
ENTRADA: 10:30
SALIDA: 14:00";;;;;;;;;;;;;;;;;;
6/12/2025;;AGUSTIN SILVA (DEPARTAMENTO);;;ARIAS-PAEZ-CORODBA;"MANO DE OBRA: A.A CONQUEROS MODELO CEHT6601805 5.3KW
-LIMAMOS EJE DE FORZADOR DE U.I
ENTRADA: 15:00
SALIDA: 17:30";;;;;;;;;;;;;;;;;;
;;;;;;;;;;;;;;;;;;;;;;;;
8/12/2025;;ESCUELA DE GASTRONOMIA;;;DIAZ-CASAS;"MANO DE OBRA:
ANULACION 1 TERMICA DE 10A  2DO TABLLERO LUZ EXTERIOR (TERMICA MOJADA)
ENTRADA: 08:55
SALIDA: 09:42";;;;;;;;;;;;;;;;;;
8/12/2025;;MARIANO PONCE;;;DIAZ-CASAS;"MANO DE OBRA: 
-REMPLAZO 2 CAPACITORES DE A.A SPLIT 3000 FRIGORIAS (A LADO DEL BAÑO)  FAN U/I Y U/E
-LIMPIEZA EN SECO Y LIMPIEZA DE FILTROS
-AISLACION 1 CAÑERIA DE INTERCONEXION CON CINTA DE PVC 
-DETECCION DE FUGA DE CARGA DE GAS DE A.A SPLIT 3000 FRIGORIAS R410 700G
-AISLACION DE 1 CAÑERIA CON CINTA PVC
-DETECCION DE FUGA 1 CARGA DE GAS R410 A.A SPLIT 5000 FRIGORIAS 1300KG
-AISLACION DE 1 CAÑERIA CON CINTA DE PVC
ENTRADA: 09:40
SALIDA:14:29";;;;;;;;;;;;;;;;;;
8/12/2025;;VERGARA ROIG;;;DIAZ-CORDOBA-CASAS;"MANO DE OBRA:
-COLOCACION 6 PLAFONES LED DE 24W DE EMBUTIR LUZ FRIA EN BAÑO DE HOMBRE.
ENTRADA: 16:10
SALIDA: 17:50";;;;;;;;;;;;;;;;;;
9/12/2025;;ESCUELA DE GASTRONOMIA;;;DIAZ-CASAS;"MANO DE OBRA:
REMPLAZO 1 TERMICA DE 2X10 AMPS, DE LUZ EXTERIOR DE LA PARTE NUEVA
ENTRADA: 08:28
SALIDA:08:40";;;;;;;;;;;;;;;;;;
9/12/2025;;MORALES SEBASTIAN(LILIANA);;;DIAZ-CASAS;"MANO DE OBRA:
REPARACION 1 PERDIDA DE GAS R410 (A.A SPLIT HISENSE 3000 FRIGORIAS)
NOTA: HICIMOS LAS 4 VIROLAS NUEVAS PRESURIZAMOS 250 PSI, HICIMOS VACIO, COMPLETAMOS LA CARGA DE REFRIGERANTE R410 (620KG)
ENTRADA: 09:26
SALIDA: 11:00";;;;;;;;;;;;;;;;;;
9/12/2025;;TATIANA OCHOA;;;DIAZ-CASAS;"MANO DE OBRA:
PICAMOS Y AMURAMOS 2 CAJAS DE 5X10 DE CHAPACON CAÑO CORRUGAOD DE 7/8
ENTRADA: 12:37
SALIDA:14:50";;;;;;;;;;;;;;;;;;
9/12/2025;;DIAZ CARBEL JORGE;;;DIAZ-CASAS;"MANO DE OBRA:
REPARACION 1 CONECCION DE FOTOCELULA
REPARACION 2 DICROICASW CAIDAS.
ENTRADA: 16:23
SALIDA: 17:45";;;;;;;;;;;;;;;;;;
9/12/2025;;COLON (SUC ORTIZ DE OCAMPO);;;CORDOBA;MANO DE OBRA: REPARACION DE CARTEL EN EL TALLER.;;;;;;;;;;;;;;;;;;
10/12/2025;;COLON (SUC ORTIZ DE OCAMPO);;;DIAZ-CASAS;"MANO DE OBRA:
REMPLAZO 42 FOCOS LED
REMPLAZO 4 RESITENCIA 
COLOCACION 1 ARTEFACTO LUMINOSO EN ALTURA
REMPLAZO1 FUENTE DE 25A 
REMPLAZO 1 CABLE TPR 3X2,5
ENTRADA: 08:20
SALIDA:15:52";;;;;;;;;;;;;;;;;;
10/12/2025;;COLON (SUC CORONEL MONTES);;;DIAZ-CASAS;"MANO DE OBRA: 
-CONTROL 1 A.A PISO TECHO ENTRADA
-CONTROLAMOS QUE QUEDE FUNCIONANDO BIEN Y NO TENGA FALLAS
ENTRADA:16:00
SALIDA:16:30";;;;;;;;;;;;;;;;;;
10/12/2025;;VERGARA ROIG;;;CORDOBA-ARIAS;"MANO DE OBRA:
-COLOCACION 3 REFLECTORES DE 10M EN VERJA DEL FRENTE
-COLOCACION 19 TAPAS CIEGAS DE CHAPA VERJA DEL FRENTE PARA LATERALES DE PILETA.
-PICAMOS 1 BOCA BAJO GRUTA (SON 1/4 DE BOCA)
AMURAMOS 1 BOCA BAJO GRUTA (SON 1/4 DE BOCA)
REPARACION 1 CAÑO CORRUGADO DE 1 1/4 EN DPTO DEL FONDO
ENTRADA: 11:30
SALIDA: 15:00";;;;;;;;;;;;;;;;;;
10/12/2025;;NICOLAS GALLO;;;CORDOBA-DIAZ-ARIAS;"MANO DE OBRA:
TRABAJO 1 A.A BGH 3430W MODELO BSE35WCCR
-CONTROL DE PERDIA
-CARGA DE GAS R410A
ENTRADA: 16:00
SALIDA:18:40";;;;;;;;;;;;;;;;;;
11/12/2025;;NICO ALANIZ (KIOSCO);;;CORDOBA-DIAZ-ARIAS;"MANO DE OBRA: 
REMPLAZO 1 PERDIDA DE CORRIENTE SALTABA EL DISYUNTOR ENRA 2 REFLECTORES DE LA PARTE EXTERIOR DEL KIOSCO.
ENTRADA: 08:45
SALIDA: 10:30";;;;;;;;;;;;;;;;;;
11/12/2025;;VERGARA ROIG;;;CORDOBA-DIAZ-ARIAS;"CABLEAMOS 12 BOCAS EN LOZA DE DONDE VA AL ANGEL.
PASAMOS 2 RETRONOS (1.5MM-UN NEUTRO(2,5MM)-TIERRA(2,5MM)
ENTRADA: 11:00
SALIDA: 14:00";;;;;;;;;;;;;;;;;;
11/12/2025;;VERGARA ROIG;;;DIAZ-CASAS;"MANO DE OBRA:
-CAMBIO DE LINEAS 5 ARTEFACTO PAREDON DEL FRENTE
-CABADO DE 3M DE LA CAMARA HASTA LA GRUTA
-PASES 4 EN LA GRUTA PARA ILUMINAR EL ANGEL
ENTRADA: 12:30
SALIDA: 18:00";;;;;;;;;;;;;;;;;;
11/12/2025;;ALAMO MAGDALENA;;;CASAS;"MANO DE OBRA:
REPARACION DE LUZ DE EMERGENCIA Y COLOCACION DE FICHA MACHO EN BOMBA Y CORTADORA DE CESPED";;;;;;;;;;;;;;;;;;
11/12/2025;;MAIDANA VICTOR;;;CORDOBA-CASAS;"CONTROL 1 PLAQUETA CAPACITORES UNIDAD EXTERIOR: REPARACION DE RELAY DE PLAQUETA DE UNIDAD INTERIOR A.A FEDERS
FALLO DE RELAY (SE RETIRA LA PLACA UNIVERSAL)
NOTA: REPARADO EN TALLER SE VOLVIO A COLOCAR Y QUEDO EN FUNCIONAMIENTO
EQUIPO QUE NO HABIAMOS REALIZADO NINGUN MANTENIMIENTO
ENTRADA: 15:15 A 16:00
ENTRADA: 17:00 A 18:00";;;;;;;;;;;;;;;;;;
12/12/2025;;ANDRADA ALEJANDRA (CONTADORA);;;DIAZ-ARIAS;"MANO DE OBRA:
- COLOCACION DE 1 ARTEFACTO DE 18W PARA APLICAR REDONDO LUZ FRIA EN ENTRADA
- REGULACION DE FOTOCELULA
- DESARMADO DE 1 A.A UNIDAD INTERIOR (RETIRO DE TURBINA)
- CONTROL CAPACITOR Y PRESION
- CAMBIO 1 TURBINA Y BUJE
- LIMPIEZA DE DESAGUES
ENTRADA:09:00
SALIDA 12:25 - 14:00";;;;;;;;;;;;;;;;;;
12/12/2025;;TATIANA OCHOA;;;DIAZ-ARIAS;"MANO DE OBRA:
-CAMBIO 2 LLAVES 1 PUNTO EN HABITACION Y 1 PUNTO Y TOMA EN BAÑO DE PILETA
-COLOCACION 2 ARTEFACTOS LUMINARIA VIDRIADO EN BAÑO Y LUMINARIA DE AR11 EN HABITACION
REMPLAZO 2 DICROICAS EN PASILLO
ENTRADA: 15:10
SALIDA: 17:00";;;;;;;;;;;;;;;;;;
12/12/2025;;NICO ALANIZ KIOSCO;;;DIAZ-ARIAS;"MANO DE OBRA REMPLAZO 2 REFLECTORES DE 100W EN ALTURA 
ENTRADA: 17:15
SALIDA: 17:45";;;;;;;;;;;;;;;;;;
12/12/2025;;VERGARA ROIG;;;CORODBA-CASAS;"MANO DE OBRA: 
-COLOCACION 15 BOCAS (1/4) ARMADAS: 9 TOMAS DOBLES, 2 TOMAS SIMPLES, 1 LLAVE DE 2 PUNTOS, 1 LLAVE DE 5 PUNTOS, 1 TOMA Y PUNTO DE COMBINACION, 1 TOMA Y PUNTO SIMPLE
PICAMOS 4 BOCAS (1/4) EN GRUTA. TODO EN EL DPTO
AMURAMOS 4 BOCAS (1/$) EN GRUTA 
TAPAMOS 1 BOCA (1/4) SUBTERRANEO PARA ALIMENTAR LA GRUTA. SON 3M
ENTRADA:08:49
SALIDA:17:55";;;;;;;;;;;;;;;;;;
;;;;;;;;;;;;;;;;;;;;;;;;
15/12/2025;;ARIEL SCHMIRA;;;CASAS-ARIAS-CORDOBA;"MANO DE OBRA:
SOLUCION DE PROBLEMA ELECTRICO (SALTABA EL DISYUNTOR
REMPLAZO DE TERMICA 1X20A POR 1X16A (CABLE DEL 2.5MM TENIA
REVISAMOS 7 BOCAS PARA ENCONTRAR EL PROBLEMA
ENTRADA: 08:45
SALIDA: 10:45";;;;;;;;;;;;;;;;;;
15/12/2025;;FABIAN LUNA (PELUQUERIA);;;CORDOBA-CASAS;"MANO DE OBRA:
TRABAJO EN BOMBA PERIFERICA KUSHIRO LOTE 2022207059: REMPLAZO DE 2 FLOTANTES ELECTRICOS (CISTERNA Y TANQUE)
ENTRADA: 11:10
SALIDA: 13:00";;;;;;;;;;;;;;;;;;
15/12/2025;;VERGARA ROIG;;;DIAZ-ARIAS;"MANO DE OBRA:
CABLEADO DE 27 MTS DE CABLE SUBTERRANEO 4X1.5
FIJADO 2 CAJAS DE 10X15 EN ESCALERA
EMBUTIDO 1 CAÑO ALIMENTACION EN ESCALERA
DESINTALACION 3 LISTONES DE LUMINARIA EN PERGOLA
CONTROL 1 BOMBA EN SISTEMA (FLOTANTES, CAPACITOR)
NOTA: EL FLOTANTE DE LOS SISTEMA NO TERMINO DE CERRAR ESO CAUSA LA CONSTANTE ACTIVACION DE LA BOMBA.
(VER CAMARA DE INSPECCION UBICADO AL COSTADO DEL PASILLO DE ENTRADA QUE SE FILTRO Y PASA EL AGUA) PEDIDO POR (CLAUDIO EL PLOMERO, SI HAY QUE CAVAR QUE DEPOSITEN LA TIERRA SOBRE EL PASILLO PARA NO TAPAR EL CESPED.
ENTRADA: 12:20
SALIDA:17:45";;;;;;;;;;;;;;;;;;
15/12/2025;;CESAR AVILA (PATA);;;CORDABA-CASAS;"MANO DE OBRA:
-REVISION 1 A.A SPLIT 6000 FRIGORIAS (COMEDOR)
-DESINTALACION 1 A.A SPLIT 6000 FRIGORIAS (COMEDOR)
-REVISION EN TALLER
ENTRADA: 13:42
SALIDA: 15:30";;;;;;;;;;;;;;;;;;
15/12/2025;;ELECTROFRIO;;;CORDOBA-CASAS;"TRABAJO: EN A.A ELECTRA DE 8500W MODELO WN6 
-REMPLAZO DE CAPACITOR DE MC DE 60UF
-REMPLAZO DE CAPACITOR DE FORZADOR DE U.E DE 5UF
OCUMAPMOS 1 CAPACITOR DE 60UF +6 (DE LIDER ), 1 CAPACITOR DE 5UF DEL TALLER, 1 TERMINAL HEMBRA.
ENTRADA: 17:30
SALIDA: 18:04";;;;;;;;;;;;;;;;;;
16/12/2025;;KARAM RAUL;;;CORDOBA-CASAS;"MANO DE OBRA:
-REMPLAZO 3 ARTEFACTO DE COLGAR EN GALERIA FRENTE DE PILETA
-REMPLAZO 2 ARTEFACTO DE COLGAR EN GALERIA DEL COSTADO
-REGULACION DE ALTURA DE 3 ARTEFACTOS EN GALERIA ( 16:32-17:03 )
ENTRADA: 09:11
SALIDA: 12:25";;;;;;;;;;;;;;;;;;
16/12/2025;;ALICIA MOYANO;;;CORDOBA-CASAS;"MANO DE OBRA:
A.A HITACHI 6300W MODELO HSB-6300F DESINTALACION Y MANTENIMIENTO REMPLAZO DE CAPACITOR 4UF U/E FORZADOR (LIDER)
NOTA: FALTA INSTALAR Y VER HELADERA COMERCIAL VERTICAL.
ENTRADA: 12:40
SALIDA: 18:00";;;;;;;;;;;;;;;;;;
16/12/2025;;VERGARA ROIG;;;ARIAS-DIAZ;"MANO DE OBRA:
-CONEXION  PASES PARA BOCAS EN ESCALERA (PASE-AMURADO DE CORRUGADO)
-RECAMBIO 4 BOCAS 10*10
-CABLEADO 4 BOCAS
REVISION 1 CAMARA CAVADO DE CANALETAS PARA DESAGUE PARA EVITAR INUNDACION DECAMARA.
ENTRADA: 09:00
SALIDA: 17:45";;;;;;;;;;;;;;;;;;
17/12/2025;;MAURICIO SANCHEZ;;;CORDOBA-DIAZ;"MANO DE OBRA: 
REVISION 1 FALLA APARENTE EN ZONA DE COCHERA, CONTROLAMOS FUNCIONAMIENTO DE TERMICA Y REVISION DE LAMAPRA. LA TERMICA ESTABA BAJA, LA SUBIMOS Y ESTA ANDANDO.
NOTA SE RECOMIENDA REVISION DE TABLERO PARA SEPARAR LINEAS AGREGAR DISYUNTOR Y CONTROLAS SU CORRECTO FUNCIONAMIENTO.
ENTRADA:08:55
SALIDA:09:55";;;;;;;;;;;;;;;;;;
17/12/2025;;VERGARA ROIG;;;CORDOBA-DIAZ;"MANO DE OBRA:
-CABLEAMOS 2 BOCAS (1/4) EN CENEFA FRENTE DE LA PERGOLA DEL QUINCHO.
-VOLVIMOS A COLOCAR LAS TERMICAS QEU FALTABAN
COLOCAMOS 1 CAJA DE 10*10 DE CHAPA Y OCUPAMOS LAS CUPLAS PARA CONECTAR CAÑOS CORRUGADO. TUVIMSO QUE CORTAR CABLES Y VOLVER A CONECTARLOS.
FALTA EN LA OBRA:
6 LISTONES PARA LA PERGOLA + TRANSFORMADOR. 
SON 18 PELDAÑOS EN 12 ESCALERA, CADA UNO DE 127CM PARA DEFINIR LA ULIMINACION. SE NECESITA 50M APROXIMADAMENTE DE CABLE PARALELO.
ENTRADA: 10:10
SALIDA: 15:40";;;;;;;;;;;;;;;;;;
17/12/2025;;KARAM AUTOMOTORES;;;CORDOBA-DIAZ;"MANO DE OBRA:
CABLEAMOS POR CIELO RASO APROXIMADAMENTE 18M DE CABLE UTP FUERA DEL RACK (EN EL MODEM EN LA OFICINA DE SISTEMA) HASTA LA PC DE LA OFICINA DE RAUL
ENTRADA: 16:00
SALIDA:17:40";;;;;;;;;;;;;;;;;;
17/12/2025;;ALICIA MOYANO;;;CASAS-ARIAS;"MANO DE OBRA:
INSTALACION 1 A.A SPLIT 6000 FRIGORIAS (LADO DEL BAÑO)
REVISION 1 HELADERA VERTICAL (CAMBIAR EL FORZADOR)
ENTRADA: 08:53
SALIDA:12:32";;;;;;;;;;;;;;;;;;
17/12/2025;;SOSA JUAN;;;CASAS-ARIAS;"MANO DE OBRA:
INSTALACION 1 A.A SPLIT DE 3000 FRIGORIAS EN HABITACION BGH  (HABITACION PRINCIPAL)
ENTRADA: 14:17
SALIDA: 17:05";;;;;;;;;;;;;;;;;;
17/12/2025;;EMILIANO PAEZ;;;CASAS-ARIAS;"MANO DE OBRA:
INSTALACION 1 A.A DE VENTANA
ENTRADA: 17:43
SALIDA: 17:53";;;;;;;;;;;;;;;;;;
18/12/2025;;VERGARA ROIG;;;CORDOBA-ARIAS;"MANO DE OBRA:
COLOCACION 8 REFLECTORES DE 10W LUZ CALIDA EN PAREDON FRNETE DE LA PARTE DE ADENTRO
CABLEAMOS 4 BOCAS (1/4) EN LA GRUTA, LA QUE ALUMBRAN LA IMAGEN
ENTRADA: 09:50
SALIDA: 13:10";;;;;;;;;;;;;;;;;;
18/12/2025;;FERNANDEZ PUGLIESE;;;DIAZ-CASAS;"MANO DE OBRA:
ENCAMISADO TAPAMOS 2 SUNCHOS DE AIRES ACONDICIONADOS
ENTRADA: 11:30
SALIDA:18:30";;;;;;;;;;;;;;;;;;
18/12/2025;;SILVIA BAZAN;;;ARIAS IGNACIO;REVISION Y PRESUPUESTO DE PORTERO ELECTRICO CON WIFI;;;;;;;;;;;;;;;;;;
18/12/2025;;ANA TOURNIER;;;CORDOBA-ARIAS;"MANO DE OBRA: 
TRABAJO EN 1 AA.A SURREY 3.6KW MODELO 610ACQ12087 (UBICADO EN LA PIEZA DEL HIJO)
-SERVICE SIN DESINTALACION DE LA U.I
-REMPLAZO DE CAPCITOR DE2.5UF DE FORZADOR DE U.E TRABAJO EN 1 A.A HITACHI 3.49 MODELO HS3000FC HIEF UBICADO EN EL EL CAMBIADOR DE ANA
-REMPLAZO DE CAPACITOR DE 30UF DE MC DE U.E
-REMPLAZO DE CAPACITOR DE 2.5UF DE FORZADOR DE U.E
ENTRADA: 15:20
SALIDA:18:20";;;;;;;;;;;;;;;;;;
19/12/2025;;SILVIA BAZAN;;;CASAS;"MANO DE OBRA: 
REPARACION DE VELADORCAMBIO DE LAMPARAS Y REPARACION PANEL SOLAR";;;;;;;;;;;;;;;;;;
19/12/2025;;ELIZABETH VANNI;;;DIAZ-CASAS;"REMPLAZO 1 CAPACITOR 25UF (LIDER)
REMPLAZO 1 PROTECTOR TERMICO(LIDER
ENTRADA:09:34
SALIDA:11:40";;;;;;;;;;;;;;;;;;
19/12/2025;;FEDERICO OCAMPO;;;DIAZ-CASAS;anulacion de farola del fondo;;;;;;;;;;;;;;;;;;
19/12/2025;;ANA TOURNIER;;;TODOS;"MANO DE OBRA:
TRABAJO EN 1 A.A SURREY CAPACIDAD 6.4KW MODELO 619AEQ2201F
-SERVICE SIN DESINTALACION DE UNIDAD EXTERIOR
-CARGA DE GAS R22:1.900KG(QUINCHO)
TRABAJO EN A.A LG 3024 KCAL/H MODELO US H126EFTO 
-SERVICE S/DESINTALACION COMPLETO (DORMITORIO PRINCIPAL)
TRABAJO EN A.A SURREY -CAPACIDAD 3.6KW MODELO 619AEQ1208F
-SERVICE S/DESINTALACION DE UNIDAD EXTERIOR (HABITACION DEL HIJO)
ENTRADA:11:30
SALIDA:16:36";;;;;;;;;;;;;;;;;;
19/12/2025;;CESAR AVILA (PATA);;;TODOS;REVISION DE PERDIDA;;;;;;;;;;;;;;;;;;
20/12/2025;;COLON (DEPOSITO);;;DIAZ-CORDOBA;"MANO DE OBRA:
DESINTALACION 1 DE TOMACORRIENTE PARA CARGAR ZAMPING
ENTRADA: 09:25
SALIDA:09:40";;;;;;;;;;;;;;;;;;
20/12/2025;;VICTOR GALLO;;;DIAZ-CORDOBA;"MANO DE OBRA:
-REMPLAZO 1 REFLECTOR DE 50W DEL CLIENTE EN PRIMER PISO
-REMPLAZO DE FOTOCELULA EN LAMPARA FRENTE DE PILETA";;;;;;;;;;;;;;;;;;
20/12/2025;;MORALITO;;;DIAZ-CORDOBA;REMPLAZO DE CAPACITOR DE 65UF DE U.E DE A.A DE SU PIEZA;;;;;;;;;;;;;;;;;;
;;;;;;;;;;;;;;;;;;;;;;;;
22/12/2025;;CELESTE TORRES;;;DIAZ-CORDOBA;"MANO DE OBRA EN A.A DIPLOMATIC 3500W MODELO 387DH30820 DEL COMEDOR
-SERVICE COMOLETO CON DESINTALACION
-REMPLAZO DE AISLANTES
-CARGA DE GAS R410A
ENTRADA: 11:00
SALIDA:13:35";;;;;;;;;;;;;;;;;;
22/12/2025;;NICOLAS GALLO;;;DIAZ-CORDOBA;"MANO DE OBRA:
COLOCACION 10 ARTEFACTOS DE APLICAR MULTIDIRECCIONAL ALREDEDOR DE LA PILETA
ENTRADA: 14:40
SALIDA:17:50";;;;;;;;;;;;;;;;;;
22/12/2025;;MEDIALUNAS CALENTITAS;;;DIAZ-CORDOBA;"REVISION 1 BOMBA DE CONDENSACION POR MOMENTO FALLA Y POR MOMENTO SE DEBERIA CAMBIAR. SE HABLO CON LOS VENDEDORES PARA VERLO POR LA MAÑANA.
ENTRADA:17:55
SALIDA:18:10";;;;;;;;;;;;;;;;;;
22/12/2025;;FABRICIO ALBORNOZ;;;CASAS-ARIAS;"MANO DE OBRA:
-REMPLAZO 51 M DE CABLEADO VIEJO DE DEPARTAMENTO FABRICIO
ARMADO DE TABLERO COLOQUE UNA TERMICA (20A) PARA SU DEPARTAMENTO Y ACOMODE LA TERMICA DE A.A (20a)
CABLEADO 18MTS 3 COLORES  DE DEPARTAMENTO DE LA HERMANA (FONDO) DESDE EL TABLERO HASTA SU DPTO  (FALTA CABLEAR LA TIERRA PARA LOS TOMAS CORRIENTES)
CABLEADO 15MTS POR3 COLORES PARA EL DPTO DEL PADRE DESDE EL TABLERO  HASTA SU DPTO (FALTA CAMBIAR  EL CABLEADO VIEJO DEL DPTO)
-REMPLAZO Y ARMADO DE TABLERO GENERAL:1 CAJA DE PAVC 8 A 12 BOCAS CON DIFERENCIAL 3 TERMICAS DE 20A Y 1 GENERAL DE 32A (DIVICION DE LINEAS PARA CADA DPTO Y UNA TERMICA PARA EL AA.A DEL PADRE.
ENTRADA: 09:30
SALIDA:19:58";;;;;;;;;;;;;;;;;;
23/12/2025;;KARAM RAUL;;;DIAZ-CORDOBA;"MANO DE OBRA:
-REVISION 4 FAROLAS PORQUE TENIAN TUBOS FLUORSCENTES ANTIGUOS CON BALASTRO ELECTRONICO, HABIAN TUBOS QUE NO ANDABAN EN EL PATIO 
-REMPLAZO 3 TUBOS ANTIGUOS POR TUBOS LED. EN FAROLAS DEL PATIO 
-REMPLAZO 1 RELOJ DIGITAL EN QUINCHO, QUE PRENDIA LUCES PERMANENTES DEL QUINCHO
-REMPLAZO 1 RELOJ DIGITAL EN DEPOSITO AL LADO DE COCHERA 
-RECONEXION 2 BIPINES EN PORTON DE ENTRADA
-REMPLAZO 1 LAMPARA 12W LUZ CALIDA EN ENTRADA DE QUINCHO 
-REMPLAZO 2 LAMPARA DE 12W COSTADO IZQUIERDO DE LA CASA
-REMPLAZO 1 FUENTE DE 10A POR 2 FUENTES EN PARALELO DE 5A C/U
ENTRADA: 08:55
SALIDA: 15:33";;;;;;;;;;;;;;;;;;
23/12/2025;;NICOLAS GALLO;;;DIAZ-CORDOBA;"MANO DE OBRA:
-COLOCACION 3 ARTEFACTOS DE APLICAR BAEL. TRABAJO EN ALTURA
ENTRADA: 15:50
SALIDA:18:10";;;;;;;;;;;;;;;;;;
23/12/2025;;FABRICIO ALBORNOZ;;;CASAS-ARIAS;"MANO DE OBRA:
-CABLEADO 5M DESDE LA PIEZA AL BAÑO (FABRICIO)
-CABLEADO 4M DE BOCA EN EL CENTRO DE LA COCINA AL CENTRO DEL BAÑO (3 COLORES) DEL PADRE
-CABLEADO 3M DE BOCA LATERAL DEL BAÑO A TOMA EN LA COCINA VERDE/AMARILLOO (TIERRA DEL PADRE
-CABLEADO 6 BOCAS C/ CABLE VERDE AMARILLO EN OFICINA DEL PADRE
-CABLEADO 2 M EN PIEZA DE FABRI DE BOCA CENTRAL A BOCA LA TERAL DE CABLE 3 COLORES
-PICADO 5,50 FIJADO DE CORRUGADO - LADO DEL PADRE 
-COLOCACION 2 CAJAS 7X7 OCTOGONAL
-CABLEADO 19M DEL CENTRO DEL BAÑO DEL PADRE HASTA LA OFICINA 
-INSTALACION 1 ARTEFACTO - TUBO LED EN COCINA DEL PADRE
-REMPLAZO 1 ARTEFACTO A PORTA LAMPARA EN OFICINA DEL PADRE 
-REMPLAZO 1 TOMA DOBLE EN COCINA DEL PADRE
-INSTALACION 1 LLAVE DE UN PUNTO  EN COCINA DEL PADRE.
ENTRADA: 08:45
SALIDA: 21:20";;;;;;;;;;;;;;;;;;
24/12/2025;;FABRICIO ALBORNOZ;;;CASAS-ARIAS;"MANO DE OBRA:
-INSTALACION 1 TUBO LED EN LA PIEZA DE FABRICIO
-CANALIZACION 2M DEL CENTRO DE LA PIEZA HASTA EL CENTRO LATERAL
-CABLEADO 4M DEL CENTRO LATERAL HASTA EL PUNTO Y TOMA
-REMPLAZO 1 PUNTO Y TOMA EN EL BAÑO DE FABRICIO
-INSTALACION 1 MODULO EN LA COCINA DE FABRICIO
-INSTALACION 1 FICHA MACHO 10A
-CABLEADO 5.50 DEL CENTRO DE LA GALERIA HASTA ELPUNTO Y TOMA
-INSTALACION 3M CAÑO RIGIDO DE CHAPA CON 1 CURVA (PADRE)
ENTRADA: 09:10
SALIDA: 14:15";;;;;;;;;;;;;;;;;;
24/12/2025;;JORGE DIAZ CARBEL;;;DIAZ-CORDOBA;"MANO DE OBRA:
REMPLAZO 1 ARTEFACTO DE APLICAR CUADRADO 18W LUZ CALIDA EN GARAGE
REMPLAZO 1 DICROICA DE 6W LUZ CALIDA EN PATIO
COLOCACION 1 GANCHO PARA LEVANTAR ARTEFACTO DIRECCIONAL CAIDO DE PATIO
ENTRADA: 08:55
SALIDA:09:45";;;;;;;;;;;;;;;;;;
24/12/2025;;FEDERICO OCAMPO;;;DIAZ-CORDOBA;"REVISION DE FALLA DE DISYUNTOR, DESTAPAMOS 1 BOCA Y DEJO DE SALTAR
ENTRADA:09:55
SALIDA:10:39";;;;;;;;;;;;;;;;;;
24/12/2025;;NICOLAS GALLO;;;DIAZ-CORDOBA;"MANO DE OBRA:
-COLOCACION 4 REFLECTORES DE 150W + CABLEADO CON TPR 
-COLOCACION 1 LLAVE DE PUNTO + CAJA DE APLICAR + CONEXION 2 ALIMENTACION
COLOCACION DE 1 ARTEFACTO BAEL EN ALTURA.
ENTRADA 11:00 SALIDA 13:00
ENTRADA: 14:39 SALIDA: 15:47";;;;;;;;;;;;;;;;;;
24/12/2025;;KARAM RAUL;;;DIAZ-CORDOBA;"MANO DE OBRA: 
COLOCACION ESPUMA DE POLIURETANO A 3 ARTEFACTOS SOBRE COCHERA 
REVISION 2 RELOJ DIGITAL PARA CONTROLAR FUNCIONAMIENTO Y PROGRAMACION. EN QUINCHO Y DEPOSITO AL LADO DE LA COCHERA
REMPLAZO 1 PORTALAMPARA DE CERAMICO AL COSTADO DE LA GALERIA";;;;;;;;;;;;;;;;;;
25/12/2025;;FERIADO POR NAVIDAD;;;;;;;;;;;;;;;;;;;;;;
26/12/2025;;LEONARDO CASTILLO (LOCAL);;;DIAZ-CORDOBA;"MANO DE OBRA
INSTALACION 1 A.A MI IDEA 6.40KW MODELO MSA611-22H-01E EN ENTRADA DEL LOCAL
DESINTLACION DE 1 A.A DIPLOMATICA MODELO D15E30F1 EN PIEZA AL LADO DEL BAÑO
ENTRADA: 09:10
SALIDA:11:58";;;;;;;;;;;;;;;;;;
26/12/2025;;LEONARDO CASTILLO (CASA);;;DIAZ-CORDOBA-CALIVA;"MANO DE OBRA:
SERVICE COMPLETO EN EL TALLER DE A.A VENTANA
REMPLAZO DE PATAS DE GOMA DE COMPRESOR
ENTRADA 12:06
SALIDA:12:21
SERVICE EN TALLER
Y POSTERIOR RE INSTALACION";;;;;;;;;;;;;;;;;;
26/12/2025;;ELIZABETH VANNI;;;DIAZ-CORDOBA;"MANO DE OBRA: RECONEXION 1 CABLE DE PORTECTOR TERMICO, SE HABIA DERRETIDO UN POCO EL CABLE. QUEDO FUNCIONANDO. LUEGO LA CLIENTA MANDO UN WSP QUE EL EQUIPO DEJO DE FUNCIONAR!
ENTRADA:12:55
SALIDA:13:16";;;;;;;;;;;;;;;;;;
26/12/2025;;FERNANDO CARRIZO;;;DIAZ-CORDOBA;"MANO DE OBRA:
REVISION DE A,A PHLICO Y CARGA DE GAS (GARANTIA DE TRABAJO)";;;;;;;;;;;;;;;;;;
26/12/2025;;FEDE BARBOZA;;;CALIVA;"MANO DE OBRA:
PRESURIZACION CONTROL DE FUGA
REMPLAZO 3 PATA DE GOMA MOTRO COMPRESOR
REMPLAZO 1 INTERUPTOR SWING
REPARACION FUGA CON V PLATA
CARGA R 22 (550GR)";;;;;;;;;;;;;;;;;;
26/12/2025;;FABRICIO ALBORNOZ;;;CASAS-ARIAS-CORDOBA;"MANO DE OBRA:
-CANALIZACION Y CABLEADO  9M PICADO TAPADO DE 4 BOCAS CAJA LATERAL HASTA CAJA DEL SEGUNDO TOMA LATERAL 
-CABLEADO 13M DESDE CENTRO DE LA PIEZA CENTRO DEL ANTE BAÑO 
-CABLEADO TOMA DEL BAÑO
-CABLEADO 6M DEL CENTRO DE LA PIEZA HASTA EL A.A
INSTALACION 1 TOMA DE 20A PARA A.A
INSTALACION 1 PORTALAMPARA PARA PARED
ENTRADA: 09:04
SALIDA: 11:21";;;;;;;;;;;;;;;;;;
;;Semana 1: 29 diciembre 2025 hasta 3 enero 2026;;;;;;;;;;;;;;;;;;;;;;
29/12/2025;;CASTILLO LEONARDO;;;CASAS-ARIAS;"MANO DE OBRA:
REMPLAZO 1 PLACA UNIVERSAL PG
REMPLAZO 1 CAPACITOR 30UF U/E DEL MOTOR
REVISION QUE FUNCIONES EL COMPRESOR LO PORVAMOS DIRECTO POR UNOS SEGUNDOS PORQUE ESTA CON GAS (PRUEBA SOLO LA U/E)
LIMPIEZA COMPLETA A.A 3000 FRIGORIAS LAS DOS UNIDADES
REMPLAZO 1M DE MANGUERA DE CRISTAL
HORARIO DE 08:30 A 14:52";;;;;;;;;;;;;;;;;;
29/12/2025;;CESAR AVILA;;;CASAS-ARIAS;"MANO DE OBRA:
REPARACION 1 FUGA EN EVAPORADOR DE A.A
LIMPIEZA 1 UNIDAD INTERIOR DE A.A
REMPLAZO 1 AISLANTE DE 5/8
NOTA: PUSE UNA CANALETA DE PLASTICO HECHA CON UNA BOTELLA PARA LA PARTE EN DONDE ROMPI PARA SOLDAR (NO DOY GARANTIA QUE FUNCIONE AL 100%) (LISTO PARA INSTALARA) LLEVAR CAÑOS PARA ALARGAR
HORARIO: 12:18 A 17:15";;;;;;;;;;;;;;;;;;
29/12/2025;;GRASI GAS;;;CORDOBA-DIAZ;"MANO DE OBRA:
SOLUCION 1 PROBLEMA ELECTRICO: SALTABA EL DISYUNTOR EN LAMPARA DE PLANCHADA. ESTABA CORTADO EL CABLE DENTRO DEL ARTEFACTO DE LA LUMINARIA
REMPLAZO 1 LAMPARA, LA CUAL SALTABA EL DISYUNTOR
NOTA LA LAMPARA ERA DEL CLIENTE
HORARIO: 08:55 A 10:08";;;;;;;;;;;;;;;;;;
29/12/2025;;TATIANA OCHOA;;;CORDOBA-DIAZ;"MANO DE OBRA:
-CABLEAMOS 3 BOCA (1/4) EN OFICINA DE TATIANA
-ARMAMOS 3 TOMAS DOBLES (1/4) EN OFICINA DE TATIANA
-REMPLAZO 2 TOMAS DOBLES (1/4) EN OFCICINA DE TATIANA
-REMPLAZO 1 LLAVE PUNTO EN OFICINA
-COLOCACION 1 ARTEFACTO DE APLICAR DE 4 DICROICAS AR11 EN OFICINA
-COLOCACION 1 TAPA CIEGA DE 7X7 EN OFICINA DE TATIANA
-REMPLAZO 1 DICORICA DE 7W EN PASILLO DEL BAÑO
-REMPLAZO 1 DICROICA DE 7W EN HABITACION DE TATIANA
HORARIO: 10:45 A 12:30";;;;;;;;;;;;;;;;;;
29/12/2025;;EMILIA CANAVESI;;;CORDOBA-DIAZ;"MANO DE OBRA:
-TRABAJO 1 A.A CONQUEROS 3.5KW MODELO CQSC30FJ UBICADO EN LA PIEZA DE EMILIA
-REMPLAZO DE CAPACITOR DE FORZADOR DE U.E DE2,5UF
TRABAJO 1 A.A BGH 3.5KW MODELO B51E35WCGT UBICADO EN LA PIEZA DE LA HIJA
-CONTROL DE PERDIDA Y CARGA DE GAS R410A
HORARIO 13:10 A 15:40";;;;;;;;;;;;;;;;;;
29/12/2025;;ALICIA MOYANO;;;CORDOBA-DIAZ-ARIAS I;"REVISION DE FILTRACION DE DESAGUE DE A.A  (EL QUE NO HICIMOS SERVICE) HAY HUMEDAD ADENTRO DEL HUECO DEL SUNCHO. DEJAMOS LA MANGUERA DE CRISTAL POR DENTRO DEL LOCAL PARA REVISAR POSIBLES RAZAONES DE LA FILTRACION
HORARIO: 16:10 A 17:30";;;;;;;;;;;;;;;;;;
30/12/2025;;CESAR AVILA;;;CASAS-ARIAS;"MANO DE OBRA EN A.A 6000 FRIGORIAS EN COMEDOR
-INSTALACION CON EXTENSION 1.70 DE CAÑO DE 5/8 Y 3/8
EXTENSION DE AISLANCIONES 1.70 5/8 Y 3/8
EXTENSION DE 2MTS DE CABLE 5X1,5 (INTERCONEXION
CARGA DE REFRIGERANTE R410A 500GR
HORARIO DE TRABAJO: 09:27 A 12:39";;;;;;;;;;;;;;;;;;
30/12/2025;;ELIZABETH VANNI;;;CASAS-ARIAS;"REVISION 1 A.A PIEZA PUESTO EN FUNCIONAMIENTO:
SE ANULO EL PROTECTOR TERMICO PORQUE SE SULFATO LA FICHA. TAMBIEN SE LE EXPLICO QUE EL MOTOR DEL A.A YA NO TIENE RENDIMIENTO.
EL CLIENTE PIDE PRESUPUESTO DE EQUIPO NUEVO
HORARIO DE TRABAJO: 12:48 A 14:40";;;;;;;;;;;;;;;;;;
30/12/2025;;CARLA LUNA;;;CASAS-ARIAS;"MANO DE OBRA:
REMPLAZO DE 1 CAPACITOR DE A.A PISO TECHE SURREY EN COMEDOR.
HORARIO: 14:44 A 17:30";;;;;;;;;;;;;;;;;;
30/12/2025;;ALICIA MOYANO;;;CORDOBA-DIAZ;"REVISION 1 A.A PISOTECHO CON HUMEDAD AL COSTADO. RECONEXION EFECTIVA DE PALETAS!
HORARIO 8:00 A 9:00HS";;;;;;;;;;;;;;;;;;
30/12/2025;;FABIAN MOON;;;CORDOBA-DIAZ;"MANO DE OBRA:
-REMPLAZO 4 PLAFON DE EMBUTIR CUADRADO DE 18W LUZ FRIA EN ZONA CORTE DE  FABIAN
-REMPLAZO 1 DICROICA 7W LUZ FRIA EN ZONA CORTE FABIAN
-REMPLAZO 2 DICROICA 7W LUZ FRIA EN ZONA CORTE PELUQUERIA
REMPLAZO 3 DICROICA 7W LUZ FRIA EN PELUQUERIA 1ER PISO
REMPLAZO 1 BIPIN MP 10W EN LA ARAÑA DE LA ZONA DE ESPERA
HORARIOS: 09:05 A 10:18";;;;;;;;;;;;;;;;;;
30/12/2025;;ELIZONDO JORGE;;;CORDOBA-DIAZ;"MANO DE OBRA:
TRABAJO  EN A.A YORK 3.2KW MODELO Y0532H111 UBICADO EN PIEZA PRINCIPAL
LIMPIEZA DE FORZADOR U.I
REMPLAZO DE CAPACITOR FORZADOR U.E
HORARIO: 11:00 A 12:00";;;;;;;;;;;;;;;;;;
30/12/2025;;TATIANA OCHOA;;;CORDOBA-DIAZ;"MANO DE OBRA:
-REMPLAZO 3 DICROICAS EN ARTEFACTOS BIDIRECCIONALES FRENTE DE PILETA
-REMPLAZO 1 LLAVE DE 2 PUNTOS DE EMBUTIR EN GALERIA DEL FONDO
-REMPLAZO 1 PLAFON DE 24W DE APLICAR EN GALERIA DEL FONDO
-SOLUCION 1 PROBLEMA ELECTRICO EN TOMA DE TERMOTANQUE, CABLE DE ALIMENTACION ESTABA SULFATADO
-COLOCACION 1 ESPEJO EN BAÑO DEL QUINCHO.
HORARIO: 10:20 A 14:45";;;;;;;;;;;;;;;;;;
30/12/2025;;MEDIALUNAS CALENTITAS;;;CORDOBA-DIAZ;"MANO DE OBRA
DESCONEXION DE BOMBA MINI DE CONDENSACION POR UNA MAX DE CONDESACION. LA BOMBA MAX NO ESTUVO TIRANDO EL AGUA CON FUERZA Y ESTUVIMOS REVISANDO FUNCIONAMIENTO. NO ANDUVO BIEN Y LA TRAJIMOS AL TALLER.
NOTA: FALTA DEFINIR QUE SUCEDE CON ESA BOMBA MAX DE CONDENSACION PARA CAMBIAR LA MAÑANA.
HORARIO: 15:55 A 18:15";;;;;;;;;;;;;;;;;;
31/12/2025;;COLON (SUC NUEVA RIOJA CASTORE 3);;;CASAS-ARIAS;"ARIAS-CASAS: REVISION DE MATERIAL PARA INSTALAR EL GRUPO ELECTROGENO
DIAZ-CORDOBA: MANO DE OBRA:
PROLONGACION 1 CABLE DE ALIMENTACION TRIFASICO PARA GRUPO ELECTROGENO. QUEDO LA FICHA EN LA CAJA ESTANCA QUE ESTA AFUERA DE LA FARMACIA.
HORARIO 10:23 A 10:58";;;;;;;;;;;;;;;;;;
31/12/2025;;NARVAEZ (GUSANO);;;CASAS-ARIAS / DIAZ-CORDOBA;"MANO DE OBRA:
DESARMADO/DESBLOQUEO 1 MOTOR DE PORTON AUTOMATICO CORREDIZO. (CONTROL DE CAPACITOR) POSIBLE FALLA EN SWITCH DE FINAL DE CARRERAR
HORARIO: 09:25 A 11:30";;;;;;;;;;;;;;;;;;
31/12/2025;;TORRES CELESTE;;;CASAS-ARIAS;"SERVICE 1 A.A UNIDAD INTERIOR (ULTIMA HABITACION)
REVISION 1 CAPACITOR
HORARIO 11:46 A 16:45";;;;;;;;;;;;;;;;;;
31/12/2025;;LOCAL NUEVO IGNACIO;;;DIAZ-CORDOBA;"MANO DE OBRA:
COLOCACION 4 PLAFONES CUADRDADOS DE 24W DE EMBUTIR LUZ CALIDA EN EL LOCAL
VOLVIMOS A COLGAR LAS 4 DICORICAS QUE ESTABAN EN LA MESA
HORARIO: 12:00 A 13:00";;;;;;;;;;;;;;;;;;
31/12/2025;;MEDIALUNAS CALENTITAS (PASEO CULTURAL);;;DIAZ-CORDOBA;"MANO DE OBRA:
REEMPLAZO 1 BOMBA DE CONDESACION MINI VALVE: LA BOMBA MAX ASPEN NO FUNCIONABA BIEN.
LIMPIEZA 1 MANGUERA DEDESAGOTE DESDE EL AIRE HASTA EL TECHO
HORARIOS: 09:42 A 15:45";;;;;;;;;;;;;;;;;;
1/1/2026;;FERIADO AÑO NUEVO;;;TODOS;;;;;;;;;;;;;;;;;;;
2/1/2026;;MEDIALUNAS CALENTITAS (PASEO CULTURAL);;;DIAZ-CORDOBA;"MANO DE OBRA:
TRABAJO EN A.A PISO TECHO UBICADO EN LA ESQUINA DE BAZAN Y BUSTO SOBRE EL TV
-REMPLAZO DE MANGUERA DE DESAGUE, TRABAJO EN ALTURA Y SOBRE CIELORASO
HORARIO: 08:50 A 12:40";;;;;;;;;;;;;;;;;;
2/1/2026;;ELECTROFRIO (TALLER);;;DIAZ-CORDOBA-NACHO;"-PICAMOS Y AMURAMOS TOPE PARA PORTON DE ENTRADA
-MODIFICACION DE UN LISTON DE PORTON DE ENTRADA.
HORARIO 15:10-17:00";;;;;;;;;;;;;;;;;;
2/1/2026;;NICO ALANIZ;;;DIAZ-CORDOBA-NACHO;MANO DE OBRA: ARMAMOS FUENTE DE 5A + FICHA DE ALIMENTACION;;;;;;;;;;;;;;;;;;
2/1/2026;;ELECTROFRIO (TALLER);;;CASAS-ARIAS;REVISION 1 A.A DE 6000 KENDAL - CAPACITOR DE MOTOR - EXTENSION DE CAÑO + UNIDAD INTERIOR PREZURIZACION (OK);;;;;;;;;;;;;;;;;;
2/1/2026;;ANDRADA ALEJANDRA;;;CASAS-ARIAS;"MANO DE OBRA:
REVISION 1 A.A 5000 FRIGORIAS CONTROL DE PRESIONES 45 PSI - 7 RECALENTAMIENTIO (OK) EN LIVING)
REMPLAZO 1 FOTOCELULA
CONFIGURACION 1 REFLECTOR TIEMPO DE ENCENDIDO 5SEG
HORARIO 12:30- (    )";;;;;;;;;;;;;;;;;;
2/1/2026;;SANCHEZ GERARDO;;;CASAS-ARIAS;"MANO DE OBRA:
SERVICE DE UNIDAD INTERIOR A.A 5000 FRIGORIAS (INVERTER)
LIMPIEZA SIN DESINTALACION
HORARIO:16:06 A 18:10";;;;;;;;;;;;;;;;;;
3/1/2026;;SOL CASAL;;;DIAZ-CORDOBA;"MANO DE OBRA:
TRABAJO EN 1 A.A GLOBAL HOME DE 2.67KW MODLEO EHTGH00COD UBICADO EN DORMITORIO DE SOL
-SERVICE COMPLETO CON DESINTLACION
-REMPLAZO DE CAPACITOR DE FORZADOIR DE U.E DE 3UF
-REMPLAZO DE CAPACITOR DE COMPRESOR DE U.E DE 30UF
REMPLAZO DE MANGUERA DE CRISTAL
REMPLAZO DE AISLANTES
TRABAJO EN 1 VENTILADOR DE TECHO
-DESINTALACION DE VENTILADOR DE PIEZA DE SOL
-DESINTALACION DE VENTILADOR DE COMEDOR
-COLOCACION DE 1 PORTALAMPARA
-RECONEXION DE 1 PORTA LAMPARA
HORARIOS: 09:25 A 13:30";;;;;;;;;;;;;;;;;;
;;Semana 2: 5 enero hasta 11 enero 2026;;;;;;;;;;;;;;;;;;;;;;
5/1/2026;;MEDIALUNAS CALENTITAS (PASEO CULTURAL);;;DIAZ-CASAS;"A.A PISO TECHO (ENTRADA)
-AISLACION DE TUERCAS DE INTERCONECCION.
HORARIO: 09:08 A 09:33";;;;;;;;;;;;;;;;;;
5/1/2026;;PATRICIA DE LUCA;;;DIAZ-CASAS;"MANO DE OBRA:
A.A SPLIT COMEDOR 5000 FRIGORIAS
-DESINTALACION DE FORZADOR 
-INSTALACION DE FORZADOR U/INTERIOR (RIOJA) $89.000
OBSERVACION:
-COMPRAR PARA UN REMPLAZO
-UNICO LUGAR DONDE LO TENIA ERA EN RIOJA REFRIGERACION ($89.000 EL FORZADOR ORIGINAL)
HORARIO: 10:00 A 10:40
HORARIO: 12:08 A 12:59";;;;;;;;;;;;;;;;;;
5/1/2026;;ALICIA MOYANO;;;IGNACIO;REVISION DE EQUIPO CON HUMEDAD;;;;;;;;;;;;;;;;;;
5/1/2026;;NICOLAS GALLO;;;DIAZ-CASAS;"-MODIFICACION DE TABLERO TRIFASICO DE 32 BOCAS
-CAMBIO DE SECCION DE CABLE DE PUENTES
-IDENTIFACION DE CIRCUITOS
-INSTALCION ELECTRICA DE LUCES DE LA ESCALERA X 5 LUZ DEL PATIO
OBSERVACIONES:
FALTA EMPLAZAR 7 TERMICAS Y CAMBIA SECCION DE CABLE EN LA ALIMENTACION
TRAER: 5 TERMICA 16A Y 2 TERMICAS 20A, 40 TERMINAL PARA CABLE DEL 4MM
HORARIO 13:19 A 17:46";;;;;;;;;;;;;;;;;;
5/1/2026;;ELECTROFRIO (ENTRADA);;;CORDOBA-ARIAS-ARIAS;"MANO DE OBRA:
-PICAMOS 4 BOCAS (1/4) EN PORTON DE ENTRADA
-AMURAMOS 4 BOCAS (1/4) EN PORTON DE ENTRADA
HORARIOS: 09:00 A 12:40";;;;;;;;;;;;;;;;;;
5/1/2026;;SOL CASAL;;;CORDOBA-ARIAS;"MANO DE OBRA: 
TRABAJO: 1 A.A MARSHAL 3.22KW MODELO MA532C18NE UBICADO EN COMEDOR
-INSTALACION
-REMPLAZO DE AISLANTES
-COLOCACION DE MNAGUERA DE CRISTAL
TRABAJO 1 A.A BRYANT 3.49KW MODELO BEHTRM1200
-INSTALACION
-REMPLAZO DE AISLANTE
-COLOCACION DE MANGUERA DE CRISTAL
HORARIO: 14:40 A 18:40";;;;;;;;;;;;;;;;;;
6/1/2026;;ELECTROFRIO (ENTRADA);;;CORDOBA;TAPADO DE CAJAS 5*10 Y CAJA DE PASO;;;;;;;;;;;;;;;;;;
6/1/2026;;FARMACIA COLON (SUC PLAZA 25);;;CORDOBA-ARIAS;"MANO DE OBRA:
TRABAJO EN 1 A.A SURREY 3.43 KW MODELO 5386FQ1201F UBICADO EN SALA DE REUNION
-CONTROL DE GAS, HICIMOS VIROLAS NUEVAS EN LAS 4 TUERCAS , LA TUERCA QUE VA DEL CAÑO GRUESO QUE VA A LA UNIDAD INTERIOR ESTABA MUY MANCHADA.
-COMPLETAMOS LA CARGA 
HORARIO:10:20 A 13:10";;;;;;;;;;;;;;;;;;
6/1/2026;;NICOLAS GALLO;;;DIAZ-CASAS;"MANO DE OBRA:
(TABLERO PLANTA BAJA)
-1 TERMINACION DE TABLERO CON TERMINALES (70)
-1 REMPLAZO DE 1 TERMICAS
-3M REMPLAZO DE PUENTES CABLE 6MM
-1 INSTALACION DE JABALINA CON CAJA DE INSPECCION, 3M CORRUGADO Y 4M DE CABLE V/A 6MM (EMBUTIDO) 
(TABLERO PRIMER PISO)
-1 REMPLAZO 1 TERMICA
-20 REMPLAZO DE PUENTE INSTALACION CON TERMINAL
(TABLERO 2 PISO)
-REMPLAZO DE 5TERMICAS
-REMPLAZO DE PUENTES CON TERMINALES 10
HORARIOS: 09:03 A 17:55";;;;;;;;;;;;;;;;;;
6/1/2026;;CRISTIAN LEON;;;ARIAS-CORDOBA-ARIAS;"MANO DE OBRA:
TRABAJO 1 AIRE DE VENTANA SANYO 4000KW UBICADO EN OFICINA DE ARQUITECTOS DE LA OBRA
-REMPLAZO DE PLAQUETA
-REMPLAZO DE CAPACITOR DE FORZADOR DE 1.5 UF
-REMPLAZO DE CAPACITOR DE FORZADOR DE 2 UF
-REMPLAZO DE CAPACITOR DE COMPRESOR DE 60 UF
-CARGA DE GAS R22
-REVISION DE AIRE SPLIT
HORARIO: 14:20 A 17:40";;;;;;;;;;;;;;;;;;
6/1/2026;;MERCEDEZ MORALES;;;CORDOBA;REVISION DE EQUIPO A.A DE HABITACION DE LA HIJA DE 3.2KW;;;;;;;;;;;;;;;;;;
7/1/2026;;NICOLAS GALLO;;;DIAZ-CASAS;"MANO DE OBRA:
-CONEXION 6 LAMPARAS DE APLICAR
-SE CONECTO LA PARTE ELECTRICA
-IDENTIFICACION DE RETORNO DE TIRA LED DE HABITACION 1.2
-CONTROL DE ARTEFACTO QUE FALTAN INSTALAR
HORARIO 08:40 A 11:04";;;;;;;;;;;;;;;;;;
7/1/2026;;MEDIALUNAS CALENTITAS (PASEO CULTURAL);;;DIAZ-CASAS;"NO SE REALIZO EL TRABAJO POR FALTA DE AUTORIZACION PARA PERFORAR LA PARED. REUNION CON DIRECTOR PARA COORDINAR HORARIOS Y PEDIR AUTORIZACION
HORARIOS: 12:45 A 14:00";;;;;;;;;;;;;;;;;;
7/1/2026;;MERCEDEZ MORALES;;;DIAZ-CASAS;"TRABAJO EN TALLER:
-DESINTLACION 1 A.A SPLIT SANYO 3000 FRIGORIAS
-PRESURIZACION U/INTERIOR Y U/EXTERIOR CON 300 PSI DE NITROGENO
-REMPLAZO DE VIROLAS
HORARIO: 16:46 A 18:00";;;;;;;;;;;;;;;;;;
7/1/2026;;NICOLAS ALANIZ;;;CORDOBA-ARIAS;"MANO DE OBRA:
TRABAJO 1 A.A COVENTRY 6.2KW UBICADO EN EL COMEDOR MODELO C0560C081
-SERVICE COMPLETO CON DESINTLACION
-REMPLAZO DE CAPACITOR DE FORZADOR DE U.3
TRABAJO 1 A.A NOBLEX 3.2KW MODELO NO32H201 UBICADO PIEZA DEL HIJO
-SERVICE COMPLETO SIN DESINTALACION
-REMPLAZO DE AISLANTES
TRABAJO 1 A.A SANYO 3.2 KW K1208C5A (MODELO) UBICADO EN EL DORMITORIO PRINCIPAL
-SERVICE COMPLETO SIN DESINTALCION
-REMPLAZO DE CAPACITOR DE FORZADOR  DE U.E
HORARIO: 08:50 A 17:40";;;;;;;;;;;;;;;;;;
7/1/2026;;CRISTIAN LEON;;;DIAZ-CASAS;"TRABAJO EN A.A SPLIT BGH 3000 FRIGORIAS (CONTENEDOR BLANCO DE ENTRADA) R32
DETECCION Y REPARACION DE FUGA SE SOLDO SE PRESURIZO, SE REALIZO VACIO Y SE CARGO REFRIGERANTE.
NOTA: PERDIDA EN LA SOLDADURA (NO POR LA TUERCA SINO POR LA PUNTERA DE UNIDAD INTERIOR)
HORARIO: 14:30 A 17:26";;;;;;;;;;;;;;;;;;
8/1/2026;;LEONARDO CASTILLO;;;DIAZ-CASAS;"MANO DE OBRA: 
PREINSTALACION DE A.A EMBUTIDA
-PICADO Y EMBUTIDO CAÑO 0.63 PVC 2M
-PICADO Y EMBUTIDO CAÑO GRIS DE 25 4M
HORARIO: 09:26-17:20";;;;;;;;;;;;;;;;;;
8/1/2026;;LINDA COBRESI (BONAFIDE);;;ARIAS-ARIAS;"MANO DE OBRA: 
REPARACION 1 A.A COMERCIAL PISO TECHO (12000-18000FG)
UBICADO EN BONAFIDE CALLE SAN MARTIN SALON PLATA BAJA
REMPLAZO DE CAPACITOR 12UF
HORARIO: 14:20 A 15:30";;;;;;;;;;;;;;;;;;
8/1/2026;;BAZAN SERGIO;;;CORDOBA-ARIAS;"MANO DE OBRA: 
TRABAJO EN A.A PHILCO 3.35KW MODELO PH532HA3ANE: UBICADO EN COMEDOR 
-SERVICE COMPLETO CON DESINTALACION
-REMPLAZO DE OBU 
-CONTROL DE PERDIDA Y CARGA DE GAS R410A
HORARIOS: 09:00 A 10:20
HORARIOS: 16:11 A 18:00
REVISAR HELADERA TIPO MOSTRADOR";;;;;;;;;;;;;;;;;;
9/1/2026;;LEONARDO CASTILLO;;;DIAZ-CASAS;"MANO DE OBRA:
-INSTALACION 1 A.A SPLIT DIPLOMATIC MODELO 3000 FRIGORIAS (HABITACION)
-INSTALACION ELECTRICA
-INSTALACION ELECTRICA A.A DE VENTAN EN PIEZA DE FONDO
HORARIO: 09:20 A 15:16";;;;;;;;;;;;;;;;;;
9/1/2026;;TATIANA OCHOA;;;DIAZ-CASAS;"REVISION TECNICA DE CONEXION DE TERMOTANQUE: REGRESAR EL LUNES  FUGA DE CORRIENTE Y MEDIR PUESTA A TIERRA
HORARIO DE 15:24 A 16:08";;;;;;;;;;;;;;;;;;
9/1/2026;;TOMAS MOLGARA;;;CORDOBA-ARIAS-CASAS;REVISION A.A SAMSUNG SE DESARMO LAS 2 UNIDADES Y SE COMPROBO QUE  BAJA LA PRESION. SE DEBE SEGUIR CONTROLANDO.;;;;;;;;;;;;;;;;;;
9/1/2026;;VICTOR ARIAS;;;CORDOBA-ARIAS;"MANO DE OBRA:
CONEXION DESDE NUEVO TABLERO PRINCIPAL HASTA EL VIEJO TABLERO PRINCIPAL DEL VIEJO MEDIDOR
-ASEGURAMOS CAÑO DE ACOMETIDA
HORARIO: 13:15 A14:15";;;;;;;;;;;;;;;;;;
9/1/2026;;ARIEL SCHMIRA;;;CORDOBA-ARIAS;"MANO DE OBRA:REMPLAZO DE MOTOR DE PORTON ELECTRICO.
HORARIO: 15:00 A 15:54HS";;;;;;;;;;;;;;;;;;
9/1/2026;;MERCEDES MORALES;;;CORDOBA-DIAZ-ARIAS;"TRABAJO EN TALLER: 
-REVISION DE FUGA POR FALTA DE REFRIGERANTE.
-PROBLEMA EN LAS TUERCAS
-REALIZACION DE VIROLAS NUEVAS
-CARGA DE REFRIGERANTE
-INSTALACION A.A";;;;;;;;;;;;;;;;;;
;;Semana 3: 12 enero hasta 18 enero 2026;;;;;;;;;;;;;;;;;;;;;;
12/1/2026;;ALVAREZ SUSANA;;;DIAZ;"remplazo 1 llave de 2 puntos con variador de velocidad
horario 08:40 a 9:40";;;;;;;;;;;;;;;;;;
12/1/2026;;RADOWICH FEDERICO;;;CORDOBA-ARIAS;"MANO DE OBRA: INSTALACION A.A SPLIT INVERTER FRIA/CALOR UBICADO EN DORMITORIO RPINCIPAL
HORARIO: 09:50 A 12:10";;;;;;;;;;;;;;;;;;
12/1/2026;;BRIGIDO ANA;;;DIAZ-CASAS;"MANO DE OBRA:
A.A SPLIT 3000 FRIGORIAS (HABITACION)
-REMPLAZO DE TURBINA DE UNIDAD INTERIOR. 
HORARIOS 10:40 A 10:57
Y DE 12:35 A 13:05";;;;;;;;;;;;;;;;;;
12/1/2026;;TORRES CELESTE;;;CORDOBA-ARIAS;"MANO DE OBRA:
TRABAJO 1 A.A UBICADO EN PIEZA PRINCIPAL- LIMPIEZA DE EVAPORADOR CON DESINFECTNATE OLOR A BEBE
HORARIO: 12:28 A 13:40";;;;;;;;;;;;;;;;;;
12/1/2026;;KARAM AUTOMOTORES;;;DIAZ-CASAS;"MANO DE OBRA: 
REMPLAZO 3 ARTEFACTOS LED 60 X 60 FRIA CON MARCOS DE APLICAR
HORARIO: 14:00 A 17:29";;;;;;;;;;;;;;;;;;
12/1/2026;;CARRIZO FERNANDO;;;CORDOBA-ARIAS;"MANO DE OBRA:
TRABAJO 1 A.A HABITACION DEL HIJO
-CONTROL DE RECALENTAMIENTO, SE IBA A VALORES MUY BAJOS
-CONTROL DE SENSORES DE U.I, DABAN BIEN LOS VALORES
-RECARGA DE GAS R410A 1KG";;;;;;;;;;;;;;;;;;
13/1/2026;;CARLOS PUMA;;;CORDOBA-ARIAS;"MANO DE OBRA:
INSTALACION 1 A.A 24000BTU NEST 6 UBICADO EN EL COMEDOR
HORARIOS: 09:45 A 15:15";;;;;;;;;;;;;;;;;;
13/1/2026;;NICO GALLO;;;DIAZ-CASAS;"MANO DE OBRA:
-INSTALACION 6 TOMA CORRIENTE DOBLES, PIEZA, COCINA Y PASILLO
-INSTALACION 2 ARTEFACTO DOBLE EN BALCON DE 1 PISO
-INSTALACION 7 TAPA CIEGA PIEZA 1 PISO Y ESCALERA
HORARIO: 09:54 A 12:40";;;;;;;;;;;;;;;;;;
13/1/2026;;OCHOA TATIANA;;;DIAZ-CASAS;"MANO DE OBRA:
REVISON DE PUESTA A TIERRA: EN LA PARTE DELAVADERO DABA LA CORRIENTE, TENIA UN FALSO CONTACTO EN UN TOMACORRIENTE Y TENIA UN RETORNO PORLA TIERRA.
HORARIO: 13:05 A 15:17";;;;;;;;;;;;;;;;;;
13/1/2026;;LEONARDO CASTILLO;;;DIAZ-CASAS;"MANO DE OBRA:
-DESINTALACION 1 A.A DE VENTANA 3000 FRIGORIAS (HABITACION HIJA)
-LIMPIEZA 1 A.A DE VENTANA 3000 FRIGORIAS R22
-REMPLAZO 1 OBU
HORARIO: 15:52 A 16:30
HORARIO: 16:50 A 18:00";;;;;;;;;;;;;;;;;;
13/1/2026;;COLON (SUC 25 DE MAYO);;;CORDOBA-ARIAS;"MANO DE OBRA:
REMPLAZO 4 TUBOS FLUORESCENTE EN OFICINA DE ADMINISTRACION.
HORARIO: 16:00 A 16:30";;;;;;;;;;;;;;;;;;
13/1/2026;;DE LUCA PATRICIA;;;CORDOBA-CASAS;"MANO DE OBRA:
COLOCAMOS ESPUMA DE POLIURETANO A 5 CAÑOS DE 0.63 DE LAS SALIDAS DE  A.A EN EL TECHO
-COLOCAMOS ESPUMA DE POLIURETANO A 2 CAÑOS DE 110
-COLOCAMOS CINTA DE PVC CON PEGA A TODOS LOS CAÑOS EN EL TECHO
HORARIO: 17:30 A 17:55";;;;;;;;;;;;;;;;;;
13/1/2026;;NAVARRO EMILIANO;;;CORDOBA-ARIAS;"MANO DE OBRA:
REVISION 1 A.A DE COMEDOR, ES TRABAJO CON GARANTIA. APARENTEMENTE EL CONTROL MANDA SEÑAL SOLO Y SE CAMBIA DE MODO.
HORARIO: 18:20 A 18:52";;;;;;;;;;;;;;;;;;
13/1/2026;;JALIL;;;ARIAS I;REVISION DE RED;;;;;;;;;;;;;;;;;;
14/1/2026;;TATIANA OCHOA;;;DIAZ-CASAS;"REVISION DE SALTO DE TERMICA POR LLUVIAS
HORARIOS: 09:00 A 09:40";;;;;;;;;;;;;;;;;;
14/1/2026;;ALICIA MOYANO;;;DIAZ-ARIAS-CASAS;"MANO DE OBRA.
SERVIS COMPLETO CON DESINTALACION
HORARIOS: 10:40 A 14:57";;;;;;;;;;;;;;;;;;
14/1/2026;;NEIRA FACUNDO;;;CORDOBA-ARIAS;"MANO DE OBRA:
-COLOCACION 7 CAJAS 7X7 DE CHAPA / LUCES EXTERIORES
-PICADO 2 BOCAS (1/4) UNO DE ALIMENTACION DEL TABLERO PRINCIPAL AL SECCIONAL - OTRO POR PUESTA A TIERRA
-LIMPIEZA TODAS BOCAS
-SONDEADO TODAS BOCAS
-REPARACION 1 BOCA OBSTRUIDA CON MEZCLA
HORARIO: 10:00 A 17:25";;;;;;;;;;;;;;;;;;
14/1/2026;;LEONARDO CASTILLO;;;DIAZ-CASAS;"MANO DE OBRA:
A.A VENTANA 3000 FRIGORIAS (PIEZA DE HIJA)
-CARGA DE GAS R22A 800 GRAMOS
-INSTALACION
-REMPLAZO DE FICHA DE 10A
HORARIO: 08:20 A 16:22";;;;;;;;;;;;;;;;;;
14/1/2026;;LEON CRISTIAN;;;DIAZ-CASAS;"MANO DE OBRA:
A.A VENTANA (OFICINA) 5000 FRIGORIAS 
-REMPLAZO DE TRANSFORMADOR DE PLACA UNIVERSAL.
HORARIO: 17:01 A 17:40";;;;;;;;;;;;;;;;;;
15/1/2026;;FACU NEIRA;;;CORDOBA-ARIAS;"-ARMADO 11 BOCAS (1/4) DE CAÑERIA PVC EN 1ER PISO
-PICADO 3 BOCAS (1/4) EN 1 PISO PARA TOMAS DE A.A 
-PICADO 3 bOCAS (1/4) DE ALIMENTACION DE TABLERO DE PLANTA BAJA A TABLERO DE 1ER PISO.
-AMURAMOS 3 BOCAS (1/4) DE ALIMENTACION ENTRE TABLEROS DE PLANTA BAJA Y 1ER PISO
-AMURAMOS 2 BOCAS (1/4) DE A.A DE 1ER PISO
AMURAMOS 2 BOCAS (1/4) DE ALIMENTACION DE TABLERO PRINCIPAL A SECCIONAL DE PLANTA BAJA Y PAT.
HORARIO:09:30 A 17:30";;;;;;;;;;;;;;;;;;
15/1/2026;;JORGE DIAZ CARBEL;;;DIAZ-CASAS;"MANO DE OBRA:
REVISION 4 DICROICAS EN EL EXTERIOR SE AISLO BIEN LOS CABLES Y SE ARMO DE NUEVO.
NOTA: NO QUIZO QUE LE ECHEMOS SILICONA SOLAMENTE SE AISLO CON CINTA LOS EMPALMES Y REVISAMOS QUE LOS CABLES NO ESTEN LASTIMADOS
HORARIO: 09:00 A 09:45";;;;;;;;;;;;;;;;;;
15/1/2026;;NICO ALANIZ;;;DIAZ-CASAS;"MANO DE OBRA: INSTALACION 6 (1/2) BOCA
-17 MTS PICADO Y TAPADO
-USAMOS 17 MTS DE CAÑO 3/4
HORARIO: 10:33 A 16:50";;;;;;;;;;;;;;;;;;
15/1/2026;;KARAM;;;DIAZ-CASAS;"MANO DE OBRA:
-DESINTALCION 1 LUMINARIA EN ALTURA
-REMPLAZO 1 ARTEFACTO LUMINICO EN ALTURA (SALON DE ENTRADA
HORARIO: 17:25 A 18:10";;;;;;;;;;;;;;;;;;
15/1/2026;;JALIL;;;ARIAS-ELIZONDO;"REVISION PARA COLOCACION DE CABLE UTP DE RACK A IMPRESORA
HORARIO: 13:00 A 14:00";;;;;;;;;;;;;;;;;;
16/1/2026;;TATIANA OCHOA (DPTO BERUTI);;;DIAZ-CASAS;"MANO DE OBRA:
-REMPLAZO 1 LLAVE DE 2 PUNTOS EN EL COMEDOR
-INSTALACION 1 TAPA CIEGA EN LA COCINA
-INSTALACION 1 ARTEFACTO (TORTUGUITA EN EL PATIO
-REVISION 5 TOMA CORRIENTE, PIEZA COMEDOR, COCINA, (SOLO SE MIDIO QUE LLEGUEN LOS 220V NO DESARMO NADA)
HORARIOS: 08:37 A 09:37";;;;;;;;;;;;;;;;;;
16/1/2026;;LUNA LUCIANO;;;CORDOBA-ARIAS;"MANO DE OBRA:
1)TRABAJO 1 A.A VENTANA
-REMPLAZO DE TRANSFORMADOR DE PLAQUETA ELECTRONICA
-REMPLAZO DE CAPACITOR DE 2.5 UF DE FORZADOR
-SERVICE
2) TRABAJO 1 A.A NOBLEX DE VENTANA
-REVISION DE A.A:EL MOTOR DE AMBOS FORZADORES HACE QUEMAR FUSIBLES EN PLAQUETA
3) TRABAJO 1 A.A ATMA DE VENTANA
-REVISION DE A.A: EL MOTOR DE AMBOS FORZADORES HACE QUEMAR FUSIBLES DE PLAQUETA
FALTA HACER BOBINAR EQUIPO 2Y 3 
OCUPAMOS 5 FUSIBLES DE 3A
HORARIO 8:00  A 18:00";;;;;;;;;;;;;;;;;;
16/1/2026;;MARIO ALANIS;;;DIAZ-CASAS;"MANO DE OBRA:
-INSTALACION 1 TABLERO DE 20 BOCAS DE CHAPA
-INSTALACION 9 TERMICAS BIPOLARES 2*16 (5)-2*20(4)
-INSTALACION 1 DISYUNTOR BIPOLAR DE 2*40
-INSTALACION 1 CAJA ESTANCO DE PVC 20*20
-INSTALACION 1 1/2 BOCA DEL TERMOTANQUE A LA COCINA.
HORARIO: 10:38 A 18:27";;;;;;;;;;;;;;;;;;
;;semana 4;;;;;;;;;;;;;;;;;;;;;;
19/1/2026;;JALIL;;;DIAZ-CASAS;"MANO DE OBRA:
CABLEADO DE CABLE UTP DESDE RACK HASTA IMPRESORA EN ZONA DE POST VENTA
HORARIO DE 09:00 A 12:00";;;;;;;;;;;;;;;;;;
19/1/2026;;MEDIALUNAS CALENTITAS;;;DIAZ-CASAS;;;;;;;;;;;;;;;;;;;
19/1/2026;;NICO GALLO;;;DIAZ-CASAS;"MANO DE OBRA:
-INSTALACION 2 ARTEFACTO EN LA PIEZA DE NICO
-CABLEADO 3 BOCAS EN LAS ESCALERAS
NOTA: NO PUSIMOS EL ARTEFACTO EN EL BALCON DE NICO PORQUE TIENEN QUE REPARAR EL DURLOCK.
HORARIO: 15:40 A 17:50";;;;;;;;;;;;;;;;;;
19/1/2026;;FACU NEIRA;;;CORDOBA-ARIAS;"MANO DE  OBRA:
-ARMADO  3 BOCA CAÑOS PVC (1/4) EN PRIMER PISO
-AMURAMOS 1 BOCA (1/4) EN 1ER PISO
-PICAMOS 2 BOCA EN PLATAN BAJA (BAÑO Y PIEZA)
-REPARACION 1 BOCA DE ALARMA EN PLANTA BAJA
-MODIFICACION 1 BOCA DE ALIMENTACION EN PLATA BAJA 
TERMINAMOS DE TAPAR CAÑOS DE BOCAS DE PVC EN PRIMER PISO
HORARIO: 09:20 A 17:20";;;;;;;;;;;;;;;;;;
20/1/2026;;FACU NEIRA;;;CORDOBA-ARIAS;"Cableado boca de alimentación de T.P a T.S de planta baja.
Cableado 7 boca de luces exteriores
Cableado 12 bocas de escalera de planta baja y primer piso
Cableado 14 bocas en plata baja.
Modificación de 1 corrugado para comunicar luces exteriores a pasillo dentro de casa.
Picamos 1 boca para alimentar aire de pieza de planta baja, fue en la pieza.
Colocación de 1 caja de 5x5 para alarma en baño.
Colocación de 1 caja de 5x5 para alarma en pasillo.
Amuramos 1 boca en baño de planta baja
Armado de tablero: 1 térmica de 4x25. 1 disyuntor de 4x63. 2 térmicas de 2x10.
Colocación de 1 llave de punto simple en pasillo de plata baja.
Colocación de 1 llave de 2 punto en la entrada de casa.
Colocación de 1 toma doble.
Colocación de 7 portalámparas y lamparas de luces exteriores.
Colocación de 4 portalámparas y lamparas en plata baja";;;;;;;;;;;;;;;;;;
20/1/2026;;BOSETTI MARIA LAURA;;;DIAZ-CASAS;"ACCION/ CANTIDAD / DESCRIPCION
De instalación de AA split HITACHI 3mil frigorías 
(Segunda pieza del frente)
OBSERVACIONES GENERALES
Todavía no está decidida si lo va a arreglar para venderlo se lo dejo en el domicilio 
HORARIOS: 11:34/12:09";;;;;;;;;;;;;;;;;;
20/1/2026;;GRASI GAS;;;DIAZ-CASAS;"Remplazo /fotocelula y reflector de 150 w en altura
Podamos el arbol con Serrucho de durlcok 
Primero frente del deposito 
Horario:9:10 a 11:04";;;;;;;;;;;;;;;;;;
20/1/2026;;NICO ALANIZ (CASA);;;DIAZ-CASAS;"MANO DE OBRA:
CABLEADO 12M LINEA PARA EL TERMOTANQUE (TPR) 3X4
CABLEADO 15M LINEA PARA LA COCINA TOMAS (TPR 3X4)
CABLEADO 1 CABLE DE VIDEO 
INSTALACION 1 FICHA MACHO PARA EL A.A DEL COMEDOR
INSTALACION 1 TOMACORRIENTE DE 10A
REMPLAZO 2 CAPACITORES DE A.A SPLIT PIEZA DEL FONDO U/EXTERIOR DEL FORZADOR Y BOCHA
ANULACION 1 LINEA VIEJA DE LA COCINA.
HORARIO: 12:20 A 17:37HS";;;;;;;;;;;;;;;;;;
20/1/2026;;HUGO AZCURRA (LA CARPA);;;ARIAS IGNACIO;"Presupuesto 
Reemplazo de 12 lámparas/zócalo/fuentes.
6/7 metros de perfiles de aluminio con tira led... 
Buscar un artefacto colgante estilo chill para agregar luz.
Presupuestar restaurar e iluminar el cartel...";;;;;;;;;;;;;;;;;;
20/1/2026;;GASTON CARRIZO;;;ARIAS IGNACIO;;;;;;;;;;;;;;;;;;;
21/1/2026;;LUCIANO LUNA;;;CORDOBA;"MANO DE OBRA:
SERVICE DE 2 ARIRE ACONDICIONADO VENTANA, FALTA ARMARLOS Y PROBARLOS";;;;;;;;;;;;;;;;;;
21/1/2026;;COLON(SUC SEÑOR DEL MILAGRO);;;DIAZ-CASAS;"MANO DE OBRA:
REVICION 1 CORTOCIRCUITO: REVISAMOS TRES TABLEROS ASILAMOS CABLE PELADO EN TABLERO DE AFUERA, PROBAMOS CIRCUITO POR SEPARADO.
ANULACION DE UN MOTOR DE CORTINADO DE EL FRENTE 
NOTA: QUEDARON DE HABLAR CON NACHO COMO ARREGLAN EL MOTOR, APARENTEMENTE ESTA QUEMADOEL BOBINADO (DEDUCCION POR EL OLOR FUERTE QUE LARGO.
ENTRADA: 09:40 SALIDA 13:13";;;;;;;;;;;;;;;;;;
21/1/2026;;TOMAS MOLGARA;;;CASAS;"PRUEBA DE RENDIMIENTO DE LA BOCHA DE A.A SPLIT 6000 FRIGORIAS
PRESURIZACION DEL CONDENSADOR Y DE LA BOCHA CON LA VALVULA POR SEPARADO
NOTA: LA BOCHA NO TIENE RENDIMIENTO SE TIENE QUE REMPLAZAR LA BOCHA
HORARIO DE 14:58 A 17:56";;;;;;;;;;;;;;;;;;
21/1/2026;;PABLO REINOSO;;;DIAZ-CORDOBA-CASAS;"MANO DE OBRA:
-DESINTALACION 1 A.A PLIT DE 600 FRIGORIAS (GALERIA DEL FONDO)
-ANULACION DE VALVULA INVERSORA Y PRESURIZACION CON NITROGENO 250 PSI 
-SERVIS UNIDAD EXTERIOR E INTERIOR
HORARIO DE: 13:50 A 14:30";;;;;;;;;;;;;;;;;;
22/1/2026;;PABLO REINOSO;;;DIAZ-CORDOBA;"MANO DE OBRA:
CARGA DE GAS E INSTALACION";;;;;;;;;;;;;;;;;;
22/1/2026;;NICO ALANIZ;;;CASAS-ARIAS;"MANO DE OBRA:
-INSTALACION 1 ANTENA DE WIFI EN EL TECHO DEL KISCO CABLEAMOS 20 METROS DE CABLE UTP
-INSTALACION DE 1 ANTENA DE WIFI EN EL TECHO DE LA CASA DEL PDRE Y 1 RUTER CABLEMAOS 24 METROS DE CABLE UTP 
INSTALACION DE 1 VENTILADOR DE TECHO COLOR COBRE VIEJO 
INSTALACION DE UNA LUZ EN EL VENTILADOR 
REMPLAZO DE LLAVE DE PUNTO Y TOMA POR UN TOMA DOBLE
HORARI: DE 09:23 A 16:57";;;;;;;;;;;;;;;;;;
22/1/2026;;JUAN CARRIZO;;;DIAZ-CORDOBA;"MANO DE OBRA:
DESINTALACION DE A.A PHILCO DE 5.2 KW UBICADO EN COMEDOR
SERVICE COMPLETO 
HORARIOS:14:03 A 16:05";;;;;;;;;;;;;;;;;;
22/1/2026;;ALEJANDRO (CUÑADO DRAGO);;;DIAZ-CORDOBA;"MANO DE OBRA:
BAJAMOS AIRE VENTANA Y LA LEVAMOS AL TALLER PARA REVISION";;;;;;;;;;;;;;;;;;
23/1/2026;;FARMACIA COLON (SUC STA ROSA);;;DIAZ-CASAS;"ACCION/ CANTIDAD / DESCRIPCION
Limpieza de filtro de 4 AA piso techo del salón de entrada 
OBSERVACIONES GENERALES
Los AA no están rindiendo por suciedad se necesita hacer un mantenimiento urgente informar al encargado 
HORARIOS DE ENTRADA Y SALIDA
09:11/10:20";;;;;;;;;;;;;;;;;;
23/1/2026;;MEDIALUNAS CALENTITAS;;;DIAZ-CASAS;"MANO DE OBRA REALIZADA
ACCION/ CANTIDAD / DESCRIPCION
*
Visita y diagnóstico de un AA split de panadería 
OBSERVACIONES GENERALES
*
Hablé con el encargado y le expliqué que lel exceso de condensación de los caños es por suciedad de la unidad el me entendió pero hoy es imposible que dejemos sin AA a la panadería 
Coordinar bien el dia y horario para ir a desintalar la unidad interior para un mantenimiento
HORARIOS DE ENTRADA Y SALIDA
*
10:32 / 10:45";;;;;;;;;;;;;;;;;;
23/1/2026;;LUCIANO LUNA;;;CORDOBA-ARIAS;"MANO DE OBRA REALIZADA
ACCION/ CANTIDAD / DESCRIPCION
Fuimos a buscar los 2 forzadores en selius.
Volvimos a conectar y armar los 2 aires ventanas 
HORARIOS DE ENTRADA Y SALIDA
08:00 a 14:00";;;;;;;;;;;;;;;;;;
23/1/2026;;LEONARDO CASTILLO;;;DIAZ-CASAS;"MANO DE OBRA REALIZADA
ACCION/ CANTIDAD / DESCRIPCION
*
Reparación de manguera estrangulada AA split de la pieza de el 
HORARIOS DE ENTRADA Y SALIDA
*
11:45 / 13:00";;;;;;;;;;;;;;;;;;
23/1/2026;;ALEJANDRO (CUÑADO DRAGO);;;TODOS;"ACCION/ CANTIDAD / DESCRIPCION
*
Revisión de aire ventana philco de 6mil, compresor honesta funcionando mecánicamente. De la parte eléctrica está todo bien, las bobinas y no está aterrizado.
OBSERVACIONES GENERALES
*
Lo estamos por llevar de nuevo a la casa del cliente 
HORARIOS DE ENTRADA Y SALIDA
*
09:00 a 10:00";;;;;;;;;;;;;;;;;;
23/1/2026;;TONOS ;;;DIAZ-CASAS;"ACCION/ CANTIDAD / DESCRIPCION
Remplazo de 4 fuentes de 5 amperes 
Remplazo de 3 dicroicas calidas 
Remplazo de 1 foco galponero 100 W 
Remplazo de 1 foco de 9 w
Remplazo de 3 focos led 18 w 
HORARIOS DE ENTRADA Y SALIDA
13:30/14:00";;;;;;;;;;;;;;;;;;
23/1/2026;;ELECTROFRIO(TALLER Y LOCAL SECUNDARIO);;;TODOS;"MANO DE OBRA REALIZADA
ACCION/ CANTIDAD / DESCRIPCION
DIAZ-CASAS:
Armado de AA split unidad exterior ( Nacho )
Armado de AA split unidad exterior ( Pablo )
Limpieza del taller y fuera del depósito 
Armado de cruz (farmacia)
Acarreo de escombro 
COROBA-ARIAS:
Armado de U.I aire de Nacho.
Colocación de U.I de aire de Nacho en local Viti.
Limpieza de mesa de acero de cocina.
Soldamos un extremo de la mesa de acero de cocina para los tomacorrientes.
Movimos mesa de acero de cocina desde el taller hasta el local de Viti.
Movimos de lugar la campana, desde la parte de atrás al frente del mismo lugar del Viti.";;;;;;;;;;;;;;;;;;
;;SEMANA 5;;;;;;;;;;;;;;;;;;;;;;
26/1/2026;;LOCAL VITI;;;DIAZ-CORDOBA;"MANO DE OBRA:
PICAMOS 9 BOCAS (1/4) EN ZONA DE COCINA
AMURAMOS 9 BOCAS (1/4) EN ZONA DE COCINA
-AMURAMOS 1 BOCAS CON CAÑOS DE CHAPA
MOVIMOS DE LUGAR TODOS LOS AIRES, TODOS LOS MUEBLES
HORARIO 09:00 A 18:00";;;;;;;;;;;;;;;;;;
26/1/2026;;GASTON CARRIZO;;;CASAS-ARIAS;"MANO DE OBRA REALIZADA
ACCION/ CANTIDAD / DESCRIPCION
*
Colocación de 2 plafones de 18w en baños
Colocación de 2 artefactos luminarias de 4 AR11
Colocación de 1 ventilador de techo a control
Colocación de 1 tapa 20x20 de chapa
Colocacion de 7 socalos 
OBSERVACIONES GENERALES
*
Llevar para mañana 1 caño rígido y 2 curvas";;;;;;;;;;;;;;;;;;
27/1/2026;;LOCAL VITI;;;DIAZ-CORDOBA;"MANO DE OBRA REALIZADA
ACCION/ CANTIDAD / DESCRIPCION
*
Bocas cableadas:15 bocas.
Armamos 1 boca de cañería de chapa.
Picamos 1 boca para PAT.
Amurado 1 boca para PAT.
Terminamos de tapar bocas que picamos ayer.
Reemplazo de tablero (había uno de 4-8 bocas y colocamos uno de 12 Bocas)
Armado de nuevo tablero: 
+Colocación de 1 disyuntor bipolar.
+Colocación de 1 termica de 2x20A
+Colocación de 1 termica de 2x16A
Colocación de 2 portalámparas+ lámparas.
OBSERVACIONES GENERALES
*
En la hoja del pedido está lo que faltaría hacer, una vez Sergio coloque los cerámicos en las paredes.
HORARIOS DE ENTRADA Y SALIDA
*
08:00 a 17:40";;;;;;;;;;;;;;;;;;
27/1/2026;;GASTON CARRIZO;;;CASAS-ARIAS;"MANO DE OBRA REALIZADA
ACCION/ CANTIDAD / DESCRIPCION
Instalación de 16 tubos Led de 120 cm. 18w. En salón, cochera.
Modificación de cañería eléctrica aérea en cocina comedor colocando caja 7x7 con cableado de 3 metros y agregado de caño 2 metros .
Desinstalacion de 3 focos galpones en salón cochera.
1 reemplazo de los en cocina comedor por barril dicroica.
Fijado de 2 metros de cable canal en gimnasio con silicona (trabajo que fue hecho anteriormente por nosotros)
HORARIOS DE ENTRADA Y SALIDA
Entrada 09h salida 18:15";;;;;;;;;;;;;;;;;;
27/1/2026;;RAUL LA BOUTIQUE;;;DIAZ;"MANO DE OBRA REALIZADA
ACCION/ CANTIDAD / DESCRIPCION
*
Remplazo de fuentes de 5 amp
OBSERVACIONES GENERALES
*
Cambiar luces de la pileta 
HORARIO DE 10 A 11HS";;;;;;;;;;;;;;;;;;
28/1/2026;;LOCAL VITI;;;CORDOBA-CASAS;"MANO DE OBRA REALIZADA
ACCION/ CANTIDAD / DESCRIPCION
*
Picada y amurada de medidor con acometida trifásica.
Colocación de llave de punto en baño.
OBSERVACIONES GENERALES
*
Todo bien
HORARIOS DE ENTRADA Y SALIDA
*
8:35 a 12:20";;;;;;;;;;;;;;;;;;
28/1/2026;;PLAZA TRENTO;;;CORDOBA-CASAS;"MANO DE OBRA REALIZADA
ACCION/ CANTIDAD / DESCRIPCION
*
Desinstalación de 13 fuentes de tira led con cable de alimentación de los muebles.
Desinstalación de cartel de afuera de tonos.
Desinstalación de cartel de interior de tonos.
Desinstalación de 5 cámaras con cable UTP y DVR.
Desinstalación de 2 luces de emergencia.
Desinstalación de 3 TV
Desinstalación de huella digital
Sacamos 2 cables UTP de internet del router, 1 iba al DVR y el otro iba a la huella digital
OBSERVACIONES GENERALES
*
Ocupamos 1 cinta aisladora de 10M
HORARIOS DE ENTRADA Y SALIDA
*
13:00 a 17:40";;;;;;;;;;;;;;;;;;
28/1/2026;;ALEJANDRA ANDRADA;;;DIAZ-ARIAS;"MANO DE OBRA REALIZADA
ACCION/ CANTIDAD / DESCRIPCION
*
Colocación de 15 artefactos rectos chat gu10 (2234)
Reparación de A/A de 3200, cambio de orring en robinete
Carga de gas r22 : 1kilo
Reparación de caño en salida de compresion(pinchado por rosamiento)
Cableado de 5 metros, cable de 1,5 en luces exteriores.
OBSERVACIONES GENERALES
*
Falta llevar para colocar 3 artefactos Spot blancos para luces exteriores
HORARIOS DE ENTRADA Y SALIDA
*
Entrada 09h salida 18:40";;;;;;;;;;;;;;;;;;
29/1/2026;;DUMO LUISA;;;DIAZ-CASAS;"MANO DE OBRA REALIZADA
ACCION/ CANTIDAD / DESCRIPCION
*
Revision de ventilador de techo ( está cortada la bobina de trabajo)
Revision de portero eléctrico ( tiene cortado el cable utp)
OBSERVACIONES GENERALES
*
Hacer un presupuesto de un remplazo de ventilador de techo y un remplazo de cable utp 50 metros 
Y venderle un ventilador de techo 
HORARIOS DE ENTRADA Y SALIDA
*
10:15-11:15HS";;;;;;;;;;;;;;;;;;
29/1/2026;;ANIBAL ALGAÑARAZ;;;ARIAS-CORDOBA-ARIAS;"MANO DE OBRA REALIZADA
ACCION/ CANTIDAD / DESCRIPCION
*
Modificación de alimentación de heladera (están con el circuito de luces y la colocamos con los aires)
Revisión de problema eléctrica(saltaba el disyuntor cuando se prenden luces exteriores):
+Controlamos 3 retornos de 3 sectores de la vivienda: 1 de frente de casa, 1 de cantero de planta y 1 de una L de un cantero cerca de la cochera con 2 reflectores.
+Modificación de conexión de retornos. Quedó exclusivo el retorno de la L de la cantera con los reflectores.
+Revisión del recorrido de cada retorno para identificarlos (revisión de aproximadamente 12 bocas).
OBSERVACIONES GENERALES
*
Quedó andando de manera provisoria digamos. Porque tienen cañerías de con agua, cajas herrumbradas, cable sintenax por suelo. No sé ven cajas de inspecciones. 
Nacho decía que la solución en definitiva es hacer todo las luces exteriores de nuevo.
HORARIOS DE ENTRADA Y SALIDA
*
09:00 a 13:30";;;;;;;;;;;;;;;;;;
29/1/2026;;PATRICIA DE LUCA TONOS PLAZA TRENTO;;;TODOS;"MANO DE OBRA REALIZADA
ACCION/ CANTIDAD / DESCRIPCION
*
Desintalacion 24 plafonos 60×60 y cable de alimentacion de respectivos artefactos y desintalacion riesgoza de aire piso techo 18.000 frigorias ,desintalacion de 3 tomas y un punto y toma en ciarto del fondo tapamos el huevo del aire con poliretano 
OBSERVACIONES GENERALES
*
Faltan los artefactos de luz del local 
HORARIOS DE ENTRADA Y SALIDA
*
12:00 /18:00";;;;;;;;;;;;;;;;;;
30/1/2026;;PATRICIA DE LUCA TONOS PLAZA TRENTO;;;TODOS;"MANO DE OBRA REALIZADA
ACCION/ CANTIDAD / DESCRIPCION
*
Flete de AA piso techo 
OBSERVACIONES GENERALES
*
Lo dejamos en la casa de Fabián en el quincho 
Están los caños cable de intercomunicación y ménsulas 
HORARIOS DE ENTRADA Y SALIDA
*
08:50/09:38";;;;;;;;;;;;;;;;;;
30/1/2026;;FEDE OCAMPO;;;CORDOBA-ARIAS;"MANO DE OBRA REALIZADA
ACCION/ CANTIDAD / DESCRIPCION
*
Aire Marshall 6.15KW modelo MAS60HI6NI ubicado de habitación principal
-SERVICE COMPLETO CON DESINSTALACIÓN
-REEMPLAZO DE TOMA DE EMBUTIR DE 20A
-REEMPLAZO DE FICHA MACHO DE 20A
-COLOCACION DE MANGUERA DE CRISTAL DE 5/8.
-REEMPLAZO DE AISLANTE DE 1/4
-REEMPLAZO DE AISLANTE DE 5/8
-COLOCACION DE ESPUMA DE POLIURETANO
-REEMPLAZO DE CAPACITOR DE FORZADOR DE U.E DE 3.5 UF.
Aire LG de 3.517W modelo s4-w12ja3aa ubicado en habitación de hija
-SERVICE COMPLETO SIN DESINSTALACION
reinstalación de tortuguita en lavadero de la nueva ampliación. 
HORARIOS DE ENTRADA Y SALIDA
*
10:00 a 18:00";;;;;;;;;;;;;;;;;;
30/1/2026;;GASTON CARRIZO;;;DIAZ-CASAS;"MANO DE OBRA REALIZADA
ACCION/ CANTIDAD / DESCRIPCION
*
Instalación de dos extractores ( sacamos de elcon)
Cableamos 8 metros de cable 
Remplazo de una llave de un punto 
HORARIOS DE ENTRADA Y SALIDA
*
08:39/08:45,10:20/12:40";;;;;;;;;;;;;;;;;;
30/1/2026;;NICO GALLO;;;DIAZ-CASAS;"MANO DE OBRA REALIZADA
ACCION/ CANTIDAD / DESCRIPCION
*
Instalación de 15 metros de tira led y 4 fuentes de 5A en la pieza del medio 
Instalación de un artefactos luminoso en la pieza del medio 
Identificación y modificación de retorno para las tira led 
OBSERVACIONES GENERALES
*
Para la próxima visita llevar 8 focos luz cálida 
14 fuentes y 12 tiras led frías y 2 tiras LED cálida 
Tornillos para madera largos cortos y tornillos para durlok
3 tapas ciega de 5x10 
3 tapas ciega de 7x7 
Llevar la escalera de madera larga y los sunchos para colocar artefactos en el techo arriva de la escalera 
HORARIOS DE ENTRADA Y SALIDA
*
13:00/18:20";;;;;;;;;;;;;;;;;;
;;SEMANA 6;;;;;;;;;;;;;;;;;;;;;;
31/1/2026;;PATRICIA DE LUCA (TONOS 9 DE JULIO);;;ARIAS N - CORDOBA;"MANO DE OBRA REALIZADA
ACCION/ CANTIDAD / DESCRIPCION
*
A.A TCL UBICADO EN OFICINA DE PATRICIA
-REEMPLAZO DE CAPACITOR DE 2.5 DE FORZADOR DE U.E.
A.A SAMSUNG EN OFICINA DE PATRICIA
-CONTROL DE FUNCIONAMIENTO.
A.A PISO TECHO LG UBICADO EN SALON DE VENTAS 
-LIMPIEZA DE FILTROS.
A.A PISO TECHO UBICADO EN SALON DE VENTAS
-LIMPIEZA DE FILTROS.
OBSERVACIONES GENERALES
*
Falta revisar fuentes de tiras leds, revisar tiras led de muebles, colocar cables para cámaras y cámaras.
HORARIOS DE ENTRADA Y SALIDA
*
09:00 a 12:00";;;;;;;;;;;;;;;;;;
31/01/2026;;LUISINA SANT SILES;;;ARIAS N - CORDOBA;;;;;;;;;;;;;;;;;;;
2/2/2026;1;DUMO LUISA;;;DIAZ-CASAS;"MANO DE OBRA REALIZADA
ACCION/ CANTIDAD / DESCRIPCION
*
Remplazo de cable utp para portero eléctrico 
Remplazo de manguera de desagüe AA split de la primera pieza en el primer piso 
HORARIOS DE ENTRADA Y SALIDA
*
09:00/13:03";;;;;;;;;;;;;;;;;;
2/2/2026;2;IGNACIO MORALES;;;CORDOBA-ARIAS;"MANO DE OBRA REALIZADA
ACCION/ CANTIDAD / DESCRIPCION
*
A.A Hitachi 5400W ubicado en habitación principal
-REEMPLAZO DE MANGUERA DE DESAGOTE.
-MODIFICACION DE INCLINACION DE PASE DE SUNCHO, LE FALTABA CAIDA (ESTABA TRANCADA LA MANGUERA)
-COLOCACION DE ESPUMA DE POLIURETANO PORQUE (CAIA EL AGUA DE LA MANGUERA DE DESAGUE DEL AIRE DE ARRIBA JUSTO EN EL SUNCHO DE NACHO)
-COLOCACION DE TACOS EN PLANTILLA QUE ESTABA FLOJA
OBSERVACIONES GENERALES
*
El aire tiraba frío, las bandejas tenían algo apenas de suciedad. 

HORARIOS DE ENTRADA Y SALIDA
*
12:30 a 14:50";;;;;;;;;;;;;;;;;;
2/2/2026;3;PASTELERIA CON AMOR;;;CORDOBA-ARIAS;"MANO DE OBRA REALIZADA
ACCION/ CANTIDAD / DESCRIPCION
*
Aire BGH 6500W ubicado en recepción.
-SERVICE COMPLETO SIN DESINSTALACIÓN.";;;;;;;;;;;;;;;;;;
2/2/2026;4;NICO GALLO;;;DIAZ-CASAS;"MANO DE OBRA REALIZADA
ACCION/ CANTIDAD / DESCRIPCION
*
Instalación de 20 metros de tira led fría ( living)
Instalación de 4 fuentes de 5 A
Instalación de un artefactos colgante circular de 6 anillos ( cosina)
OBSERVACIONES GENERALES
*
Para mñn traer 10 focos cálidos 
5 Tapa siegas 5x10 
HORARIOS DE ENTRADA Y SALIDA
*
14:00/18:10";;;;;;;;;;;;;;;;;;
3/2/2026;5;LUISINA SANT SILES;;;CORDOBA-ARIAS;"MANO DE OBRA REALIZADA
ACCION/ CANTIDAD / DESCRIPCION
*
A.A SURREY 2.61kW ubicado en habitación del hijo 
SERVICE COMOLETO CON DESINSTALACIÓN 
OBSERVACIONES GENERALES
*
Colocamos el capacitor de 50UF en el aire que vimos con nacho el sábado. El diplomatic
HORARIOS DE ENTRADA Y SALIDA
*
8:40 a 12:10";;;;;;;;;;;;;;;;;;
3/2/2026;6;NICO GALLO;;;DIAZ-CASAS;"MANO DE OBRA REALIZADA
ACCION/ CANTIDAD / DESCRIPCION
*
Instalación de 20 metros de tiras led fría cosina 
Instalación de dos fuentes de 30 A 
Instalación de tres llaves de combinaciones en la escalera 
Reconexión de un artefactos en la pieza principal 
Instalación de un artefactos colgante en el baño de la pieza principal 
Colocación de 11 tapas ciega de 5x10 
Acomodamos 7 artefactos que estaban colgando 
Le pusimos los tornillos a 6 bocas que estaban colgadas 
Colocación de embellecedores a 60 bocas 
Colocación de 16 focos luz cálida 9 w
Regulación de 30 bocas que estaban cruzadas
Remplazo de 6 medios módulos puntos
Instalación de un toma de 20 A en el baño de servicio 
OBSERVACIONES GENERALES
*
Mñn llevar amoladora con disco de vidia 
Y tornillos del 6 largos 

HORARIOS DE ENTRADA Y SALIDA
*
08:40/17:58";;;;;;;;;;;;;;;;;;
3/2/2026;7;LILIANA PREBENDE;;;VERA LOPEZ;"MANO DE OBRA REALIZADA
ACCION/ CANTIDAD / DESCRIPCION
*
Revisión de Lavarropas para presupuesto 
OBSERVACIONES GENERALES
*
Cambio de cableado 
HORARIOS DE ENTRADA Y SALIDA
*
09:00 a 10:00";;;;;;;;;;;;;;;;;;
3/2/2026;8;CON AMORE PASTELERIA;;;VERA LOPEZ;"PASTELERIA CON AMORES:
MANO DE OBRA:
HELADERA EXIBIDORA VERTICAL 1 :.Tenia ruido q provenía del forzador
Tenía salido el soporte del eje del forzador, donde lo engrase y lo coloque nuevamente qdando funcionando bien
En el caso q vuelva a hacer ruido ya abría q cambiarlo
HELADERA EXIBIDORA VERTICAL 2: Otra heladera de las mismas pero no tenía luz
La revise y tenía rota la llave de luz en la cual se le colocó una nueva
HELADERA EXIBIDORA VERTICAL 3. Otra heladera también de las mismas q no les enfriaba bien, esa la revise y estaba obstruida por congelamiento, medi y controle termostato y funciona, forzador funciona, manguera de descarga de agua no está obstruida, lo q si ví un caño ahí q está medio sospechozo pero hay q ver cómo funciona la heladera mañana porque la dejé apagada q se descongele y mañana q la prueben para ver si enfría o no para empezar a ver si es problema de gas";;;;;;;;;;;;;;;;;;
3/2/2026;9;BRENDA PIOLI;;;VERA LOPEZ;"MANO DE OBRA REALIZADA
ACCION/ CANTIDAD / DESCRIPCION
*
El lavarropas es un Drean Fuzzy Logic carga superior donde al lavar hace ruido en los engranajes de la caja del eje
La clienta me dice q ella metió un acolchado y al centrifugar empezó a tirar agua por los costados y moviéndose para todos lados y de ahí empezó hacer ruido
El agua q caía no era por una perdida de agua sino porque se rebasó el tacho y caía agua
El lavarropas es de 5kg q al meterle el acolchado supera el doble de esa capacidad por eso lo estropeó y dañó interiormente la caja";;;;;;;;;;;;;;;;;;
3/2/2026;10;DE LUCA PATRICIA;;;CORDOBA-ARIAS;"MANO DE OBRA REALIZADA
ACCION/ CANTIDAD / DESCRIPCION
*
A.A Samsung de 3mil ubicado en pasillo de oficina de Patricia. 
-DESINTALACION Y TRAJIMOS AL TALLER
-SERVICE COMPLETO 
-REEMPLAZO DR CAPACITOR DE 1.5 DE FORZADOR DE U.E
-LO VOLVIMOS A INSTALAR.
OBSERVACIONES GENERALES
*
Le faltaba gas al aire, tenía aproximadamente la mitad de la carga. Nosotros le comentamos la carga. No tenía la etiqueta de cuánto lleva. Ocupamos gas R410A
HORARIOS DE ENTRADA Y SALIDA
*
12:40 a 19:00";;;;;;;;;;;;;;;;;;
3/2/2026;11;COLON (SUC 25 DE MAYO);;;CORDOBA-ARIAS;"MANO DE OBRA REALIZADA
ACCION/ CANTIDAD / DESCRIPCION
*
Revisión de aire Surrey ubicado en sala de reuniones. 
- revisión de presiones y recalentamiento
-revision de calcula térmico del ambiente para dicho aire.
-Revision de posible cambio de lugar de U.E de dicho aire
OBSERVACIONES GENERALES
*
Al parecer el aire está bien. Tiene gas y un recalentamiento bueno. Solo que la capacidad del aire en frigorias es mucho menor al necesario para el ambiente.
HORARIOS DE ENTRADA Y SALIDA
*
15:30 a 17:30";;;;;;;;;;;;;;;;;;
4/2/2026;12;NICO GALLO;;;DIAZ-CASAS;"MANO DE OBRA REALIZADA
ACCION/ CANTIDAD / DESCRIPCION
*
Instalación de 2 artefactos para aplicar en el baño de servicio 
Instalación de un artefactos en balcon 2do piso 
Cableado 4 metros para mueble del medio con una zapatilla de 4 tomas en la pieza principal 
Colocación de 10 tomas que estaban colgando con sus embellecedores y en 4 tomas tuvimos que cortar el cerámico para poder ponerlo a dentro
Instalación de un artefactos LED de 5 anillos ( en altura MUY RIESGOSO) armado de dos cuerpos de andamios en la escalera
HORARIOS DE ENTRADA Y SALIDA
*
08:40 /17:50";;;;;;;;;;;;;;;;;;
4/2/2026;13;RAUL LA BOUTIQUE;;;CORDOBA-ARIAS;"MANO DE OBRA REALIZADA
ACCION/ CANTIDAD / DESCRIPCION
*
Revisión A A YORK DE 13MIL FRIGORIAS
-CONTROL DE LOS 2 FORZADORES DE U.E
-REEMPLAZO DE 1 CAPACITOR DE 5UF EN UN FORZADOR.
-DESINTALACION DE 1 FORZADOR QUE NO ANDA. LO LLEVAMOS A SELIUS.
OBSERVACIONES GENERALES
*
Selius va a informar el diagnóstico y el presupuesto.
HORARIOS DE ENTRADA Y SALIDA
*
8:40 a 10:00";;;;;;;;;;;;;;;;;;
4/2/2026;14;PATRICIA DE LUCA;;;CORODBA-ARIAS;"MANO DE OBRA REALIZADA
ACCION/ CANTIDAD / DESCRIPCION
*
Colocación de TV en la oficina de Patricia para ver las cámaras.
Alimentación de TV (1 boca cableada por cielo raso)
Revisión de tiras led. Contamos metros que harán falta para reemplazarlas.
OBSERVACIONES GENERALES
*
Faltaría ver la conexión de las cámaras al TV 
HORARIOS DE ENTRADA Y SALIDA
*
11 a 13:40";;;;;;;;;;;;;;;;;;
4/2/2026;15;PABLO TORRES;;;CORODBA-ARIAS;"MANO DE OBRA REALIZADA
ACCION/ CANTIDAD / DESCRIPCION
*
Reparación en aire A/A de 3.000 fg.
Soldadura por perdida en caño de retorno
Cambio de obu (perdida)
Cambio de capacitores de 3 y 50 uf
Colocación de aislantes uno de 1/4 y uno de 1/2
Cinta Aislante blanca sin pega
Carga de gas r22 
Se realizo presurizado con nitrógeno ( sin fuga)
Se realizo vacío con bomba
OBSERVACIONES GENERALES
*
El equipo presenta una fuga de corriente 
El condensador esta sucio (service)
HORARIOS DE ENTRADA Y SALIDA
*
Entrada 17h salida 20h.";;;;;;;;;;;;;;;;;;
5/2/2026;16;NICO GALLO;;;DIAZ-CASAS;"MANO DE OBRA REALIZADA
ACCION/ CANTIDAD / DESCRIPCION
*
Ayer y hoy armado y desarmado de andmiosdos cuerpos en escalera en primer y segundo piso colocacion de artefactode aplicar dicroica grande en altura cableado sobre el cielo razo para prender los artefactos sobre la escalera 
Cableado 10 mts para 4 artefactos para la entrada de la casa de gallo 
Armado de 2 bocas en la cosinaConeccion de retornos para fuentes del frente
2 artefactos con dicroica grande
OBSERVACIONES GENERALES
*
Falta que terminen de poner las placas de durlok en frente para terminar de poner los artefactos";;;;;;;;;;;;;;;;;;
5/2/2026;17;NICO ALANIZ;;;CORDOBA-ARIAS;"MANO DE OBRA REALIZADA
ACCION/ CANTIDAD / DESCRIPCION
*
Visita al lugar para saber que es lo que quiere hacer. 
OBSERVACIONES GENERALES
*
Debe ir el técnico del lector de precios para que definan donde lo pondrán al aparato. Y saber cómo será la conexión y todo los accesorios que tendrá.
HORARIOS DE ENTRADA Y SALIDA
*
10:30 a 11:00";;;;;;;;;;;;;;;;;;
5/2/2026;18;ROSARIO FERREYRA;;;CORDOBA-ARIAS;"MANO DE OBRA REALIZADA
ACCION/ CANTIDAD / DESCRIPCION
*
A.A ventana de 3000kcal/h ubicado en dormitorio principal
-SERVICE COMPLETO EN EL LUGAR.
A.A Split de 2680W ubicado en dormitorio de hija y nieto 
-SERVICE COMPLETO SIN DESINSTALACION EN EL LUGAR.
-REEMPLAZO DE CAPACITOR DE 25UF DE MC DE U.E
OBSERVACIONES GENERALES
*
Todo ok 
HORARIOS DE ENTRADA Y SALIDA
*
11:40 a 16:40";;;;;;;;;;;;;;;;;;
5/2/2026;19;RICKY BAUDINO;;;CORDOBA-ARIAS;"MANO DE OBRA REALIZADA
ACCION/ CANTIDAD / DESCRIPCION
*
A.A Split de 3mil ubicado en dormitorio principal
-REVISION DE PRESIONES Y RECALENTAMIENTO.
-REVISION DE CAPACITORES.
-REEMPLAZO DE CAPACITOR DE 3UF DE FORZADOR DE U.E
-REVISION DE SENSORES DE U.I
-REEMPLAZO DE SENSOR DE AMBIENTE DE U.I
OBSERVACIONES GENERALES
*
Todos los valores daban bien. Solo los distintos valores en K de los sensores de U.I. Este aire tienen pérdida de corriente, de 70V. Es un modelo viejo y tiene gas R22";;;;;;;;;;;;;;;;;;
6/2/2026;20;NICO ALANIZ;;;CORDOBA-ARIAS;"MANO DE OBRA REALIZADA
ACCION/ CANTIDAD / DESCRIPCION
*
Armamos 1 boca cablecanal
Cableados 1 boca cablecanal
Modificación de soporte de tv para el 
Colocación de monitor
Colocación de lector
Colocación de compu 
OBSERVACIONES GENERALES
*
Falta que vaya el de sistema a terminar de conectar y que quede funcionando
HORARIOS DE ENTRADA Y SALIDA
*
10:00 a 14:20";;;;;;;;;;;;;;;;;;
6/2/2026;21;ARIEL SCHMIRA;;;CASAS;"MANO DE OBRA REALIZADA
ACCION/ CANTIDAD / DESCRIPCION
*
Revice la caja 20x20 para ver si no entraba agua no se vió que tenga agua de igual manera le puse silicona a la vuelta,abri dos bocas que se notaba la pared umeda ,me fijé los puntos y tomas que tiene en el patio en el exterior ,
Le anule un toma del exterior que tenía rota la tapa ( lo anule para ver si vuelve a saltar) 
OBSERVACIONES GENERALES
*
Todo ese trabajo realizado fuen con lluvia 
Le expliqué a Vanesa ( es la chica que limpia) todo lo que se realizó y le dije que si vuelve a saltar nos avisara 
(Desde que llegamos hasta que nos fuimos no salto ningún termomagnético y el diferencial) 
HORARIOS DE ENTRADA Y SALIDA
*
08:48/09:47";;;;;;;;;;;;;;;;;;
6/2/2026;22;ANA TOURNIER (LE PARK);;;CASAS-DIAZ;"MANO DE OBRA REALIZADA
ACCION/ CANTIDAD / DESCRIPCION
*
Instalación de aire acondicionado 3000 frigorías 
En la oficina lado de la cosina 
Instalación de una bomba de agua value para el desagüe de aire 
Remplazo de toma 20 A 
OBSERVACIONES GENERALES
*
La instalación fue con 10 metros de caños desarmamos el cieloraso para pasar al entre techo y pasamos lo caños por medio de un revestimiento de chapa la manguera del desagüe tiene el mismo recorrido que los caños salen al techo de los baños ( en la loza) 
Ocupamos las dos escalas estensible para poder pasar los caños del entre techo asta la loza
HORARIOS DE ENTRADA Y SALIDA
*
13:30/ 18:40";;;;;;;;;;;;;;;;;;
;;SEMANA 7;;;;;;;;;;;;;;;;;;;;;;
9/2/2026;23;LEONARDO NEW CONCEPT;;;DIAZ-CASAS;"MANO DE OBRA REALIZADA
ACCION/ CANTIDAD / DESCRIPCION
*
Revisamos el AA piso techo para ver dónde tenía una fuga de corriente y la encontramos en la bocha 
Anulación del diferencial para el aire acondicionado de la entrada 
OBSERVACIONES GENERALES
*
Le expliqué a la señora que le saque el disyuntor al aire acondicionado para darle una solución ahora y no dejarla sin el aire , le expliqué que para darle una solución ah esa fuga de corriente que tiene el aire acondicionado le tendríamos que hacer un cambio de bocha y me entendió perfectamente me dijo que estaba bien así que ya suponía ella que le tenía que cambiar la bocha porque Nico le dijo 
HORARIOS DE ENTRADA Y SALIDA
*
09:00/11:16";;;;;;;;;;;;;;;;;;
9/2/2026;24;NICO GALLO;;;DIAZ-CASAS;"MANO DE OBRA REALIZADA
ACCION/ CANTIDAD / DESCRIPCION
*
Instalación de una caja estanca 
Cableamos linea trifásica 15 metros 
Armado de tablero con una térmica tetrapola y un diferencial tetrapola una bipolar 
Le pusimos dos riel din 
HORARIOS DE ENTRADA Y SALIDA
*
11: 50/12:30 13:40/18:07";;;;;;;;;;;;;;;;;;
9/2/2026;25;FERNANDEZ PUGLIESE;;;CORDOBA-ARIAS;"MANO DE OBRA REALIZADA
ACCION/ CANTIDAD / DESCRIPCION
*
Cambio de capacitor de compresor
Se utilizo 2 ficha terminales para capacitor
1 capacitor de 45uf.
OBSERVACIONES GENERALES
*
El equipo se va a tierra ..tiene 40v
HORARIOS DE ENTRADA Y SALIDA
*
08:30h. Salida 09:35";;;;;;;;;;;;;;;;;;
9/2/2026;26;COLON (CARTEL);;;CORDOBA-ARIAS;;;;;;;;;;;;;;;;;;;
10/2/2026;27;NICO GALLO;;;DIAZ-CASAS;"MANO DE OBRA REALIZADA
ACCION/ CANTIDAD / DESCRIPCION
*
Instalación de una térmica bipolar 16 A 
Instalación de reloj digital 
Instalación de una jabalina de un metro 
Corrección de fases
OBSERVACIONES GENERALES
*
Falta programar el reloj y instalar el calentador cuando llegue 
HORARIOS DE ENTRADA Y SALIDA
*
08:30/11:40";;;;;;;;;;;;;;;;;;
10/2/2026;28;VERGARA ROIG;;12:48HS-13:45HS;DIAZ-CASAS;"MANO DE OBRA REALIZADA
ACCION/ CANTIDAD / DESCRIPCION
*
Revisamos el tablero de cuarto de bombas todos los circuitos con el megometro 
Solamente una línea marco resistencia 
Por el momento no salto nada 
HORARIOS DE ENTRADA Y SALIDA
*
12:48/13:45";;;;;;;;;;;;;;;;;;
10/2/2026;29;RICKY BAUDINO;;;DIAZ-CASAS;"MANO DE OBRA REALIZADA
ACCION/ CANTIDAD / DESCRIPCION
*
Desinstalación de una placa de aire acondicionado de la pieza 
OBSERVACIONES GENERALES
*
Tenemos que revisarla para ver si el reley está activando bien 
Solucion cambiar por una placa universal 
HORARIOS DE ENTRADA Y SALIDA
*
17:30/17:55";;;;;;;;;;;;;;;;;;
10/2/2026;30;MAXIMILIANO MOLINA;;;DIAZ-CASAS;"MANO DE OBRA REALIZADA
ACCION/ CANTIDAD / DESCRIPCION
*
7 bocas cableadas 
Pusimos 2 tomas dobles de 10 amp
Pusimos 2 tomas simple de 10 amp para exterior 
Pusimos 2 reflectores de 50 w 
Pusimos 1 reflector de 10 w 
Pusimo una tapa ciega de 7 × 7 
Ocupamos 10 mts de cable de 1,5 color rojo ,azul y verde amarillo 
HORARIOS DE ENTRADA Y SALIDA
*
15:00 / 17:00";;;;;;;;;;;;;;;;;;
10/2/2026;31;COLON (CARTEL);;;CORDOBA-ARIAS;"RESTARURACION DE CRUZ, CAMBIO DE LED BOMBIN
HORARIO: 8:00 A 18:30HS";;;;;;;;;;;;;;;;;;
10/2/2026;32;JOSE (AMIGO RAMIRO);;;CASAS;"MANO DE OBRA REALIZADA
ACCION/ CANTIDAD / DESCRIPCION
*
Desestrangule la puntera de ½ (retorno)de un aire acondicionado de 3.000 frigorías unidad interior 
HORARIOS DE ENTRADA Y SALIDA
*
18:47/19:08";;;;;;;;;;;;;;;;;;
11/2/2026;33;FARMACIA COLON;;;DIAZ-CASAS;"MANO DE OBRA REALIZADA
ACCION/ CANTIDAD / DESCRIPCION
*
Visita 
OBSERVACIONES GENERALES
*
Tienen que cordinar con Luis y la contadora cuando lo pueden sacar al equipo y en qué horario se puede trabajar hoy estaba ocupada la sala y es imposible trabajar 
( Hablé con una de las encargadas y me dijo que después de las 3 de la tarde ya casi no entra nadie en esa sala ) 
HORARIOS DE ENTRADA Y SALIDA
*
08:30/08:58";;;;;;;;;;;;;;;;;;
11/2/2026;34;NICO GALLO;;;DIAZ-CASAS;"MANO DE OBRA REALIZADA
ACCION/ CANTIDAD / DESCRIPCION
*
Programación de reloj digital ( franco pidió que arranque a las 7 de la mñn y se apague a las 9 de la mñn todos los días )
Instalación de bomba de agua de la pileta 
OBSERVACIONES GENERALES
*
Le pusimos la bomba de agua para dejarle todo en funcionamiento pero dejaron las las medidas de los caños y pierde agua por la tapa del filtro de la bomba y por el tanque del filtro 
HORARIOS DE ENTRADA Y SALIDA
*
09:08/10:19";;;;;;;;;;;;;;;;;;
11/2/2026;35;RICKY BAUDINO;;;DIAZ-CASAS;"MANO DE OBRA REALIZADA
ACCION/ CANTIDAD / DESCRIPCION
*
Revision de plaquetas original del aire acondicionado 
Remplazo de plaquetas universal 
Aire acondicionado de la pieza 
HORARIOS DE ENTRADA Y SALIDA
*
13:00/13:50";;;;;;;;;;;;;;;;;;
11/2/2026;36;TONOS PERFUMERIA;;;CORDOBA-ARIAS;"MATERIALES UTILIZADOS
Nº DE REMITO
*
Ocupamos 1 lámpara AR111 DE 3K. Cinta aisladora 
MANO DE OBRA REALIZADA
ACCION/ CANTIDAD / DESCRIPCION
*
Reemplazo de lámpara Ar111 de 3k.
Reconexión de socalo de lámpara Ar111 que está desempalmado.
Se estuvo probando cable con adaptadores para que transmite la señal de las cámaras al TV de la oficina de la Patricia.
OBSERVACIONES GENERALES
*
No funcionó la conexión de los cables y adaptadores. Se debería volver a revisar ese tema. 
HORARIOS DE ENTRADA Y SALIDA
*
10:20 a 14:40";;;;;;;;;;;;;;;;;;
11/2/2026;37;COLON (CARTEL COMERCIAL);;;CORDOBA-ARIAS;"MANO DE OBRA REALIZADA
ACCION/ CANTIDAD / DESCRIPCION
*
Seguimos viendo la segunda mitad del cartel led que falta terminar 
OBSERVACIONES GENERALES
*
Aún queda un par de horas con la otra mitad del cartel
HORARIOS DE ENTRADA Y SALIDA
*
15:30 a 18:20";;;;;;;;;;;;;;;;;;
12/2/2026;38;NICO GALLO;;;DIAZ-CASAS;"MANO DE OBRA REALIZADA
ACCION/ CANTIDAD / DESCRIPCION
*
Configuración de cerradura electrónica 
Instalación de cerradura electrónica en reja del frente 
Desinstalación de cerradura electrónica reja del frente 
Instalación de cerradura electrónica la puerta de la casa
Instalación de una boca 
OBSERVACIONES GENERALES
*
Se instaló una caja de 10 por 10 PVC para poder esconder el transformador
HORARIOS DE ENTRADA Y SALIDA
*
08:10/18:13";;;;;;;;;;;;;;;;;;
12/2/2026;39;TONOS;;;CORDOBA-ARIAS-ELIZONDO;"MANO DE OBRA REALIZADA
ACCION/ CANTIDAD / DESCRIPCION
*
Cableado por cielo raso de HDMI de 40mts. 
Configuración de DVR
HORARIOS DE ENTRADA Y SALIDA
*
Entrada: 11hs Salida: 16hs";;;;;;;;;;;;;;;;;;
12/2/2026;40;COLON(CARTEL);;;CORDOBA;"MANO DE OBRA REALIZADA
ACCION/ CANTIDAD / DESCRIPCION
*
Seguimos con la otra mitad del cartel
OBSERVACIONES GENERALES
*
Reemplazo todos los leds, solo que falta revisar como son las conexiones para que prendan todos 
HORARIOS DE ENTRADA Y SALIDA
*
8:30 a 12:30 aproximadamente luego de 16:30 a 18:49";;;;;;;;;;;;;;;;;;
12/2/2026;41;COLON (STAND CHAYA);;;ARIAS N-DIAZ;;;;;;;;;;;;;;;;;;;
13/2/2026;42;COLON (STAND CHAYA);;;DIAZ-CASAS;"MANO DE OBRA REALIZADA
ACCION/ CANTIDAD / DESCRIPCION
*
Instalación de 9 reflectores 
Instalación de una zapatilla 
Fabricación y instalación de un sombrero para el tablero eléctrico 
OBSERVACIONES GENERALES
*
Falta que confirmen en dónde y como quieren las luz LED de neon 
HORARIOS DE ENTRADA Y SALIDA
*
08:40/10:50";;;;;;;;;;;;;;;;;;
13/2/2026;43;COLON (CARTEL);;;CORDOBA-ARIAS-DIAZ-CASS;"MANO DE OBRA REALIZADA
ACCION/ CANTIDAD / DESCRIPCION
*
Terminamos de conectar todos los leds. Se probó y se armó la cruz de nuevo.
OBSERVACIONES GENERALES
*
Los changos se la llevaron para colocarla en la chaya 
HORARIOS DE ENTRADA Y SALIDA
*
08:00 a 12 Martín y Pablo. De 12:30 a 15 casa, Diaz, arias M y arias N";;;;;;;;;;;;;;;;;;
13/2/2026;44;VICTOR MAIDANA;;;DIAZ-CASAS;"MANO DE OBRA REALIZADA
ACCION/ CANTIDAD / DESCRIPCION
*
Carga de refrigerante aire acondicionado split 
OBSERVACIONES GENERALES
*
Lo necesitan urgente para este finde de semana para una visita y ellos dicen que dura entre 10 a 15 días el refrigerante porque después de esos días ya no enfría nada , entonces lo presurice con nitrógeno para ver qué tan rápido lo perdía y en 20 minutos no bajo nada le realizamos básico y le cargamos refrigerante de nuevo 
Quedamos en que cuando se vayan las visitas nos van a avisar para que lo veamos de nuevo y le expliqué que lo tenemos que retirar a equipo para verificar la perdida 
HORARIOS DE ENTRADA Y SALIDA
*
11:30/12:52";;;;;;;;;;;;;;;;;;
13/2/2026;45;COLON (STAND CHAYA);;;ARIAS NACHO -DIAZ;;;;;;;;;;;;;;;;;;;
;;SEMANA 8;;;;;;;;;;;;;;;;;;;;;;
16/2/2026;46;COLON (STAND CHAYA);;08:40HS-09:30HS;CORDOBA-DIAZ;"MANO DE OBRA REALIZADA
ACCION/ CANTIDAD / DESCRIPCION
*
Desinstalación de todo lo eléctrico de los 2 stand de la colon
OBSERVACIONES GENERALES
*
Todo normal. Faltaba una lámpara, no estaba cuando llegamos. Es del stand cerca del túnel 
HORARIOS DE ENTRADA Y SALIDA
*
08:40 a 09:30";;;;;;;;;;;;;;;;;;
16/2/2026;;TATIANA OCHOA;;;CORDOBA-DIAZ;"MANO DE OBRA REALIZADA
ACCION/ CANTIDAD / DESCRIPCION
*
Anulación de tortuguita de luz exterior en patio. No tenía el vidrio que lo protege 
OBSERVACIONES GENERALES
*
Llegamos y estaba todo bien. Suponemos que por esa lámpara será que moja y queda sin luz cuando llueve. Hay que hacer seguimiento.
HORARIOS DE ENTRADA Y SALIDA
*
10:00 a 10:20";;;;;;;;;;;;;;;;;;
16/2/2026;47;COLON (SANATORIO RIOJA);;;CORDOBA-DIAZ;"MANO DE OBRA REALIZADA
ACCION/ CANTIDAD / DESCRIPCION
*
Reemplazo de 2 reflectores de 150W. 
Desinstalación de cruz chica.
Instalación de cruz grande (que reparamos) con fuente.
OBSERVACIONES GENERALES
*
Trajimos extractor para el baño que es del local, pero es grande. La farmacia ya cerró y falta esto del extractor, que es de un caño de 100 y ver un aire piso techo, que está cerca de la zona de vendedores.
HORARIOS DE ENTRADA Y SALIDA
*
10:30 a 10:50 y de 11:30 a 13:10";;;;;;;;;;;;;;;;;;
16/2/2026;48;VALDEZ GONZALO (KS INMOBILIARIA);;;CORDOBA-DIAZ;"MANO DE OBRA REALIZADA
ACCION/ CANTIDAD / DESCRIPCION
*
Solución de pérdida de corriente
OBSERVACIONES GENERALES
*
La tierra estaba energizada, tenía 150v a 180V. Eso tenía con el termotanque encendido. Sin el termotanque, el lavar ropa tenia 50V. El A.A también tenía 180V. Entonces seguimos la tierra desde el primer piso a la planta baja, donde hay una caja de paso en la cual pasan los cables de alimentación de los departamentos y otros cables. Ahí había un cable de fase que perdió aislación y estaba energizando la PAT. Entonces aislamos todos esos cables y dejó de estar energizada la PAT.
HORARIOS DE ENTRADA Y SALIDA
*
14:10 a 14:50";;;;;;;;;;;;;;;;;;
16/2/2026;49;NICOLAS GALLO;;;CORDOBA-DIAZ;"MANO DE OBRA REALIZADA
ACCION/ CANTIDAD / DESCRIPCION
*
Colocación de 2 artefactos
Volvimos a colgar toma doble.
Llevamos minicontactor de 220V Marca si a
OBSERVACIONES GENERALES
*
1 contactor que llevamos no accionaba al alimentar la bobina de 220V. Habíamos llevado otro por las dudas y ese sí anduvo bien.
HORARIOS DE ENTRADA Y SALIDA
*
16:00 a 16:40 y de 17:00 a 17:45";;;;;;;;;;;;;;;;;;
17/2/2026;50;COLON (SANATORIO RIOJA);;;CORDOBA-CASAS;"MANO DE OBRA REALIZADA
ACCION/ CANTIDAD / DESCRIPCION
*
Reemplazo de extractor de 4"" en el baño.
HORARIOS DE ENTRADA Y SALIDA
*
09:25 a 10:15";;;;;;;;;;;;;;;;;;
17/2/2026;51;SILVANA OLIVA;;;CORDOBA-CASAS;"MANO DE OBRA REALIZADA
ACCION/ CANTIDAD / DESCRIPCION
*
Revisión de ventilador de techo, lo trajimos para seguir revisándolo bien
OBSERVACIONES GENERALES
*
Traemos ventilador de techo porque queda zumbando y está bien el capacitor.
Cuando lo trajimos al taller descrubimos que no arranca solo, necesita un empujón. Y también cuando empieza a girar, lo hace sin fuerza. Nacho dijo que es la bobina de arranque que está fallando. En teoría él le iba a ofrecer un ventilador para venderle. No sé en qué habrá quedado.
HORARIOS DE ENTRADA Y SALIDA
*
10:40 a 11 25";;;;;;;;;;;;;;;;;;
17/2/2026;52;LOCAL VITI;;;ARIAS-CORDOBA-CASAS;"MANO DE OBRA REALIZADA
ACCION/ CANTIDAD / DESCRIPCION
*
Movimos de lugar trabajo
Picamos 3 bocas de la caja de paso al tablero
Colocamos 1 caja de paso de 10x10 de pvc
Amuramos 3 bocas de la caja de paso al tablero
Picamos caja de medidor de gas
Tapamos canaletas donde iba a ir el viejo caño de gas (4 derivaciones y una rama principal)
OBSERVACIONES GENERALES
*
Falta terminar de tapar un caño y armar de nuevo el tablero. Faltaría cable 
HORARIOS DE ENTRADA Y SALIDA
*
11:00(Arias M) 13:00 a 18 (los 3)";;;;;;;;;;;;;;;;;;
18/2/2026;53;VICTOR MAIDANA;;;CASAS-ARIAS M;"MANO DE OBRA REALIZADA
ACCION/ CANTIDAD / DESCRIPCION
*
Desisnstalacion de A/A tipo Split 3.000fg.de primer pieza planta alta.
Se limpio filtro y desagüe de equipo split en pieza (del hijo) planta alta (arrojaba agua hacia aeentro)
Leandro= realizo desarmado y presurizacion, sumergido en agua para buscar perdidas de unidad interior y exterior.
Se realizo cambio de orín y vacio
OBSERVACIONES GENERALES
*
Retiramos para revisar micro perdida ( tuerca fisurada)
HORARIOS DE ENTRADA Y SALIDA
*
8:58 / 10:17h.";;;;;;;;;;;;;;;;;;
18/2/2026;54;VERGARA ROIG;;09:00HS-10:00HS;DIAZ-CORDOBA;"MANO DE OBRA REALIZADA
ACCION/ CANTIDAD / DESCRIPCION
*
Revisión funcionamiento de flotante eléctrico.
Revisión de tomas de 2 bombas
Revisión de nivel de agua de las 2 cisternas de Vergara Roig 
Limpieza de cámara de inspección subterráneo 
OBSERVACIONES GENERALES
*
Los tomas y el flotante están funcionando bien, los tomas no están andando porque no hay agua en la cisterna y así están protegiendo que la bomba no trabaje en vacío y se queme. 
Estuvimos buscando una cámara de inspección subterránea que se llenó de papel, piedras y tierra
La pudimos limpiar y tapar 
HORARIOS DE ENTRADA Y SALIDA
*
9:00 a 10:6";;;;;;;;;;;;;;;;;;
18/2/2026;55;ALGAÑARAZ ANIBAL;;;CASAS-ARIAS M;"MANO DE OBRA REALIZADA
ACCION/ CANTIDAD / DESCRIPCION
*
Inspección y control de A/A en pieza principal planta alta
Inspección de A/A en pieza planta baja
OBSERVACIONES GENERALES
*
Ambos aires arrojan agua hacia adentro
Realizar service
HORARIOS DE ENTRADA Y SALIDA
*
Entrada 11:45 salida 12:29";;;;;;;;;;;;;;;;;;
18/2/2026;56;RAUL LA BOUTIQUE;;;DIAZ-CORDOBA;"MANO DE OBRA REALIZADA
ACCION/ CANTIDAD / DESCRIPCION
*
Reemplazo de forzador de U.E de aire piso techo, el que está cerca del baño 
OBSERVACIONES GENERALES
*
Le dijimos al cliente que lo pruebe al aire y que cualquier cosa nos informe 
HORARIOS DE ENTRADA Y SALIDA
*
11:45 a 12:45";;;;;;;;;;;;;;;;;;
18/2/2026;57;EZEQUIEL BARRERA;;;DIAZ-CORDOBA;"MANO DE OBRA REALIZADA
ACCION/ CANTIDAD / DESCRIPCION
*
Destrancamos desagüe de aire Split, el que está cerca del vendedor.
Limpiamos bandeja de U.I
OBSERVACIONES GENERALES
*
Cuando llegamos el aire Split perdía agua, estaba sucio la bandeja y trancada la manguera de desagüe. La limpiamos y estuvimos probando echándole 2 botellas de 2L de agua. Quedó bien pero le dijimos al cliente que lo pruebe y que cualquier cosa nos informe.
HORARIOS DE ENTRADA Y SALIDA
*
13:20 a 13:50";;;;;;;;;;;;;;;;;;
18/2/2026;58;NICOLAS GALLO;;;DIAZ-ARIAS M;"MANO DE OBRA REALIZADA
ACCION/ CANTIDAD / DESCRIPCION
*
Automatizacion de bomba de desague 
Pusimos un minicontactor bobina de 220 y un reloj digital con progamacion 
HORARIOS DE ENTRADA Y SALIDA
*
15:30 / 17:00";;;;;;;;;;;;;;;;;;
18/2/2026;59;LOCAL VITI;;;CORDOBA -ARIAS M;"MANO DE OBRA REALIZADA
ACCION/ CANTIDAD / DESCRIPCION
*
Picamos 5 bocas de gas (falta que definan un tramo de 1 boca)
Comenzamos a fusionar los caños del agua 
OBSERVACIONES GENERALES
*
Todo normal
HORARIOS DE ENTRADA Y SALIDA
*
15:00 a 18:00";;;;;;;;;;;;;;;;;;
19/2/2026;60;JAVIER MERCADO;;;DIAZ-CASAS;;;;;;;;;;;;;;;;;;;
19/2/2026;61;JAVIER MERCADO;;;DIAZ-CASAS;"MANO DE OBRA REALIZADA
ACCION/ CANTIDAD / DESCRIPCION
Instalación de aire acondicionado 5 frigoría Samsung R32 en el estudio de pilates 
Reparación de fuga en las virolasde aire acondicionado de 3 frigorías en el comedor de la casa.
HORARIOS DE ENTRADA Y SALIDA
08:42/12:43";;;;;;;;;;;;;;;;;;
19/2/2026;62;VICTOR MAIDANA;;;DIAZ-CASAS;"MANO DE OBRA REALIZADA
ACCION/ CANTIDAD / DESCRIPCION
*
Remplazo de tuerca de ¼
Revisamos que no tengan fugas las dos unidades 
Vacío y carga completa de gas 
Instalación de nuevo en el domicilio 
OBSERVACIONES GENERALES
*
Mñn volver a primero hora para revisar otro aire acondicionado que pierde agua 
HORARIOS DE ENTRADA Y SALIDA
*
14:00/18:00";;;;;;;;;;;;;;;;;;
19/2/2026;63;ANIBAL ALGAÑARAZ;;;CORDOBA-ARIAS M;"MANO DE OBRA REALIZADA
ACCION/ CANTIDAD / DESCRIPCION
*
Service completo sin desinstalación de aire philco de habitación principal.
Reemplazo de capacitor de 1.5 de forzador de U.E del aire philco.
Service completo sin desinstalación de aire Samsung de habitación de planta baja.
Reemplazo de capacitor de 1.5 de forzador de U.E de aire Samsung.
Reemplazo de 2 lámparas AR111 en habitación principal.
Medimos dónde se colocará los artefactos en terraza del gym.
OBSERVACIONES GENERALES
*
Faltó probar el aire Samsung porque anibal se fue a dormir y cerró.
Faltó embutir llave de 2 punto y una tapa ciega porque anibal se fue a dormir y nos teníamos que retirar 
HORARIOS DE ENTRADA Y SALIDA
*
09:15 a 15:40";;;;;;;;;;;;;;;;;;
19/2/2026;64;LOCAL VITTI;;;CORDOBA-ARIAS M;;;;;;;;;;;;;;;;;;;
20/2/2026;65;ANIBAL ALGAÑARAZ;;09:00HS-14:35HS;CORDOBA-ARIAS M;"MANO DE OBRA REALIZADA
ACCION/ CANTIDAD / DESCRIPCION
*
Cableado de 6 metros en 4 bocas del exterior del asador
Colocación de 4 artefactos en. Exterior de asador. 
Cableado de 4 bocas en balcón del gimnasio 
Colocación de 4 artefactos en balcón del gimnasio. 
Colocación de tapa de 10x10 de plástico en balcón del gym.
Colocación de 1 artefacto en pieza de planta baja
Colocacion de tapa de 5x10 de plástico en pieza P/B.
OBSERVACIONES GENERALES
*
Ver de separar bomba de agua del climatizaor de pileta, 
Automatizar la mayoria de las luces";;;;;;;;;;;;;;;;;;
20/2/2026;66;VICTOR MAIDANA;;09:00HS-11:50HS;DIAZ-CASAS;"MANO DE OBRA REALIZADA
ACCION/ CANTIDAD / DESCRIPCION
*
Servis de unidad interior de A.A de 3000 frigoerias con desintalacion 
OBSERVACIONES GENERALES
*
Pieza del hijo";;;;;;;;;;;;;;;;;;
20/2/2026;67;FABIAN CARUZO;;13:00HS-15:00HS;DIAZ-CASAS;"MANO DE OBRA REALIZADA
ACCION/ CANTIDAD / DESCRIPCION
*
Remplazo de reflector de 30 w por uno de 100 w
Instalacion de reflector de 30 w
"" "" "" "" 100 w 
"" "" fotocelula de 3 cables 
"" "" porta candado en tablero principal";;;;;;;;;;;;;;;;;;
20/2/2026;68;LOCAL VITTI;;15:30HS:18:00HS;CORDOBA-ARIAS M;"MANO DE OBRA REALIZADA
ACCION/ CANTIDAD / DESCRIPCION
*
Fusionamos caños 
OBSERVACIONES GENERALES
*
Falta terminar de fusionar y tapar caños de agua";;;;;;;;;;;;;;;;;;
21/2/2026;69;ELIO TOLEDO (CLIENTE NUEVO);;10:00HS-13:30HS;CORDOBA-ARIAS M;INSTALACION DE UN SPLIT 3500 FRIGORIAS;;;;;;;;;;;;;;;;;;
;;SEMANA 9;;;;;;;;;;;;;;;;;;;;;;
23/2/2026;70;ELECTROFRIO;;08:00HS-09:00HS;DIAZ-CORDOBA-CASAS;LIMPIEZA DE TALLER;;;;;;;;;;;;;;;;;;
23/2/2026;71;COLON (SUC DEL CARMEN);;09:30HS-11:00HS;DIAZ-CASAS;"MANO DE OBRA REALIZADA
ACCION/ CANTIDAD / DESCRIPCION
*
Revisamos y desintalamos la cruz 
OBSERVACIONES GENERALES
*
La sacamos para revisar en el taller aparentemente le pegaron con una piedra y cortaron los cables internos";;;;;;;;;;;;;;;;;;
23/2/2026;72;COLON (SUC PLAZA 25 DE MAYO);;11:00HS-12:10HS;DIAZ-CASAS;"MANO DE OBRA REALIZADA
ACCION/ CANTIDAD / DESCRIPCION
*
Remplazo de cartel ( cruz )";;;;;;;;;;;;;;;;;;
23/2/2026;73;GRASI GAS;;09:45HS-10:20HS;CORDOBA-ARIAS M;"MANO DE OBRA REALIZADA
ACCION/ CANTIDAD / DESCRIPCION
*
Reemplazo de 2 plafón de 60x60.
Acomodamos 1 reflector caído 
OBSERVACIONES GENERALES
*
Todo ok";;;;;;;;;;;;;;;;;;
23/2/2026;74;MONTOYA;;11:10HS-12:10HS;CORDOBA-ARIAS M;"MANO DE OBRA REALIZADA
ACCION/ CANTIDAD / DESCRIPCION
*
Reemplazo de portalámparas de colgar de baño con lámpara.
Reemplazo de llave de 2 punto y toma del baño.
Colocación de portalámparas de pared.
OBSERVACIONES GENERALES
*
Todo ok";;;;;;;;;;;;;;;;;;
23/2/2026;75;COLON (30 DE SEPTIEMBRE);;16:50HS-18:00HS;DIAZ-CASAS;"MANO DE OBRA REALIZADA
ACCION/ CANTIDAD / DESCRIPCION
*
Revisamos y desintalamos la cruz 
DETECCION DE FALL EN LA CRUZ (EN TALLER)
OBSERVACIONES GENERALES
*
La sacamos para revisar en el taller aparentemente le pegaron con una piedra y cortaron los cables internos
FALTA VER COMO SOLUCIONAMOS LA PARTE DEL PLASTICO QUE SE ROMPIO";;;;;;;;;;;;;;;;;;
23/2/2026;76;LOCAL VITTI;;14:30HS-18:00HS;CORDOBA-ARIAS M-CASAS;"MANO DE OBRA REALIZADA
ACCION/ CANTIDAD / DESCRIPCION
*
Terminamos de fusionar, probamos que no pierda agua las cañerías.
Tapamos todos los caños de agua.
Terminamos de tapar las cajas de electricidad, y armar de nuevo el tablero";;;;;;;;;;;;;;;;;;
24/2/2026;77;ALEJANDRA ANDRADA;;09:15HS-13:00HS;CORDOBA;"MANO DE OBRA REALIZADA
ACCION/ CANTIDAD / DESCRIPCION
*
Services sin desinstalación de U.I de Aire BGH de cocina comedor
Reemplazo de relay de plaqueta de aire DURABRAND de pieza
OBSERVACIONES GENERALES
*
Control de tensión de tomacorriente de pieza, le llegan 230V. Quedaría pendiente eso";;;;;;;;;;;;;;;;;;
24/2/2026;78;JORGE GARCIA (ACTIVA 24);;08.40HS-10:24HS;DIAZ-CASAS;"MANO DE OBRA REALIZADA
ACCION/ CANTIDAD / DESCRIPCION
*
Terminamos de fusionar, probamos que no pierda agua las cañerías.
Tapamos todos los caños de agua.
Terminamos de tapar las cajas de electricidad, y armar de nuevo el tablero";;;;;;;;;;;;;;;;;;
24/2/2026;79;TONOS;;12:40HS-13:20HS;DIAZ-CASAS;"MANO DE OBRA REALIZADA
ACCION/ CANTIDAD / DESCRIPCION
*
Reacomodamiento de manguera de desagüe de aire acondicionado piso techo 
OBSERVACIONES GENERALES
*
Están trabajando en el vecino y no sabían de que era esa manguera pero ya quedó";;;;;;;;;;;;;;;;;;
24/2/2026;80;COLON (30 DE SEPTIEMBRE);;13:00HS-17:40HS;DIAZ-CORDOBA;"MANO DE OBRA REALIZADA
ACCION/ CANTIDAD / DESCRIPCION
*
Rempazo de 10 leed 5 ml 
Instalacion de cartel luminoso cruz";;;;;;;;;;;;;;;;;;
24/2/2026;81;JORGE GARCIA (ACTIVA 24);;13.00HS-17:45HS;CORDOBA-DIAZ-CASAS;"MANO DE OBRA REALIZADA
ACCION/ CANTIDAD / DESCRIPCION
*
Revisamos el aire acondicionado piso techo York de 15 frigorías 
Controlamos las unidades por separado y presurisamos 
OBSERVACIONES GENERALES
*
Hacerle el presupuesto con una carga de 3.2 kilos de refrigerante R 410a para terminar de probar el equipo por completo y consultarle si le quiere hacer el mantenimiento oh si lo van a hacer ellos";;;;;;;;;;;;;;;;;;
25/2/2026;82;ELIZONDO JORGE;;09:40HS-10:30HS;CASAS-ARIAS M ;"MANO DE OBRA REALIZADA
ACCION/ CANTIDAD / DESCRIPCION
*
Colocación de 7 metros de manguera cristal con 2 espigas";;;;;;;;;;;;;;;;;;
25/2/2026;83;VERGARA ROIG JAVIER;;12:45HS-17:48HS;CASAS-ARIAS M ;"MANO DE OBRA REALIZADA
ACCION/ CANTIDAD / DESCRIPCION
*
Colocacion de 11 artefactos luminarios
Colocacion de 47 tapas 7x7";;;;;;;;;;;;;;;;;;
25/2/2026;84;ARQ DANIELA (JUAN MANUEL GONZALEZ);;09:15HS-15:00HS;DIAZ-CASAS;"MANO DE OBRA REALIZADA
ACCION/ CANTIDAD / DESCRIPCION
*
Desintalacion de aire de 3200 w sanyo peiza
Reubicacion de unidad exterior en mensulas
Desintalacion de aire de 5000 w midea pieza
Reubicacion en mensulas de unidad exterior 
Servis completo de aire de 3200 w sanyo 
Servis en seco en aire de 5000 w midea 
Remplazo de capacitor de aire de 3200 w sanyo
Revision preventiva en aire de 5000 w en la cosina";;;;;;;;;;;;;;;;;;
25/2/2026;85;LOCAL VITI;;16:30HS-18:00HS;DIAZ-CASAS;"MANO DE OBRA REALIZADA
ACCION/ CANTIDAD / DESCRIPCION
*
Picamos 2 respiradores pata artefactos de gas";;;;;;;;;;;;;;;;;;
26/2/2026;86;NICO GALLO;;09:00HS-17:50HS;DIAZ-CASAS;"MANO DE OBRA REALIZADA
ACCION/ CANTIDAD / DESCRIPCION
*
Desinstalación de una serradura magnética puerta de la casa 
Instalación de la serradura magnética en l reja de entrada 
Instalación de cerradura magnética nueva en la puerta de la casa
Configuración de 21 llaves electrónicas para las 2 cerraduras 
OBSERVACIONES GENERALES
*
Sacamos 3 baldosas para picar una canaleta para pasar un corrugado de la puerta de entrada asta la reja de entrada";;;;;;;;;;;;;;;;;;
26/2/2026;87;COLON (SUC VELAZCO);;09:00HS-09:30HS;CORDOBA-ARIAS M;"MANO DE OBRA REALIZADA
ACCION/ CANTIDAD / DESCRIPCION
*
Cambio de artefacto luminario en salón de ventas 
2 plafones de 18W pata embutir";;;;;;;;;;;;;;;;;;
26/2/2026;88;LUCAS DIAZ;;09:50HS-11:00HS;CORDOBA-ARIAS M;"MANO DE OBRA REALIZADA
ACCION/ CANTIDAD / DESCRIPCION
*
Cambio de 2 artefactos y 1 driver 
Materiales: 2 plafones de aplicar de 24w
1 driver
OBSERVACIONES GENERALES
*
Buscar la forma de tapar uno de los plafones porque al llover le cae una gota adentro desde el techo";;;;;;;;;;;;;;;;;;
26/2/2026;89;AGUERO DARIO;;11:00HS-12:55HS;CORDOBA-ARIAS M;"MANO DE OBRA REALIZADA
ACCION/ CANTIDAD / DESCRIPCION
*
Picado en busca de caja de conexión
Conexión de línea principal de cable subterráneo. 
Material: 1,50m. De cable sintenax de 2x4
OBSERVACIONES GENERALES
*
Verificar térmicas por sobredimencionamiento.";;;;;;;;;;;;;;;;;;
26/2/2026;90;COLON (SUC DEL CARMEN);;14:15HS-15:30HS;CORDOBA-ARIAS M;"MANO DE OBRA REALIZADA
ACCION/ CANTIDAD / DESCRIPCION
*
Retiro de ficha de encendido del cartel (cruz) y puesto directo por cable
OBSERVACIONES GENERALES
*
Fallaba la ficha de alimentación";;;;;;;;;;;;;;;;;;
26/2/2026;91;LOCAL VITTI;;15:55HS-17:50HS;CORDOBA-ARIAS M;"MANO DE OBRA REALIZADA
ACCION/ CANTIDAD / DESCRIPCION
*
Tapamos caños de gas, tapamos todo.
Comenzamos a picar 2do par de respiraderos
OBSERVACIONES GENERALES
*
Falta continuar picando 2do par de respiraderos";;;;;;;;;;;;;;;;;;
27/2/2026;92;JORGE GARCIA (ACTIVA 24);;08:30HS-10:00HS;CASAS;"MANO DE OBRA REALIZADA
ACCION/ CANTIDAD / DESCRIPCION
*
Revision de rendimiento de bocha 
OBSERVACIONES GENERALES
*
Está funcionando bien 
Solo faltaría preguntar si le realizamos el mantenimiento y la carga de gas";;;;;;;;;;;;;;;;;;
27/2/2026;93;COLON (SEÑOR DEL MILAGRO;;10:30HS-11:30HS;DIAZ-CASAS;"MANO DE OBRA REALIZADA
ACCION/ CANTIDAD / DESCRIPCION
*
Destrancamos desague de aire piso techo de 12.000 frigorias del fondo";;;;;;;;;;;;;;;;;;
27/2/2026;94;LOCAL VITTI;;13:00HS-18:17HS;DIAZ-CASAS-ARIAS M;"MANO DE OBRA REALIZADA
ACCION/ CANTIDAD / DESCRIPCION
*
Picado para poner los conductos de las rejillas para la ventilación 
Acortamos el caño del desagüe y pegamos el codo con un pedazo de caño y tapamos 
OBSERVACIONES GENERALES
*
Martin tapo el caño del desagüe";;;;;;;;;;;;;;;;;;
27/2/2026;95;VERGARA ROIG JAVIER;;09:20HS-16:20HS;CORDOBA-ARIAS M ;"MANO DE OBRA REALIZADA
ACCION/ CANTIDAD / DESCRIPCION
*
Colocación de 34 tapas ciegas de chapa de 7x7 
Colocación de 5 tapas ciegas de Chapa de 10x10
Le dimos luz a 8 artefactos de escalera (3 en escalera zona de mamparas en tablero de cancha de Pádel y 5 en escalera de pileta de tablero de pileta)
Reemplazo de plafón de 24W en quincho
Reemplazo de de fotocélula de proyectores arriba de quincho.
Programación de 3 reloj digital de luces exteriores (1 en tablero de pileta, 1 tablero de cancha de pádel, 1 en tablero principal)
Colocación de rótulo de tablero de cancha de pádel.
Remplazo de tomacorriente capsulado en zona de mampara de zona de cancha de pádel
Reemplazo de térmica de 10A en tablero principal (había 1 que dejamos de forma provisoria una de las últimas veces que fuimos)
Colocación de 4 tapas ciegas de 5x5 de pvc.
Colocación de 1 bipin en artefacto de escalera de pileta";;;;;;;;;;;;;;;;;;
;;SEMANA 10;;;;;;;;;;;;;;;;;;;;;;
2/3/2026;1;JAVIER MERCADO;;08:47HS-09:55HS;DIAZ-CASAS;"MANO DE OBRA REALIZADA
ACCION/ CANTIDAD / DESCRIPCION
*
Aire acondicionado split 3 mil frigorías cocina comedor 
Revisamos precio y recalentamiento de
Limpieza de filtro y verificamos que la unidad interior este limpia 
OBSERVACIONES GENERALES
*
El equipo está funcionando con sus respectivas prestaciones pero es muy lerdo y eso me dice que el moto compresor está bajo rendimiento solución remplazo de compresor 
Pero no sería la solución efectiva ya que el equipo es de 3 mil frigorías y el salón es grande para esa capacidad 
Se recomienda reemplazarlo por un equipo de 4500 a 5000 frigorías";;;;;;;;;;;;;;;;;;
2/3/2026;3;SILVIA BAZAN;;10:30HS-13:50HS;DIAZ-CASAS;"MANO DE OBRA REALIZADA
ACCION/ CANTIDAD / DESCRIPCION
*
Remplazo de una llave de tres puntos y una llave de dos puntos 
Remplazo de un toma exterior 
Remplazo de dos portalámpara 
OBSERVACIONES GENERALES
*
Trajimos una Caba para revisar";;;;;;;;;;;;;;;;;;
2/3/2026;4;COLON (SUC STA ROSA);;14:50HS-16:10HS;DIAZ-CASAS;"MANO DE OBRA REALIZADA
ACCION/ CANTIDAD / DESCRIPCION
*
Revisamos el aire acondicionado piso techo que está en la vidriera de la derecha 
Verificamos que tenga refrigerante que la intercomunicación estén bien y medimos los sensores 
OBSERVACIONES GENERALES
*
Puede ser que se bloquee por problemas de baja tensión";;;;;;;;;;;;;;;;;;
2/3/2026;5;SILVIA BAZAN;;16:50HS-17:10HS;CASAS;"MANO DE OBRA REALIZADA
ACCION/ CANTIDAD / DESCRIPCION
*
Desinstalación de placa de una cava de vino 
OBSERVACIONES GENERALES
*
Mñn llevar al electrónico para que la revisen";;;;;;;;;;;;;;;;;;
2/3/2026;2;ALANIS NICOLAS;;09:15HS-12:55HS;CORDOBA-ARIAS;"MANO DE OBRA REALIZADA
ACCION/ CANTIDAD / DESCRIPCION
*
Verificación de línea ee térmicas (corto por cables recalentados)
Cambio de toma en termotanque
Conexión directa de termotanque a la linea(sacamos tecla de encendido del termo)
Cambiamos de línea el toma del lavarropas(separado de la termica del termo)
Colocación de cartel de indicadores de llaves en tablero
OBSERVACIONES GENERALES
*
Quedo todo funcionando";;;;;;;;;;;;;;;;;;
2/3/2026;6;LOCAL VITTI;;12:30HS-18:00HS;CORODBA-ARIAS;"MANO DE OBRA REALIZADA
ACCION/ CANTIDAD / DESCRIPCION
*
Terminamos de picar los respiraderos de gas.
Colocación de 4 respiradores de gas.
OBSERVACIONES GENERALES
*
Díaz y casas nos ayudaron desde las 16:00";;;;;;;;;;;;;;;;;;
3/2/2026;7;COLON (SUC DEL CARMEN);;08:30HS-08:50HS;ARIAS-CORDOBA;"MANO DE OBRA REALIZADA
ACCION/ CANTIDAD / DESCRIPCION
*
Control de funcionamiento de cartel luminoso (Cruz) y luces exteriores 
Reseteo y programación de relojes automático
OBSERVACIONES GENERALES
*
Quedo funcionando ok";;;;;;;;;;;;;;;;;;
3/2/2026;10;COLON (30 DE SEPTIEMBRE);;09:15HS-12:30HS;ARIAS-CORDOBA;"MANO DE OBRA REALIZADA
ACCION/ CANTIDAD / DESCRIPCION
*
Aire Split BGH ubicado en la entrada
-SERVICE SIN DESINSTALACIÓN DE U.I
-REEMPLAZO DE CAPACITOR DE FORZADOR DE U.E.
OBSERVACIONES GENERALES
*
El aire quedó andando, con 95psi y 8k de recalentamiento. El aire consume 8.5A.
Es el único aire que hay en el local hasta el momento.";;;;;;;;;;;;;;;;;;
3/2/2026;11;COLON (CASTORE);;15:00HS-16:45HS;ARIAS-CORDOBA;"MANO DE OBRA REALIZADA
ACCION/ CANTIDAD / DESCRIPCION
*
En planta baja zona de vendedores hay solo 2 aires piso techos, son los siguientes:
Aire Surrey piso techo de 18mil ubicado en planta baja zona de vendedores:
-REEMPLAZO DE 2 CAPACITORES DE FORZADOR DE U.I.
-LIMPIEZA DE FILTROS.
-CONTROL DE CAPACITOR DE 12UF DE FORZADOR DE U.E, DENTRO DEL RANGO
aire Surrey piso techo de 18mil ubicado en planta baja zona de vendedores:
-REEMPLAZO DE 2 CAPACITORES DE FORZADOR DE U.I.
-LIMPIEZA DE FILTROS.
-CONTROL DE CAPACITOR DE 12UF DE FORZADOR DE U.E, DENTRO DEL RANGO
OBSERVACIONES GENERALES
*
Están andando y enfriando";;;;;;;;;;;;;;;;;;
3/2/2026;12;JORGE GARCIA (ACTIVA 24);;08:30HS-18:00HS;DIAZ-CASAS;"MANO DE OBRA REALIZADA
ACCION/ CANTIDAD / DESCRIPCION
*
Mantenimiento profundo 
Carga completa de gas por peso R410a y puesto en funcionamiento 
OBSERVACIONES GENERALES
*
Tardamos todo el día por qué también estuvimos viendo la cava de vino y un artefactos luminoso";;;;;;;;;;;;;;;;;;
3/2/2026;8;SILVIA BAZAN;;08:20HS-09:00HS;CASAS;"MANO DE OBRA REALIZADA
ACCION/ CANTIDAD / DESCRIPCION
*
Lleve la cava al electrónico para que la revise le expliqué la falla y la dejé 
OBSERVACIONES GENERALES
*
Cuando la revise me va a avisar";;;;;;;;;;;;;;;;;;
3/2/2026;9;VERGARA ROIG;;10:00HS-11:30HS;DIAZ-CASAS;"MANO DE OBRA REALIZADA
ACCION/ CANTIDAD / DESCRIPCION
TRABAJO EN QUINCHO:
Remplazo de un transformador de 220 v / 24 v ac 
Reprogramacion del controlador de riego";;;;;;;;;;;;;;;;;;
3/2/2026;13;DANIEL CAMPOS;;12:00HS-14:00HS;DIAZ-CASAS;"MANO DE OBRA REALIZADA
ACCION/ CANTIDAD / DESCRIPCION
*
Remplazo ee tres plaquetas leed de 220 v y remplazo de cableado de artefacto luminoso 
OBSERVACIONES GENERALES
*
Trabajo terminado";;;;;;;;;;;;;;;;;;
4/2/2026;14;LOCAL VITI;;08:10HS-08:30HS;CORDOBA-ARIAS;"MANO DE OBRA REALIZADA
ACCION/ CANTIDAD / DESCRIPCION
*
Llevamos material para el local";;;;;;;;;;;;;;;;;;
4/2/2026;15;JORGE GARCIA (ACTIVA 24);;08:35HS-09:15HS;CORDOBA-ARIAS;"MANO DE OBRA REALIZADA
ACCION/ CANTIDAD / DESCRIPCION
*
Terminamos de armar aire piso techo de 15mil";;;;;;;;;;;;;;;;;;
4/2/2026;16;JORGE GARCIA (ACTIVA 24);;10:00HS-10:50HS;CORDOBA-ARIAS;"MANO DE OBRA REALIZADA
ACCION/ CANTIDAD / DESCRIPCION
*
Flete de aire piso techo de 15mil";;;;;;;;;;;;;;;;;;
4/2/2026;17;LOCAL VITI;;10:55HS-11:15HS;CORDOBA-ARIAS;"MANO DE OBRA REALIZADA
ACCION/ CANTIDAD / DESCRIPCION
*
Anduvimos comprando separadores para cerámico";;;;;;;;;;;;;;;;;;
4/2/2026;18;COLON (SUC SANTA ROSA);;11:50HS-16:00HS;CORDOBA-ARIAS;"MANO DE OBRA REALIZADA
ACCION/ CANTIDAD / DESCRIPCION
*
Aire Cardiff de 15mil kcal/h cerca de zona vendedores al fondo.
Revisión de errores EC, F1, F4.
Revisión de sensores.
Revisión de plaqueta.
Revisión de tensión de entrada
OBSERVACIONES GENERALES
*
No anda el compresor, aparentemente la plaqueta de la U.I del aire está fallando. Nacho hablará con el encargado para venir una noche a hacer una prueba con otra plaqueta";;;;;;;;;;;;;;;;;;
4/2/2026;19;SERGIO LUDUEÑA;;09:30HS-17:45HS;DIAZ-CASAS;"MANO DE OBRA REALIZADA
ACCION/ CANTIDAD / DESCRIPCION
*
Pusimos 6 bocas en loza con 30 bajadas hacia el interior de la casa
OBSERVACIONES GENERALES
*
Fatla caños de 63 para las salidad de los caños del aire 2 cajas de preinstalacion de A.A y materiales para los desagues";;;;;;;;;;;;;;;;;;
4/2/2026;20;ELECTROFRIO;;16:30HS-18:00HS;CORDOBA-ARIAS;"MANO DE OBRA REALIZADA
ACCION/ CANTIDAD / DESCRIPCION
*
Acomodamos el taller, los organizadores de tornillos y demás cosas";;;;;;;;;;;;;;;;;;
5/2/2026;22;LUDUEÑA SERGIO;;08:40HS-17:00HS;DIAZ-CASAS;"MANO DE OBRA REALIZADA
ACCION/ CANTIDAD / DESCRIPCION
*
Modificación de lugar 4 centros de los dos baños 
8 Bajadas para luces del exterior 
Tiramos un corrugado del tablero asta el fondo para futura ampliación 
Pusimos un centro en frente de la escalera con la bajada para la llave 
4 centros en el pasillo para las luces 
OBSERVACIONES GENERALES
*
Las luces del pasillo tuvimos que cortar los ladrillos a la mitad";;;;;;;;;;;;;;;;;;
5/2/2026;21;FABIAN LUNA;;10:35HS-11:00HS;DIAZ-CASAS;"MANO DE OBRA REALIZADA
ACCION/ CANTIDAD / DESCRIPCION
*
Desinstalación de un tv 
OBSERVACIONES GENERALES
*
Se lo dejamos en una mesa que está en un costado";;;;;;;;;;;;;;;;;;
5/2/2026;23;VERGARA ROIG JAVIER;;09:15HS-17:00HS;CORDOBA-ARIAS;"MANO DE OBRA REALIZADA
ACCION/ CANTIDAD / DESCRIPCION
*
Cableados 2 bocas para colocar alimentación de luminaria en las pircas al costado de la cancha de pádel (abajo de la cámara de seguridad)
Solución de problema eléctrico (fallaba la aislación del conductor Neutro, el que alimentaba el tablero de la pileta. Se estaba tocando con la tierra y hacia saltar el disyuntor del tablero de la cancha de pádel. Revisamos varias cajas de pase entre esos 2 tableros hasta encontrar el cable con el problema. Entonces volvimos a aislar esos cables)
Colocación de 9 reflectores de 10W luz cálida, que quedaron funcionando (5 al lado de la cancha y 4 en pirca en zonas de riego de bomba)
Dejamos presentados 4 porque falta cablear (en columnas en zona de riego de bomba)
Colocamos etiquetas en tablero principal
OBSERVACIONES GENERALES
*
Falta:
40 m de cable de 1x1.5mm para cablear 4 reflectores.
1 fotocélula.
40 artefactos aproximadamente (venimos colocando reflectores así que supongo que seguiremos con los mundo) 
1 contactor modular";;;;;;;;;;;;;;;;;;
5/2/2026;24;SERGIO ALBAÑIL;;17:30HS-17:42HS;CASAS;"MANO DE OBRA REALIZADA
ACCION/ CANTIDAD / DESCRIPCION
*
Recién de aire acondicionado unidad interior 
OBSERVACIONES GENERALES
*
La unidad interior si funciona falta que traiga la unidad exterior";;;;;;;;;;;;;;;;;;
6/2/2026;25;LUDUEÑA SERGIO;;09:00HS-17:00HS;DIAZ-CASAS;"MANO DE OBRA REALIZADA
ACCION/ CANTIDAD / DESCRIPCION
*
Colocación de un centro en frente la escalera 
4 media boca 
Dos pren instalación de aire acondicionado en las piezas 
Atamos los corrugados en el techo para que no se muevan y lo pisen cuando suban 
OBSERVACIONES GENERALES
*
Para el lunes traer 
3 cuplas de 25 
10 cuplas de 22 
Cinta aisladora 
Y por favor dar las ubicaciones de los tomas de las piezas";;;;;;;;;;;;;;;;;;
6/2/2026;26;VERGARA ROIG JAVIER;;09:40-15:40HS;CORDOBA-ARIAS;"MANO DE OBRA REALIZADA
ACCION/ CANTIDAD / DESCRIPCION
*
Revisión de problema eléctrico, salta disyuntor por tablero de cuarto de pileta: 
Verificamos situación, el disyuntor saltaba cuando se andaban las luces alrededor de la pileta y la bomba de riego, o las luces alrededor de la pileta con bomba de pileta. Pero las 2 bombas juntas no hacian saltar. También saltó el disyuntor cuando prendían las luces alrededor de la pileta con tomas de cuarto de bomba o con bomba presurizadora. Conclusión que tomamos: revisar circuito de luces alrededor de pileta. Seguimos los cables y en los 5 artefactos que hay en la escalera de la pileta, todos están con agua, algunos más, otros menos. Una vez que estuvieron sin agua, no saltó de nuevo el disyuntor. 
Aclaración: no revisamos su tenía pérdida de corriente el circuito de bomba de riego. La bomba no se ve mojada.
Colocación de 1 reflector de 10W en zona de riego de bombas (en murallón)
Cableados 8 bocas para alimentar reflectores (columnas zona de riego y caja de paso en el quincho)
Colocación de 4 reflectores en columnas zona de riego antes de llegar al quincho.
Colocación de fotocélula (cerca de pérgola de quincho)
Reparación de caño corrugado en columna zona de riego antes de llegar al quincho.
Colocación de contacto modular en tablero principal.
OBSERVACIONES GENERALES
*
Falta trabajar en el murallón que están haciendo los changos de tomas. Hacer seguimiento de estado de las líneas de luces alrededor de la pileta, y de bombas.";;;;;;;;;;;;;;;;;;
6/2/2026;27;PEREIRA MATHEUS (INMOBILIARIA);;16:00HS-17:50HS;CORDOBA-ARIAS;INSTALACION DE PLAFON 60 * 60 EN ALTURA;;;;;;;;;;;;;;;;;;
6/2/2026;;ELECTROFRIO;;17:15HS-19:00HS;DIAZ-CASAS;COLOCACION DE CERRADURA EN PORTON;;;;;;;;;;;;;;;;;;
;;SEMANA 11;;;;;;;;;;;;;;;;;;;;;;
9/3/2026;28;TATIANA OCHOA (DPTO BERUTI);;10:00HS-12:40HS;DIAZ-CASAS;"MANO DE OBRA REALIZADA
ACCION/ CANTIDAD / DESCRIPCION
*
Departamento 12 
Remplazo de un pulsador de timbre 
Remplazo de un toma doble en la pieza 
Remplazo de un toma doble en el comedor 
Remplazo de una llave de dos puntos en el comedor 
Remplazo de foco en la entrada 
Remplazo de porta lámpara en el comedor 
Instalación de un artefactos para exterior en el balcón 
Departamento 10
Remplazo de un pulsador del timbre 
Remplazo de artefactos para exterior en el balcón 
Escaleras 
Remplazo de dos artefactos";;;;;;;;;;;;;;;;;;
9/3/2026;29;GIANINA RANGONE;;09:15HS-16:20HS;CORDOBA-ARIAS;"MANO DE OBRA REALIZADA
ACCION/ CANTIDAD / DESCRIPCION
*
Instalación de A.A de 3600W frío calor
Colocación de parte eléctrica para A.A (había que pasar desde tablero de planta baja hacia el techo de primer piso, luego pasar por un pequeño balcón y llegar al aire.
Revisión de tablero
OBSERVACIONES GENERALES
*
Situación del tablero:
Falta identificar y separar líneas en el tablero. Hay un exceso de consumo en posible línea de casa-cocina (15.9 A). En cable de 2.5mm
Faltaría revisar conexión de 2 A.A que ya estaban instalando, los 2 consumen 10A.
Falta disyuntor para protección.
Falta cable de tierra.";;;;;;;;;;;;;;;;;;
9/3/2026;30;LUDUEÑA SERGIO;;09:00HS-17:00HS;DIAZ-CASAS;"MANO DE OBRA REALIZADA
ACCION/ CANTIDAD / DESCRIPCION
*
Instalación de 6 media boca 
Dos bajadas para la luz de exterior en la escalera 
Colocación de una cupla en el techo 
Picada en exterior para cuatro cajas (luz exterior)";;;;;;;;;;;;;;;;;;
10/3/2026;31;MARTIN ARIAS;;09:00HS-18:00HS;CORDOBA-CASAS;"MANO DE OBRA REALIZADA
ACCION/ CANTIDAD / DESCRIPCION
*
Heladera gafa 
Fuimos a buscarla de su casa 
Le revise en dónde tenía la perdida se dividió los circuitos perdía la parte del condensador y perimetral se le realizó limpieza a las cañería con 134 se soldó todo de nuevo se realizó vacío y se le cargo el refrigerante con el tapa fugas 
OBSERVACIONES GENERALES
*
Quedó andando se tiene que controlar";;;;;;;;;;;;;;;;;;
10/3/2026;32;MICAELA LOYOLA;;11:00HS-17:50HS;CORDOBA-CASAS;"MANO DE OBRA REALIZADA
ACCION/ CANTIDAD / DESCRIPCION
*
Heladera Neba familiar.
-SEPARAMOS CIRCUITO PARA REVISAR QUE NO ESTE TRANCADA, O CON PERDIDA. 
-IDENTIFICAMOS PERDIDA EN CIRCUITO DE EVAPORADOR, CONCRETAMENTE EN EL RETORNO DEL EVAPORADOR, ES CAÑO DE ALUMINIO Y ESTABA PINCHADA, DEBIDO A QUE ESTABA PEGADO AL CONDENSADOR Y LA VIBRACION ENTRE ELLOS PRODUJO LA/S PINCHADURA/S.
OBSERVACIONES GENERALES
*
Al ser caño de aluminio se intentó soldar y reparar la pinchadura pero no se pudo lograr. El caño ya estaba medio delgado por la misma vibración. Ya se pasará un vídeo donde está la pinchadura.
Faltaría definir cómo proseguimos";;;;;;;;;;;;;;;;;;
10/3/2026;;LOCAL VITTI;;09:00HS-18:30HS;DIAZ-ARIAS;REALIZADO DE FINO EN UNA DE LAS PAREDES NO HICIERON PLANILLA HASTA EL MOMENTO;;;;;;;;;;;;;;;;;;
11/3/2026;33;LUDUEÑA SERGIO;;08:40HS-17:40HS;DIAZ-CASAS;"MANO DE OBRA REALIZADA
ACCION/ CANTIDAD / DESCRIPCION
*
Picamos 15 ¼ de boca para luces exterior 
Cuatro bajadas del tablero asta la otra parte de la casa para la continuación 
Tres bajadas para las camaras dos en las esquinas del fondo y una en frente de la escalera ( las camaras van a tener dos cajas de paso";;;;;;;;;;;;;;;;;;
11/3/2026;34;GASTON CARRIZO;;12:00HS-17:47HS;CORDOBA-ARIAS;"MANO DE OBRA REALIZADA
ACCION/ CANTIDAD / DESCRIPCION
*
Sondeo de líneas y bocas. En primera visita.

Cableado de 3 bocas
Tapado con cemento de corrugados en el techo por filtración de agua
Picado , fijado y revocado de 1 metro de corrugado.
Cambio de disyuntor en tablero de casa nueva.
OBSERVACIONES GENERALES
*
Comprar cable subterráneo para colocación de cocina eléctrica 5 metros de 5 x 4mm";;;;;;;;;;;;;;;;;;
11/3/2026;37;VERGARA ROIG;;09:00HS-11:40HS;CORDOBA-ARIAS;"MANO DE OBRA REALIZADA
ACCION/ CANTIDAD / DESCRIPCION
*
Colocación de 2 cajas 10x10 de plástico 
Colocación de 2 cajas octogonal chapa
Con caño corrugado de 1'1/4?
En pirca,camino al departamento, se dejó instalado para ser llenado por albañiles.
OBSERVACIONES GENERALES
*";;;;;;;;;;;;;;;;;;
11/3/2026;38;EDM ANDINA (DEPOSITO);;18:00HS:19:20HS;CORDOBA-NACHO;REVISION POR DISPARO DE DISYUNTOR. REPARACION DE PROBLEMA ELECTRICO;;;;;;;;;;;;;;;;;;
12/3/2026;39;TATIANA OCHOA;;08:40HS-09:22HS;DIAZ-CASAS;"MANO DE OBRA REALIZADA
ACCION/ CANTIDAD / DESCRIPCION
*
Remplazo de dos llaves de combinaciones en la escalera segundo piso 
OBSERVACIONES GENERALES
*";;;;;;;;;;;;;;;;;;
12/3/2026;40;ULISES CONTRERAS;;11:05HS-12:20HS;DIAZ-CASAS;"MANO DE OBRA REALIZADA
ACCION/ CANTIDAD / DESCRIPCION
*
Revisamos porque salta el disyuntor 
OBSERVACIONES GENERALES
*
El señor ya se tiene que ir y nos dijo que vamos el lunes a las 9";;;;;;;;;;;;;;;;;;
12/3/2026;41;ECOMAX;;08:35HS-13:15HS;CORDOBA-ARIAS;"MANO DE OBRA REALIZADA
ACCION/ CANTIDAD / DESCRIPCION
*
Control de funcionamiento de fotocélula.
Reemplazo de foto control .
Reemplazo de artefacto de alumbrado público.
OBSERVACIONES GENERALES
*
Quedó andando todo, solo que la alimentación vienen del alumbrado público.";;;;;;;;;;;;;;;;;;
12/3/2026;42;GASTON CARRIZO;;14:40HS-16:10HS;CORDOBA-ARIAS;"MANO DE OBRA REALIZADA
ACCION/ CANTIDAD / DESCRIPCION
*
Colocación de 3 térmicas en tablero.
Hicimos fino para reparar canaleta que hicimos ayer
OBSERVACIONES GENERALES
*
Falta que coloquen muebles para terminar de pasar los chicotes de cable para el horno eléctrico empotrable y el anafe eléctrico";;;;;;;;;;;;;;;;;;
12/3/2026;43;LUDUEÑA SERGIO;;14:00HS-17:00HS;DIAZ-CASAS;"MANO DE OBRA REALIZADA
ACCION/ CANTIDAD / DESCRIPCION
*
Colocación de 13 cajas 9x9 para luces exterior 
OBSERVACIONES GENERALES
*
Mñn llevar cinta aisladora";;;;;;;;;;;;;;;;;;
12/3/2026;44;LOCAL VITTI;;16:40HS:-18:00HS;CORDOBA-ARIAS;"MANO DE OBRA REALIZADA
ACCION/ CANTIDAD / DESCRIPCION
*
Picamos para colocar extractores
OBSERVACIONES GENERALES
*
Falta presentar y colocar extractores";;;;;;;;;;;;;;;;;;
13/3/2026;45;ELIO MORALES;;09:15HS-13:15HS;CORDOBA-ARIAS;"MANO DE OBRA REALIZADA
ACCION/ CANTIDAD / DESCRIPCION
*
Reemplazo de 5 lámpara de 50W en taller.
Reemplazo de 6 lámpara de 50W de depósito 
Reemplazo de tablero antiguo con tapones por 1 térmica tetrapolar y 1 térmica bipolar de 10A.
Reemplazo de 1 llave de 2 puntos en depósito.
Reemplazo de 1 llave de 3 puntos en depósito.
OBSERVACIONES GENERALES
*
Estuvimos controlando que anden las lámparas, que funcionen correctamente. Hay 1 para de cables estaban en el tablero viejo que no pudimos identificar de dónde son. Así que lo dejamos aislamos. Faltan colocar 3 lámparas de 50W en el taller y colocar tapas ciegas en cajas de paso que van desde el tablero del estacionamiento hasta el tablero del depósito. Reemplazar llave de 3 puntos en el taller";;;;;;;;;;;;;;;;;;
13/3/2026;48;ANIBAL ALGAÑARAZ;;14:50HS-16:00HS;CORDOBA-ARIAS;"MANO DE OBRA REALIZADA
ACCION/ CANTIDAD / DESCRIPCION
*
Aire LG
Reemplazo de capacitor de M.C de U.E.
Reemplazo de capacitor de forzador de U.E
OBSERVACIONES GENERALES
*
Quedó andando tirando frío, con 123psi y 8.4K";;;;;;;;;;;;;;;;;;
13/3/2026;49;ECOMAX;;16:50HS-17:45HS;CORDOBA-ARIAS;"MANO DE OBRA REALIZADA
ACCION/ CANTIDAD / DESCRIPCION
*
Cableados de forma aérea cable tpr de 2x1.5mm para alimentar fotocélula.
Colocación de 1 térmica de 2x10A.
OBSERVACIONES GENERALES
*
Probamos luces de afuera y estaban andando. Antes de la fotocélula hay una caja de paso con una conexión anterior, nosotros dejamos está conexión tal cual estaba. Solamente la alimentamos con cable tpr y térmica hacia el tablero";;;;;;;;;;;;;;;;;;
13/3/2026;46;LUDUEÑA SERGIO;;08:40HS-14:10HS;DIAZ-CASAS;"MANO DE OBRA REALIZADA
ACCION/ CANTIDAD / DESCRIPCION
*
Instalación de 15 media boca 
Y 7 bajadas para la alarma";;;;;;;;;;;;;;;;;;
13/3/2026;47;NICO GALLO;;15:00HS-15:37HS;DIAZ-CASAS;"MANO DE OBRA REALIZADA
ACCION/ CANTIDAD / DESCRIPCION
*
Dejamos el artefacto en su pieza 
OBSERVACIONES GENERALES
*
No dejaron los andamios para poder poner el artefacto";;;;;;;;;;;;;;;;;;
13/3/2026;50;MICA LOYOLA;;15:50HS-18:24HS;DIAZ-CASAS;"MANO DE OBRA REALIZADA
ACCION/ CANTIDAD / DESCRIPCION
*
Heladera 
Revision de perdida 
Limpieza de circuitos ( evaporador y condensador)
Remplazo de filtro 
Armado y presurisamos";;;;;;;;;;;;;;;;;;
13/3/2026;51;MARTIN ARIAS;;15:50HS-18:20;DIAZ-CASAS;"MANO DE OBRA REALIZADA
ACCION/ CANTIDAD / DESCRIPCION
*
Controlamos el termostato y trate de regularlo
OBSERVACIONES GENERALES
*
No lo pude regular todavía 
Tendríamos que controlar bien";;;;;;;;;;;;;;;;;;
;;SEMANA 12;;;;;;;;;;;;;;;;;;;;;;
16/3/2026;52;MARTIN ARIAS;;08:30HS-09:00HS;CORDOBA-ARIAS;"MANO DE OBRA REALIZADA
ACCION/ CANTIDAD / DESCRIPCION
*
Fuimos a entregar la heladera
OBSERVACIONES GENERALES
*
Todo normal en el viaje";;;;;;;;;;;;;;;;;;
16/3/2026;53;ABUELA NACHO;;09:10HS-09:40HS;CORDOBA-ARIAS;"MANO DE OBRA REALIZADA
ACCION/ CANTIDAD / DESCRIPCION
*
Trajimos heladera familiar marca eslabón de lujo 
OBSERVACIONES GENERALES
*
Todo bien en el viaje";;;;;;;;;;;;;;;;;;
16/3/2026;54;NICO ALANIZ;;10:40HS-11:30HS;CORDOBA-ARIAS;"MANO DE OBRA REALIZADA
ACCION/ CANTIDAD / DESCRIPCION
*
Reemplazo de ficha hembra para capacitor de MC
OBSERVACIONES GENERALES
*
La ficha del S del MC estaba derretida, así que la tuvimos que cambiar.";;;;;;;;;;;;;;;;;;
16/3/2026;55;ULISES CONTRERAS;;09:00HS-11:00HS;DIAZ-CASAS;"MATERIALES UTILIZADOS
MATERIALES / PEDIDO / REMITO
*
Una cinta aisladora 
Térmica de 2x25
MANO DE OBRA REALIZADA
ACCION/ CANTIDAD / DESCRIPCION
*
Revisamos el corto circuito revisamos los cables que no estén lastimado le haríamos un alargue conectamos dos bombas de agua una de la pileta y la otra de la cisterna y remplazo de una térmica en el tablero principal";;;;;;;;;;;;;;;;;;
16/3/2026;56;LUDUEÑA SERGIO;;12:30HS-16:55HS;DIAZ-CASAS;"MANO DE OBRA REALIZADA
ACCION/ CANTIDAD / DESCRIPCION
*
Una media boca 
23 ¼ de boca ( bajadas para luces exterior )70
4 ladrillos cortados a la mitad para después poner los centros 
OBSERVACIONES GENERALES
*";;;;;;;;;;;;;;;;;;
16/3/2026;57;GUSTAVO GRACELLI;;16:30HS-17:25HS;CORDOBA-ARIAS;"MANO DE OBRA REALIZADA
ACCION/ CANTIDAD / DESCRIPCION
*
Reconexión de termotanque eléctrico (TT)
Reemplazo de toma de embutir de TT
Reemplazo de ficha macho de TT
OBSERVACIONES GENERALES
*
Estaba quemado el cable de alimentación del TT. Cortamos la parte quemada y volvimos a prolongar ese cable hasta el tomacorriente. El MATERIAL YA LO PAGÓ EL CLIENTE.";;;;;;;;;;;;;;;;;;
17/3/2026;58;LUDUEÑA SERGIO;;09:00HS-16:09HS;DIAZ-CASAS;"MANO DE OBRA REALIZADA
ACCION/ CANTIDAD / DESCRIPCION
*
9 media bocas para luces exterior 
7 tablero armados y colocados para los centros del pasillo comedor y entrada";;;;;;;;;;;;;;;;;;
17/3/2026;59;ANA TOURNIER (LE PARK);;16:00HS-17:07HS;DIAZ-CASAS;"MANO DE OBRA REALIZADA
ACCION/ CANTIDAD / DESCRIPCION
*
Controlamos un aire acondicionado que no enfría de la oficina que pusimos 
El equipo está con 34 PSI de presión 
OBSERVACIONES GENERALES
*
Posible fuga de gas pero a simple vista no se notan perdidas 
Quedamos en volver mñn por la mñn para revisarlo bien";;;;;;;;;;;;;;;;;;
17/3/2026;60;MICAELA LOYOLA;;09:00HS-16:00HS;CORDOBA-ARIAS;"MANO DE OBRA REALIZADA
ACCION/ CANTIDAD / DESCRIPCION
*
Terminamos de colocar burletes de Puerta
Fuimos a dejarla en casa del cliente
OBSERVACIONES GENERALES
*
Todo normal";;;;;;;;;;;;;;;;;;
17/3/2026;61;NICOLAS GALLO;;09:30HS-16:00HS;CORDOBA-ARIAS;"MANO DE OBRA REALIZADA
ACCION/ CANTIDAD / DESCRIPCION
*
Service de unidad climatizadora Cardiff de 16.2kw.
Fuimos a dejar el equipo en lider.
OBSERVACIONES GENERALES
*
Todo normal";;;;;;;;;;;;;;;;;;
17/3/2026;62;LOCAL VITI;;16:50HS-17:52HS;CORDOBA-ARIAS;"MANO DE OBRA REALIZADA
ACCION/ CANTIDAD / DESCRIPCION
*
Armamos 2 conductos de 2 extractores.
OBSERVACIONES GENERALES
*
Todo normal";;;;;;;;;;;;;;;;;;
16/3/2026;63;MICAELA LOYOLA;;09:00HS-15:00HS;CORDOBA-ARIAS;"MANO DE OBRA REALIZADA
ACCION/ CANTIDAD / DESCRIPCION
*
Reemplazo de 2 burletes de Puerta grande.
Reemplazo de 2 burletes de puerca chica.
OBSERVACIONES GENERALES
*
Faltaba terminar de revisar los burletes";;;;;;;;;;;;;;;;;;
18/3/2026;64;FABIAN CARUZO;;08:55HS-09:25HS;CORDOBA-ARIAS;"MANO DE OBRA REALIZADA
ACCION/ CANTIDAD / DESCRIPCION
*
Reemplazo de fotocélula frente de pileta (puede prenderse y apagarse de punto de cuarto detrás de la fotocélula.
Reemplazo de fotocélula frente de juegos de madera
OBSERVACIONES GENERALES
*
Quedaron funcionando.";;;;;;;;;;;;;;;;;;
18/3/2026;65;TONOS;;09:55HS-10:15HS;CORDOBA-ARIAS;"MANO DE OBRA REALIZADA
ACCION/ CANTIDAD / DESCRIPCION
*
Buscamos 24 plafones de 60x60
OBSERVACIONES GENERALES
*
Flete de plafones del local descartable de la Urquiza al taller.";;;;;;;;;;;;;;;;;;
18/3/2026;66;ECOMAX;;10:30HS-10:36HS;CORDOBA-ARIAS;"MANO DE OBRA REALIZADA
ACCION/ CANTIDAD / DESCRIPCION
*
Revisión de tubo led de heladera mostrador 
OBSERVACIONES GENERALES
*
Revisamos tubo que estaba parpadeando, el tubo tiene un botón touch de encendido y apagado. La cosa es que cuando tocamos el botón quedó prendido, así que colocamos un precintos para ejercer presión al botón touch. 
Importante: Mario nos decía que todo ese trabajo tiene garantía y ya está pagado con la empresa Inelro. Porque cambiar el tubo sería todo un trámite que debería revisar él con Inelro.";;;;;;;;;;;;;;;;;;
18/3/2026;67;ANA TORUNIER LEPARK;;08:40HS-11:30HS;DIAZ-CASAS;"MANO DE OBRA REALIZADA
ACCION/ CANTIDAD / DESCRIPCION
*
Reparación de fuga en tuerca de unidad interior";;;;;;;;;;;;;;;;;;
18/3/2026;68;LUDUEÑA SERGIO;;12:00HS-17:00HS;DIAZ-CASAS;"MANO DE OBRA REALIZADA
ACCION/ CANTIDAD / DESCRIPCION
*
9 media bocas para luces exterior 
OBSERVACIONES GENERALES
*
Traer 10 cajas 9x9 
4 rollos de ?";;;;;;;;;;;;;;;;;;
18/3/2026;69;LOCAL VITTI;;11:10HS-14:54HS;CORDOBA-ARIAS;"MANO DE OBRA REALIZADA
ACCION/ CANTIDAD / DESCRIPCION
*
Amuramos 2 extractores.
OBSERVACIONES GENERALES
*
Le dejamos caída hacia afuera a los 2 extractores, probamos echándole un poco de agua y sale bien.";;;;;;;;;;;;;;;;;;
18/3/2026;70;TONOS;;14:50HS-15:10HS;CORDOBA-ARIAS;"MANO DE OBRA REALIZADA
ACCION/ CANTIDAD / DESCRIPCION
*
Reemplazo de 23 plafones de 60x60
OBSERVACIONES GENERALES
*
Todo normal. Faltan reemplazar 4 más, que están medio amarillos.";;;;;;;;;;;;;;;;;;
18/3/2026;71;LOCAL VITI;;17:20HS-18:05HS;CORDOBA-ARIAS-DIAZ-CASAS;"MANO DE OBRA REALIZADA
ACCION/ CANTIDAD / DESCRIPCION
*
Hicimos 2 parches para los extractores";;;;;;;;;;;;;;;;;;
19/3/2026;72;NICOLAS GALLO;;09:05HS-09:40HS;CORDOBA-ARIAS;"MANO DE OBRA REALIZADA
ACCION/ CANTIDAD / DESCRIPCION
*
Llevamos material que pidió Gallo";;;;;;;;;;;;;;;;;;
19/3/2026;73;ROMBOLA;;09:50HS-10:30HS;CORDOBA-ARIAS;"MANO DE OBRA REALIZADA
ACCION/ CANTIDAD / DESCRIPCION
*
Control de funcionamiento de línea de luz de pérgola y luces exterior. 
OBSERVACIONES GENERALES
*
Fuimos al domicilio porque anoche le saltaba la térmica. Solo que cuando llegamos no había problema, estuvimos revisando luz de pérgola y luces exteriores. 
En la línea de la pérgola no había alguna falla a la vista, estuvo andando bien. Rombola decía que saltaba la térmica de esta línea.
Lo único que notamos fue que en las luces exteriores del lado de la calle España había 1 portalámparas que tenía 1 lagartija pegada de la cabeza al neutro de la rosca del portalámparas y la cola del animal estaba tocando el tornillo de la fase. 
Falta reemplazar 4 lámparas y 1 plafón de 12W cuadrado de aplicar de luz fría. Se deben comunicar con rombola para coordinar un horario.";;;;;;;;;;;;;;;;;;
19/3/2026;74;LOCAL VITTI;;15:10HS-18:00HS;CORDOBA-ARIAS;"MATERIALES UTILIZADOS
MATERIALES / PEDIDO / REMITO
*
Concreto y fino
MANO DE OBRA REALIZADA
ACCION/ CANTIDAD / DESCRIPCION
*
Picamos para tapar 3 grietas largas.
Amuramos esas picada de 3 grietas largas.
Hicimos fino en una pequeña pared.
Alimentamos 2 extractores 
Cableamos 3 bocas.
Colocación de llave de punto simple con variador de extractores.
OBSERVACIONES GENERALES
*
Tipo 17:20 llegaron Leandro y carita y ellos guardaron los andamios y limpiaron.";;;;;;;;;;;;;;;;;;
19/3/2026;75;ABUELA NACHO;;11:00HS-14:20HS;CORDOBA-ARIAS;"MATERIALES UTILIZADOS
MATERIALES / PEDIDO / REMITO
*
Forzador de heladera
MANO DE OBRA REALIZADA
ACCION/ CANTIDAD / DESCRIPCION
*
Reemplazo de forzador de heladera
OBSERVACIONES GENERALES
*
Martín fue a comprar el forzador del Freezer";;;;;;;;;;;;;;;;;;
19/3/2026;76;LUDUEÑA SERGIO;;08:00HS-17:10HS;DIAZ-CASAS;"MANO DE OBRA REALIZADA
ACCION/ CANTIDAD / DESCRIPCION
*
9 1/2 centros ,
9 bajadas 
4 camaras 
4 alarmas 
Y linea potenciada para la cosina";;;;;;;;;;;;;;;;;;
20/3/2026;77;LUDUEÑA SERGIO;;09:00HS-17:10HS;DIAZ-CASAS;"MANO DE OBRA REALIZADA
ACCION/ CANTIDAD / DESCRIPCION
*
18 media boca";;;;;;;;;;;;;;;;;;
20/3/2026;78;NICOLAS GALLO;;09:15HS -18:25HS;CORDOBA-ARIAS;"MANO DE OBRA REALIZADA
ACCION/ CANTIDAD / DESCRIPCION
*
Colocación de tiras leds en el mueble 
OBSERVACIONES GENERALES
*
Quedó andando, solo que falta llevar un control porque el que tenía ena caja con las cosas de las fuente no andaba. Y falta revisar un conexión que quedó corto un cable (sería prolongarlo para que quede mejor)
Enviado el 21/3/26, 10:25?a.m";;;;;;;;;;;;;;;;;;
20/3/2026;79;ANIBAL ALGAÑARAZ;;16:40HS-17:30HS;DIAZ-CASAS;"MANO DE OBRA REALIZADA
ACCION/ CANTIDAD / DESCRIPCION
*
Revisamos porque no tenían activada las luces (solamente le levantamos las térmicas ) 
Y nos fijamos que se necesita para poner las 5 luces de la pileta 
OBSERVACIONES GENERALES
*
En el grupo está el material que tienen que buscar 
Se deben fabricar las latas soporte para el artefacto de la pileta todo tiene que ser inoxidable oh de aluminio para que no se oxide nuevamente 
Y también tiene la cinta LED del borde despegada esa se tiene que pegar con silicona 
Y también tiene un artefactos del exterior en la pared de la casa frente a la pileta que se tiene que pegar un plástico protector con silicona";;;;;;;;;;;;;;;;;;
;;SEMANA 13;;;;;;;;;;;;;;;;;;;;;;
23/3/2026;80;LUCIO OSORIO;;09:10HS-10:00HS;CORDOBA-ARIAS;"MANO DE OBRA REALIZADA
ACCION/ CANTIDAD / DESCRIPCION
*
Revisión y medidas para conexión de cámaras de seguridad 
OBSERVACIONES GENERALES
*
Enviamos información a Jorge de electrofrio.";;;;;;;;;;;;;;;;;;
23/3/2026;81;ROMBOLA ;;09:30HS-10:53HS;DIAZ-CASAS;"MANO DE OBRA REALIZADA
ACCION/ CANTIDAD / DESCRIPCION
*
Revisamos la linea con el megometro de luces exterior 
Remplazo de un artefactos LED entrada del portón 
Remplazo de un foco ??
OBSERVACIONES GENERALES
*
El megometro nos daba una resistencia de 0,1 al principio y después de revisar los focos y de revisar los empalmes nos dió una resistencia de 44";;;;;;;;;;;;;;;;;;
23/3/2026;82;LUCIO OSORIO;;10:20HS-11:05HS;CORDOBA-ARIAS;"MANO DE OBRA REALIZADA
ACCION/ CANTIDAD / DESCRIPCION
*
Reemplazo de tira led en gruta de virgen.
Reemplazo de fuente en gruta de virgen.
Reemplazo de fotocélula tras de gruta (compró el cliente)
OBSERVACIONES GENERALES
*
Quedó andando todo. La tira y la fuente estaban fallando, así que reemplazamos los 2. También estaba empezando a fallar la fotocélula (hacia un ruido muy molesto). El cliente nos aseguró que no entra agua dentro de la gruta.";;;;;;;;;;;;;;;;;;
23/3/2026;83;ANIBAL ALGAÑARAZ;;12:00HS-16:15HS;DIAZ-CASAS;"MANO DE OBRA REALIZADA
ACCION/ CANTIDAD / DESCRIPCION
*
Cólicos 4 artefactos en la pileta 
Pegamos 4 metros de sinta LED que estaba despegada 
Remplazo de un artefactos del exterior en altura 
OBSERVACIONES GENERALES
*
Mñn tendríamos que traer estaño para soldar la sinta LED y cable tpr de 1,5 4 metros 
Y falta remplzar un artefactos del frente en el exterior";;;;;;;;;;;;;;;;;;
23/3/2026;84;ESCUELA DE GASTRONOMIA;;11:40HS-13:00HS;CORDOBA-ARIAS;"MANO DE OBRA REALIZADA
ACCION/ CANTIDAD / DESCRIPCION
*
Revisión de conexiones, plano de ubicación ee bocas y loza y mesadas 
OBSERVACIONES GENERALES
*
Tiene que ir el especializado SI SEEEE";;;;;;;;;;;;;;;;;;
23/3/2026;85;DANIEL CASTILLO;;14:15HS-17:39HS;CORDOBA-ARIAS;"MANO DE OBRA REALIZADA
ACCION/ CANTIDAD / DESCRIPCION
*
Instalación de A/A tipo split de 3.000 fg. 
Extensión de linea de alimentación
Colocación de caja de aplicar y termica para alimentar el aire
OBSERVACIONES GENERALES
*
El equipo queda trabajando en 100 psi y 10.6 de recalentamiento";;;;;;;;;;;;;;;;;;
23/3/2026;86;LUDUEÑA SERGIO;;16:30HS-18:00HS;DIAZ-CASAS;"MANO DE OBRA REALIZADA
ACCION/ CANTIDAD / DESCRIPCION
*
Revisamos un corto circuito 
Medimos la linea de la bomba de la pileta la linea del quincho destapamos 5 bocas de las luces del quincho en el exterior 
Habríamos el tablero de la bomba el tablero principal y los dos tableros del quincho 
OBSERVACIONES GENERALES
*
Tenía el corto en las luces del quincho en el exterior";;;;;;;;;;;;;;;;;;
24/3/2026;89;VICTORIA BOTIGLIERI;;08:40HS-09:00HS;CORDOBA-ARIAS;"MANO DE OBRA REALIZADA
ACCION/ CANTIDAD / DESCRIPCION
*
Sabanas: se saco calculo de materiales para mejorar desagotes de A/A en balcón frontal.
Para desagotes se necesitan 11 metros de caño pvc 5 codos de 90° y 1 T. Cavar una zanja de 1 metros para ocultar caño en la vereda.";;;;;;;;;;;;;;;;;;
24/3/2026;89;CAFE ABC;;09:00HS-09:30HS;CORDOBA-ARIAS;"Café ABC: se verifico como esta el acceso para cambiar 12 tubos de 120.
El cartel se encuantra colgado de 4 ganchos empotrados en la pared.";;;;;;;;;;;;;;;;;;
24/3/2026;87;GASTON CARRIZO;;10:15HS-13:30HS;CORDOBA ARIAS;"MANO DE OBRA REALIZADA
ACCION/ CANTIDAD / DESCRIPCION
*
Cableado 1 boca (1/4) subterráneo en cocina
Armamos 1 boca (1/4)cablecanal en lavadero.
Cableados 1 boca (1/4) cable canal en lavadero 
Colocación de llave de punto y toma en lavadero (1/4)
Modificación de antigua llave de punto que accionaba el lavadero, en su lugar pusimos un toma.
OBSERVACIONES GENERALES
*
Quedo listo el chicote de cable tpr para la conexión del horno eléctrico empotrable.
Dejamos listo el cable para el anafe, faltaría conectarlo a las líneas que están en el toma al frente del chicote de cable sintenax.
El cliente nos pidió modificar de lugar una llave de punto que acciona la luz del lavadero, porque donde está quedará atrás de una futura heladera. Entonces cableados 1 boca de cablecanal hasta el lavadero y colocamos llave de punto.
Falta que definan unos detalles de la campana.";;;;;;;;;;;;;;;;;;
24/3/2026;90;SERGIO LUDUEÑA;;08:40HS-17:00HS;DIAZ-CASAS;"MANO DE OBRA REALIZADA
ACCION/ CANTIDAD / DESCRIPCION
*
Tiramos dos líneas del tablero al fondo para futura ampliación pasa por dos cajas de paso 
Tíramos la linea de alimentación para el aire de la sala de Star y de esa bajada va para el aire acondicionado del comedor y de esa va para el aire del living 
Picamos para las cajas de pre instalaciónes 
Remplazamos un corrugado de las camaras que rompieron los albañiles cuando pusieron la tablas 
Picamos una bajá para una luz exterior en frente ( va por una columna 
Y revisamos que estén bien los de más corrugado y atamos los corrugados que pusimos hoy 
Modificamos las bajadas de TV y internet en el Star y el comedor 
OBSERVACIONES GENERALES
*
Mñn empiezan a llenar la loza a las 07:00";;;;;;;;;;;;;;;;;;
24/3/2026;88;DANIEL CASTILLO;;14:30HS-15:50HS;CORDOBA-ARIAS;"MANO DE OBRA REALIZADA
ACCION/ CANTIDAD / DESCRIPCION
*
Revisión de aire Split philco de 3.35KW instalado ayer.
OBSERVACIONES GENERALES
*
El aire ayer se congelo nos dijeron. Fuimos a ver y está trabajando con 104.9 PSI, con 8.4 K, y con respecto a los PSI está el gas trabajando a 1°C. Los capacitores de la U.E son de 2.5 del forzador y de 35 del MC. Ambos estaban dentro del rango.
El forzador de la U.I estaba funcionando tirando un buen caudal de aire, y respondiendo a los cambios de velocidades.
Hablando con nacho nos dijo que le digamos al cliente que nos tenga informado el funcionamiento del aire.
Enviado el 24/3/26, 4:28?p.m.";;;;;;;;;;;;;;;;;;
24/3/2026;-;LOCAL VITI;;16:00HS-18:00HS;CORDOBA-ARIAS;REALIZACION DE FINO;;;;;;;;;;;;;;;;;;
25/3/2026;91;COLON SUC SANTA ROSA;;09:00HS-11:00HS;CORDOBA-ARIAS;"MANO DE OBRA REALIZADA
ACCION/ CANTIDAD / DESCRIPCION
*
Revisión de aire piso techo que no andaba. Cambio de lugar plaqueta de U.I y U.E
OBSERVACIONES GENERALES
*
Los 3 aires piso techo que están en la zona de ventas son el mismo modelo. Entonces el cambiamos de lugar la plaqueta de U.I del aire que no andaba por uno que sí. En ese momento aún no andaba el aire. Lo que hicimos luego fue cambiar de lugar la plaqueta de la U.E del aire que no andaba por la de un aire que sí funcionan. En ese momento el aire que al principio no andaba comenzó a funcionar.";;;;;;;;;;;;;;;;;;
25/3/2026;92;ANIBAL ALGAÑARAZ;;09:10HS-11:20HS;DIAZ-CASAS;"MANO DE OBRA REALIZADA
ACCION/ CANTIDAD / DESCRIPCION
*
Reparación de cinta LED en la pileta 
Y individualización de línea para la bomba y el climatizador ( ellos tenían el material )
OBSERVACIONES GENERALES
*
Próxima visita traer una tapa ciega (negra ) 15x15 para poner bien la botonera de la cortina 
Y también quiere que remplazamos una llave Smart por una común";;;;;;;;;;;;;;;;;;
25/3/2026;93;LUDUEÑA SERGIO;;08:40HS-15:30HS;DIAZ-CASAS;"MANO DE OBRA REALIZADA
ACCION/ CANTIDAD / DESCRIPCION
*
Supervisamos la loza 
Tapamos los centros y corrugados de las orillas 
OBSERVACIONES GENERALES
*
Tapamos con la pala y le dimos una mano a los changos para preparar las máquinadas";;;;;;;;;;;;;;;;;;
25/3/2026;94;ROMBOLA;;13:45HS-15:40HS;CORDOBA-ARIAS;"MANO DE OBRA REALIZADA
ACCION/ CANTIDAD / DESCRIPCION
*
Revisión de problema eléctrico
OBSERVACIONES GENERALES
*
Saltaba disyuntor con línea 8 del tablero. Estaba pegado el neutro con la tierra en el tomacorriente encima del anafe.
Medimos consumos de artefactos eléctricos de ese circuito.
Revisamos posibles trayectos para agregar líneas para esos artefactos eléctricos. Son un anafe de 7100W. Un horno eléctrico de 9A, un microondas de 7A, una heladera de 1.3A, 1 extractor de 0.5A.
El cliente nos comentaba que usualmente que enchufan el anafe con otro electrodoméstico salta la térmica. Se dejó un posible plano a Nacho para definir cómo se harán esas líneas.";;;;;;;;;;;;;;;;;;
25/3/2026;95;ELIO MORALES;;12:15HS-13:00HS;CORDOBA-ARIAS;"MANO DE OBRA REALIZADA
ACCION/ CANTIDAD / DESCRIPCION
*
Revisión 
OBSERVACIONES GENERALES
*
Fuimos a la casa del cliente a colocar la alimentación de la casa porque supuestamente estaban sin luz pero al bajar de la chata justo llegaba el chico de edelar y ya había hecho las conexiónes. Así que esperamos que termine y controlamos la tensión en el tablero principal. Solamente hicimos eso.";;;;;;;;;;;;;;;;;;
25/3/2026;96;ABUELA NACHO;;16:00HS-18:30HS;DIAZ-CASAS;"MANO DE OBRA REALIZADA
ACCION/ CANTIDAD / DESCRIPCION
*
Heladera 
Limpieza del circuito de evaporador y condensador 
Remplazo de filtro
Colocación de válvula de carga 
OBSERVACIONES GENERALES
*
Quedó funcionando falta controlar";;;;;;;;;;;;;;;;;;
25/3/2026;97;LOCAL VITI;;17:00HS-18:00HS;CORDOBA-ARIAS;LIJADO Y COLOCACION DE ENDUIDO;;;;;;;;;;;;;;;;;;
26/3/2026;98;MINISTERIO PUBLICO FISCAL;;10:10HS-11:30HS;CORDOBA-CASAS;"MANO DE OBRA REALIZADA
ACCION/ CANTIDAD / DESCRIPCION
*
Revisión de aire piso techo con ductos de 22.500kcal/h.
Limpieza de filtros de este aire y conexión correcta en plaqueta de U.I
OBSERVACIONES GENERALES
*
El MC del aire no arrancaba, estuvimos revisando conexión de U.E y luego en U.I. estaba mal conectado en la plaqueta universal de la U.I. ya subimos fotos al grupo de los valores de las presiones. Se debería cambiar fusible en la plaqueta de la U.I";;;;;;;;;;;;;;;;;;
26/3/2026;99;MAXI MOLINA FLACO;;12:15HS-13:40HS;CORDOBA-CASAS;"MANO DE OBRA REALIZADA
ACCION/ CANTIDAD / DESCRIPCION
*
Revisión conexión de climatizadora y bomba.
Hicimos un presupuesto para al nueva alimentación de la climatizadora.
Reconexión de cable neutro de las luces del quincho que estaba en la línea de la bomba.
OBSERVACIONES GENERALES
*
Ya le pasaremos la información a Jorge de los metros de cable. Y demás cosas.";;;;;;;;;;;;;;;;;;
26/3/2026;100;JOSE SANTANDER;;13:50HS-14:20HS;CORDOBA-CASAS;"MANO DE OBRA REALIZADA
ACCION/ CANTIDAD / DESCRIPCION
*
Buscamos aire Split BGH 
OBSERVACIONES GENERALES
*
Todo normal.";;;;;;;;;;;;;;;;;;
26/3/2026;101;VERGARA ROIG;;16:00HS-17:55HS;CORDOBA-CASAS;"MANO DE OBRA REALIZADA
ACCION/ CANTIDAD / DESCRIPCION
*
Cableado 1 boca (1/4) por cielo raso para ficha hembra de TV
Colocación de 1 caja de chapa de 5x10 en Durlock, sujeta con tornillos y montante.
Cableados una boca (1/4) dentro del Durlock con cable tpr.
Comenzamos a armar brazo movible de TV.
OBSERVACIONES GENERALES
*
Faltaría terminar de instalar el brazo movible.
Faltaría hacer un hueco en el cielo raso para otra boca que nos dijo tomas.
Falta traer 2 pilas 3AAA
Falta traer 1 toma completo de embutir";;;;;;;;;;;;;;;;;;
27/3/2026;102;MAXI MOLINA FLACO;;09:15HS-13:15HS;CORDOBA-CASAS;"MANO DE OBRA REALIZADA
ACCION/ CANTIDAD / DESCRIPCION
*
Cableados alimentación para tablero de climatizadora y bomba de agua (desde el tablero seccional de la casa, aproximadamente 40 metros)
Cableados alimentación a la climatizadora (con cable tpr)
Cableados alimentación a la bomba de agua (con cable tpr)
Colocación de tablero estanco de chapa
Colocación de disyuntor y 2 térmicas bipolares dentro del tablero.
Anulación de vieja alimentación de bomba.
OBSERVACIONES GENERALES
*
Quedo funcionando, tiene la posiblidad de que anden las 2 cosas juntas o que solamente ande la bomba sola. El equipo pierde agua. Subimos foto al grupo para que quede constatado.";;;;;;;;;;;;;;;;;;
27/3/2026;103;ABUELA NACHO;;09:00HS-10:15HS;DIAZ-ARIAS;"MANO DE OBRA REALIZADA
ACCION/ CANTIDAD / DESCRIPCION
*
Flete de la heladera.
OBSERVACIONES GENERALES
*
A demás de los materiales que uso leandro, falta sumar los tacos de goma para el compresor";;;;;;;;;;;;;;;;;;
27/3/2026;104;JOSE SANTANDER ;;10:15HS-14:20HS;DIAZ-ARIAS;"MANO DE OBRA REALIZADA
ACCION/ CANTIDAD / DESCRIPCION
*
Serrvide A /A split de 6300w
N°Serie 514BS50303
Modelo bgh BSE 45CM4
OBSERVACIONES GENERALES
*
El.equipo no contaba con refrigerante
Falta el.control , plantilla, cables, caño y desague";;;;;;;;;;;;;;;;;;
27/3/2026;105;ULISES CONTRERAS;;14:45HS-18:00HS;CORDOBA-CASAS;"MANO DE OBRA REALIZADA
ACCION/ CANTIDAD / DESCRIPCION
*
Revisión de problema eléctrico, saltaba el diferencial. 
Revisión de 5 bocas testeando con megometro para encontrar la falla de aislación.
Reemplazamos cable en 1 boca.
OBSERVACIONES GENERALES
*
Estuvimos testeando con el megometro para encontrar fuga de corriente, destapando 5 bocas, 3 de luces exteriores y 2 de caja de paso. En esas bocas íbamos utilizando el megometro y comprando la aislación de los cables. En las cajas de paso de al lado del baño del fondo, tras la pileta estaba la caja de paso con el problema eléctrico. Reemplazamos cable en 1 boca y quedó. Funcionando.
Tuvimos que reemplazar fichas de alargue porque el cliente nos prestó el alargue para probar un tramo de los cables pero estaba oxidadas las ficha y tuvimos que cambiarlas.";;;;;;;;;;;;;;;;;;
27/3/2026;106;VERGARA ROIG;;17:00HS-19:00HS;DIAZ-ARIAS;"MANO DE OBRA REALIZADA
ACCION/ CANTIDAD / DESCRIPCION
*
Isntalacion de soporte movible para tv 
OBSERVACIONES GENERALES
*
Falta el tv";;;;;;;;;;;;;;;;;;
27/3/2026;107;ANIBAL ALGAÑARAZ;;12:00HS-13:00HS;DIAZ-ARIAS;"MANO DE OBRA REALIZADA
ACCION/ CANTIDAD / DESCRIPCION
*
Anulacion de una llave de 2 puntos 
Instalacion de interruptor smart
OBSERVACIONES GENERALES
*
Falta poner una tapa ciega de 5×10 y una tapa ciega de 40 × 40";;;;;;;;;;;;;;;;;;
;;SEMANA 14;;;;;;;;;;;;;;;;;;;;;;
30/3/2026;108;LUDUEÑA SERGIO;;09:00HS-17:30HS;DIAZ-CASAS;"MANO DE OBRA REALIZADA
ACCION/ CANTIDAD / DESCRIPCION
*
13 media bocas ( picado y tapado)
2 ¼ de bocas ( tapados )
Sacamos 15 tablero de los centros";;;;;;;;;;;;;;;;;;
30/3/2026;109;VERGARA ROIG;;09:30HS-12:40HS;CORDOBA-ARIAS;"MANO DE OBRA REALIZADA
ACCION/ CANTIDAD / DESCRIPCION
*
Revisión de funcionamiento de electroválvula de la zona de riego en tablero de la cancha de pádel.
Hicimos medición para armar soporte para la base del TV.
Armamos boca sobre cielo raso en el departamento, en la zona del baño. Esto fue con caño corrugado (1/4) 
OBSERVACIONES GENERALES
*
Falta armar soporte con caños de chapa para base de TV.
Falta cablear está boca armada.";;;;;;;;;;;;;;;;;;
30/3/2026;110;JOSE SANTANDER ;;14:30HS-18:00HS;CORDOBA-ARIAS;"MANO DE OBRA REALIZADA
ACCION/ CANTIDAD / DESCRIPCION
*
Colocación de ambas unidades para la instalación del aire BGH.
OBSERVACIONES GENERALES
*
Tuvimos que modificar la canaleta que ya estaba hecha para poder colocar SUNCHO. 
Falta presurizar el equipo y hacer vacío. Falta Armar desagote de aire. Falta llevar precinto/alabare. Falta llevar tapones de cobre para robinetes de de 1/2 y 1/4. Fatal llevar tapón de cobre para valvula de servicio.";;;;;;;;;;;;;;;;;;
31/3/2026;111;JOSE SANTANDER;;08:50HS-12:30HS;CORDOBA-ARIAS;"MANO DE OBRA REALIZADA
ACCION/ CANTIDAD / DESCRIPCION
*
Terminamos de instalar el aire BGH de 5300W
Colocamos caño de desagote por superficie.
Amuramos caños de 0, 63 para el SUNCHO de aire BGH.
OBSERVACIONES GENERALES
*
Quedo funcionando el aire. Dejamos el control universal sobre una silla en el ambiente donde está el aire BGH.";;;;;;;;;;;;;;;;;;
31/3/2026;112;LUDUEÑA SERGIO;;09:00HS17:10HS;DIAZ-CASAS;"MANO DE OBRA REALIZADA
ACCION/ CANTIDAD / DESCRIPCION
*
5 media bocas 
¼ de boca (tapado)
Dos pre instalación de AA 
Una pre instalación de AA (picada)
Sondeamos todas las cajas y limpiamos para ver qué no estén tapadas 
Modificamos dos media boca en el pasillo porque le erramos a los corrugados";;;;;;;;;;;;;;;;;;
31/3/2026;113;COLON (SUC CASTORE 3);;17:00HS-17:27HS;CORDOBA-ARIAS;"MANO DE OBRA REALIZADA
ACCION/ CANTIDAD / DESCRIPCION
*
Cambio de fuente con conexión a tira led en estantería de pañales
OBSERVACIONES GENERALES
*
Quedo funcionando con buena intensidad la tira led";;;;;;;;;;;;;;;;;;
31/3/2026;114;LUDUEÑA SERGIO;;14:30HS-17:00HS;CORDOBA-ARIAS;"MANO DE OBRA REALIZADA
ACCION/ CANTIDAD / DESCRIPCION
*
Zona comedor: picado de desgate de A.A
Zona de paso al lado de cochera: picado y amurado de 2 caja de 10x10. Picado y amurado de 2 caja de 5x5.
Zona dormitorio: reemplazo de caja de 7x7 por caja 10x10.
Zona dormitorio: reemplazo de caja de 7x7 por caja de 10x10. Picado para colocar caja de 10x10.

OBSERVACIONES GENERALES
*
Le ayudamos a casa y Diaz en la obra";;;;;;;;;;;;;;;;;;
1/4/2026;1;COLON (SUC CASTORE 3);;13:10HS-13:25HS;CORDOBA-ARIAS;"MANO DE OBRA REALIZADA
ACCION/ CANTIDAD / DESCRIPCION
*
Separación de tramos de tira led para que funcionen correctamente las fuente.
OBSERVACIONES GENERALES
*
Son 8 tiras led de 1m. Entonces separamos 4 tiras para cada fuente.";;;;;;;;;;;;;;;;;;
1/4/2026;2;LUDUEÑA SERGIO ;;09:40HS-16:10HS;DIAZ-CASAS;"MANO DE OBRA REALIZADA
ACCION/ CANTIDAD / DESCRIPCION
*
Instalación de 8 media boca son cajas de paso para camaras alarmas y tomas para los aires acondicionados 
Instalación de una pre instalación completa de aire acondicionado en el Star 
Una instalación de desagüe del aire acondicionado en la cocina";;;;;;;;;;;;;;;;;;
1/4/2026;3;VERGARA ROIG;;15:45HS-16:44HS;CORDOBA-ARIAS;"MANO DE OBRA REALIZADA
ACCION/ CANTIDAD / DESCRIPCION
*
Cableado de 1 boca (depto)
Colocación 2 to.as simples (depto)
Colocado 1 transformador de 220 a 24 en sala de bomba";;;;;;;;;;;;;;;;;;
1/4/2026;4;CARLOS SANT SILES;;09:50HS-12:35HS;CORDOBA-ARIAS;"MANO DE OBRA REALIZADA
ACCION/ CANTIDAD / DESCRIPCION
*
Reemplazo de 1 llave de punto y toma 
Reemplazo de 1 toma doble
Alimentación de 2 artefactos sobre mesa de luz
Colocación de 1 artefacto de aplicar en cielo raso
Colocamos silicona para tira led";;;;;;;;;;;;;;;;;;
1/4/2026;5;GUILLERMO FERNANDEZ;;16:50HS-19:00HS;CORDOBA-ARIAS;"MANO DE OBRA REALIZADA
ACCION/ CANTIDAD / DESCRIPCION
*
Service en seco de U.I sin DESINSTALACION 
Volvimos a conectar manguera de desagote que está floja/ salida.
Aislamos caño de SUNCHO de aire, que estaban atrás de la U.I
OBSERVACIONES GENERALES
*
El cliente iba a probar el aire para ver cómo quedó";;;;;;;;;;;;;;;;;;
1/4/2026;6;JORGE (AMIGO DE FACHA);;14:30HS-15:10HS;CORDOBA-ARIAS;"CCION/ CANTIDAD / DESCRIPCION
*
Soldamos pinchadura en evaporador, ubicado en el medio de una codo del mismo.
OBSERVACIONES GENERALES
*
Dejamos con 209 y quedó media hora en el mismo valor";;;;;;;;;;;;;;;;;;
2/4/2026;7;LUDUEÑA SERGIO;;08:40HS-17:20HS;DIAZ-CASAS;"MANO DE OBRA REALIZADA
ACCION/ CANTIDAD / DESCRIPCION
*
9 media boca en la pieza del fondo para la tv y las mesas de lis 
1 medía boca de una luz exterior 
Instalación de dos tableros en la escalera 
OBSERVACIONES GENERALES
*
.";;;;;;;;;;;;;;;;;;
2/4/2026;8;NICO GALLO;;12:35HS-17:35HS;CORDOBA-ARIAS;"MANO DE OBRA REALIZADA
ACCION/ CANTIDAD / DESCRIPCION
*
Hicimos la conexión para colocar 2 flotantes eléctricos en serie para el funcionamiento de la bomba de agua. La bomba está en el galpón, al lado de la cisterna que está al costado de la cortina eléctrica. La cisterna está arriba en el 2do piso.
OBSERVACIONES GENERALES
*
Quedo funcionando. Aproximadamente en 20 min la bomba de abajo casi llena el tanque de arriba.";;;;;;;;;;;;;;;;;;
2/4/2026;9;CARLOS SANT SILES;;09:25HS:11:25HS;CORDOBA-ARIAS;"MANO DE OBRA REALIZADA
ACCION/ CANTIDAD / DESCRIPCION
*
Colocación de puslador para encendido y apagado de tira led. 
Terminamos de esconder fuente para tiras leds.
OBSERVACIONES GENERALES
*
Tuvimos complicaciones para pasar cables dentro de un mueble. Luego se nos desoldo la punta de la tira led, tuvimos ciertas complicaciones en el trabajo.";;;;;;;;;;;;;;;;;;
3/4/2026;10;EMANUEL SANCHEZ;;09:00HS-10:25HS;CORDOBA-DIAZ;"MANO DE OBRA REALIZADA
ACCION/ CANTIDAD / DESCRIPCION
*
Revisión de problema eléctrico, saltaba la térmica de tablero seccional y tablero principal)
Reemplazo de toma de 20A en cocina
Revisamos para separar líneas de termotanque, horno eléctrico, A.A.
OBSERVACIONES GENERALES
*
Tenía un cortocircuito que hacía saltar las térmicas. Estaba ubicado el corto en una boca en la losa en la sala de estar, donde está la puerta de entrada. Revisamos 3 bocas hasta encontrarla.
Reemplazamos 1 térmica de 40A por 1 de 16A. 
Tiene el problema que debe separar líneas porque está todo en una misma línea";;;;;;;;;;;;;;;;;;
3/4/2026;11;GABRIEL SOTERAS ;;11:25HS-11:45HS;CORDOBA-DIAZ;"MANO DE OBRA REALIZADA
ACCION/ CANTIDAD / DESCRIPCION
*
Hicimos presupuesto 
OBSERVACIONES GENERALES
*
Yamil tiene hoja con los datos de material";;;;;;;;;;;;;;;;;;
3/4/2026;12;JORGE ELIZONDO;;12:00HS-13:30HS;CORDOBA-DIAZ;"MANO DE OBRA REALIZADA
ACCION/ CANTIDAD / DESCRIPCION
*
Service completo sin DESINSTALACION de A.A de cocina comedor.
Colocación de 1 disyuntor en tablero seccional.
Solución de problema eléctrico, había un neutro que estaba medio desconectado. Lo volvimos a unir y hacer un correcto empalme. El problema estaba en una boca en la pieza del frente a la habitación de Jorge.
OBSERVACIONES GENERALES
*
Quedo andando todo bien";;;;;;;;;;;;;;;;;;
3/4/2026;13;LOCAL VITI;;09:00HS-18:00HS;ARIAS-CORDOBA-DIAZ;"MANO DE OBRA REALIZADA
ACCION/ CANTIDAD / DESCRIPCION
*
Modificamos parte del techo para que tenga una nueva caída para el agua.
Pintamos un poco unas molduras
OBSERVACIONES GENERALES
*
Le ayudamos a Martín. Él estuvo trabajando ahí más temprano que nosotros";;;;;;;;;;;;;;;;;;
;;SEMANA 15;;;;;;;;;;;;;;;;;;;;;;
6/4/2026;14;ANIBAL ALGAÑARAZ;;09:30HS-10:32HS;DIAZ-CASAS;"MANO DE OBRA REALIZADA
ACCION/ CANTIDAD / DESCRIPCION
*
Colocamos una luminaria en la pileta (sumergida ) 
Anulamos un reflector del exterior en el frente por un corto circuito 
Revisamos la tira led de la pileta 
Remplazo de 8 pilas AA ( 6 pilas compramos y 2 pilas ya teníamos en la caja que son del taller)
OBSERVACIONES GENERALES
*
Se debería cambiar la tira led de la pileta ( 15 metros neon Flex) y en la otra parte de masajes 12 metros todo color (azul)
Las luces para la pileta no le gustaron porque no son resinadas quedó en buscarla el a las luces para que la remplazamos 
Preguntar y definir que hacer con la tira led der borde de la pileta";;;;;;;;;;;;;;;;;;
6/4/2026;15;ANIBAL ALGAÑARAZ (CONSULTORIO);;10:50HS-12:00HS;DIAZ-CASAS;"MANO DE OBRA REALIZADA
ACCION/ CANTIDAD / DESCRIPCION
*
Reparación de dos tiras led neon Flex de 3 metros cada una 
Revisamos la fuente y soldamos las puntas";;;;;;;;;;;;;;;;;;
6/4/2026;16;RAQUEL GIRAUDO;;09:10HS-13:10HS;CORDOBA-ARIAS;"MANO DE OBRA REALIZADA
ACCION/ CANTIDAD / DESCRIPCION
*
Service sin desinstalación de la U.I de aire philco que está en el local
OBSERVACIONES GENERALES
*
Tuvimos que traer plásticos de la U.I al taller para poder hacerle el services. Luego tuvimos que volverlo a armar";;;;;;;;;;;;;;;;;;
6/4/2026;17;LUDUEÑA SERGIO;;12:35HS-17:00HS;DIAZ-CASAS;"MANO DE OBRA REALIZADA
ACCION/ CANTIDAD / DESCRIPCION
*
7 media boca en la segunda pieza 
Y modificamos una media boca de lugar";;;;;;;;;;;;;;;;;;
6/4/2026;18;COLON (SUC STA ROSA);;17:05HS-17:30HS;DIAZ-CASAS;"MANO DE OBRA REALIZADA
ACCION/ CANTIDAD / DESCRIPCION
*
Revisamos tensión y consumo en tablero general";;;;;;;;;;;;;;;;;;
6/4/2026;19;SOTERAS GABRIEL;;15:10HS-18:00HS;CORDOBA-ARIAS;"MANO DE OBRA REALIZADA
ACCION/ CANTIDAD / DESCRIPCION
*
Colocación de 2 ventiladores sobre vigas de madera con adaptación en caño de hierro de 30x30. 
Cableado de 2 ventiladores
Instalación de 2 variadores de ventiladores
OBSERVACIONES GENERALES
*
Faltan poner 2 ventiladores 
Consultar por las luces qué quiere sumar a las que ya tiene! Plafones de 12 o 18 fria";;;;;;;;;;;;;;;;;;
7/4/2026;20;MARIO LOBOS;;08:40HS-10:00HS;CASAS-ARIAS;"MANO DE OBRA REALIZADA
ACCION/ CANTIDAD / DESCRIPCION
*
Revisamos refrigerante 
Reacomodamos cañería de intercomunicación 
Revisamos desagüe 
Controlamos capacitores 
Colocamos poliuretano en salida de cañería 
Colocamos sinta PVC en cañería";;;;;;;;;;;;;;;;;;
7/4/2026;21;VERGARA ROIG;;12:00HS-18:00HS;CASAS-ARIAS;"MANO DE OBRA REALIZADA
ACCION/ CANTIDAD / DESCRIPCION
*
Marcamos 11 luminarias en el departamento (solo marcos con lapicera en el durlok)
Cortamos el caño a medida para el soporte del tv
Colocamos dos artefactos para aplicar uno en la pieza y otro en el baño solamente es modelo no están conectados 
Modificamos 16 salidas de corrugado en las escaleras para las luces led 
Conté los metros de cable que se necesita para alimentar el tablero del departamento son 125 metros subterráneo y 20 metros por la verja ( puede ser uni polar ) 
Cableamos del la última camara hasta la última caja de paso pasamos por 5 bocas";;;;;;;;;;;;;;;;;;
7/4/2026;22;ROMBOLA PEPE;;12:00HS-18:00HS;CORDOBA-DIAZ;"MANO DE OBRA REALIZADA
ACCION/ CANTIDAD / DESCRIPCION
*
Picamos, amuramos y volvimos a cablear 1 boca en fachada de la casa por la calle España.
Reemplazamos 7 portalámparas de pared por reflectores (5 en fachada de la casa por la calle España y 2 en el patio de la casa, al lado del quincho)
Solución de problema eléctrico de termica de luz exterior, que hacía saltar ocasionalmente el disyuntor.
Solución de problema eléctrico de termica de asador y motor de portón que tambien hacía saltar ocasionalmente el disyuntor.
OBSERVACIONES GENERALES
*
En cuanto a la térmica de las luces exteriores: tuvimos que desarmar aproximadamente 10 bocas para ir megando la resistencia de aislación del neutro y de la fase o retorno. El problema fue que el N tenía 0.4 M ohm. Luego de todo el trabajo quedó en 130 M ohm.
En cuanto a la térmica del asador: tenía el mismo problema, el N tenía 0.4. y luego de todo el trabajo quedó en 58 M ohm. Aquí tuvimos que desarmar 3 bocas aproximadamente.
Anulamos cable de farol de patio porque tenía el problema eléctrico.
Aclaración: el trabajo es ir desarmando boca e ir megando.";;;;;;;;;;;;;;;;;;
8/4/2026;23;KARAM AUTOMOTORES;;08:50HS-10:28HS;DIAZ-CASAS;"MANO DE OBRA REALIZADA
ACCION/ CANTIDAD / DESCRIPCION
*
Revisamos cortó circuito revisamos el cable del tablero asta el entre techo y del entre techo asta el techo 
OBSERVACIONES GENERALES
*
En el techo tiene 6 cajas 10x10 que están sin tapa y tiene todos los cables resecos y quebrado 
Para remplazar eso se necesita 
30 metros de cable de 2,5 color rojo marrón negro V.A y Celeste una cinta aisladora de 20 
4 tapas ciega de 10x 10 
Una silicona";;;;;;;;;;;;;;;;;;
8/4/2026;24;LUDUEÑA SERGIO;;11:30HS-17:11HS;DIAZ-CASAS;"MANO DE OBRA REALIZADA
ACCION/ CANTIDAD / DESCRIPCION
*
6 media boca ( cuatro en el Star y dos de camaras)
Pusimos 3 corrugados1¼ de entrada para el tablero con una caja de paso 15x15 
Embutimos los corrugados de las camaras y alarmas en el tablero de las cámaras";;;;;;;;;;;;;;;;;;
8/4/2026;25;SOTERAS GABRIEL;;16:20HS-18:10HS;CORDOBA-ARIAS;"MANO DE OBRA REALIZADA
ACCION/ CANTIDAD / DESCRIPCION
*
Instalación de ventilador de techo en cocina comedor
Armamos 1 boca cablecanal en cocina comedor (de una lámpara hasta el ventilador)
Cableados 1 Boca de cablecanal para la alimentación del ventilador
OBSERVACIONES GENERALES
*
Quedó andando todo bien, falta instalar un ventilador en la pieza. Debemos volver mañana.
Importante: Para prender el ventilador tuvimos que pasar el retorno por una boca del TV y luego por la boca de donde se prenden las luces (2 bocas). No sé cómo debería poner";;;;;;;;;;;;;;;;;;
8/4/2026;26;COLON (SUC ORTIZ DE OCAMPO);;09:10HS-16:10HS;CORDOBA-ARIAS;"MANO DE OBRA REALIZADA
ACCION/ CANTIDAD / DESCRIPCION
*
Desintalacion de alimentación de zapatilla eléctrica de mueble (mueble que lo sacaron)
Re instalación de zapatilla eléctrica para la nueva computadora (será la que estaría en la mitad de las 3)
Desinstalación de computadora del mueble que van a sacar (cables de red)
Desintalacion del mueble que vam a sacar (desarmamos los cuerpos que tenían tornillos y retiramos un frente de color verde para ocuparlo)
Colocación de frente de mueble color verde en mueble de otra computadora.
Sacamos cables: de direc TV, de video que no tenían utilidad.
Sacamos cable viejo de red de color amarillo
Sacamos cable viejo de red gris que estaba yapado.
Dejamos más prolijo cable de internet (estaba suelto por un mueble ranurado desde la entrada al fondo.
Dejamos más prolijo cable de red (estaba suelto por mueble ranurado desde la entrada al fondo)
Modificamos alimentación red de computadora con máquina de tickets en zona de vendedores (iba por un mueble ranurado desde el fondo donde está el Data Center por un mueble ranurado y quedaba a la vista y bajaba al mueble)
Modificación de lugar de cables de red, quedaron:
Mirando desde el frente:
Computadora 1 (izquierda): 1 cable de red para CPU. 1 cable de red para impresora.
Futura computadora 2 (del medio) dejamos 1 cable de red para CPU y 1 cable de red para maquina de tickets. Más una zapatilla eléctrica
Computadora 3 (derecha) dejamos 1 cable de red para CPU.
OBSERVACIONES GENERALES
*
Se nos complicó un poco porque en una esquina cerca de los conectores de las fichas RJ45 el cable de estranguló y dejaba de tener internet. Lo tuvimos que volver como 1 metros para hacer fichas de nuevo y quedó andando. Es de la computadora 2.
Dejamos listo los cables de red y la zapatilla eléctrica para que conecten la nueva computadora
Importante: el chico de sistema y los vendedores debían definir que iban hacer con el mueble del medio, para colocar la computadora nueva.";;;;;;;;;;;;;;;;;;
9/4/2026;27;SOTERAS GABRIEL;;10:40HS-14:10HS;CORDOBA-ARIAS;"MANO DE OBRA REALIZADA
ACCION/ CANTIDAD / DESCRIPCION
*
Instalación de ventilador de techo en cuarto de PC/tipo depósito 
Cableamos 5 bocas para conectar el retorno del ventilador.
Cableamos UTP exterior desde el módem de cocina hasta el cuarto de PC/ tipo depósito.
OBSERVACIONES GENERALES
*
Tuvimos complicaciones porque se nos partió un gancho de ventilador y tuvimos que buscar otro.
Tuvimos que modificar el ventilador para que quede estéticamente bien, agregándole una luz en el ventilador.
Tuvimos complicaciones al cablear porque hacía una gran vuelta para llegar desde el punto de luz hasta el ventilador. Pasaba del punto de luz de la pieza, a un punto de luz en un pasillo, esa iba a una caja de paso al baño, de ahí al centro de luz en el baño, que luego pasaba por la luz de pasillo y recién llegaba al centro donde iba el ventilador.
Trabajo terminado, quedo funcionando ventilador con luz y cable de red.";;;;;;;;;;;;;;;;;;
9/4/2026;28;LUDUEÑA SERGIO;;08:40HS-17:00HS;DIAZ-CASAS;"MANO DE OBRA REALIZADA
ACCION/ CANTIDAD / DESCRIPCION
*
12 media bocas 
Y picamos dos pedazos en la cocina 
Y un pedazo en la parte del garaje";;;;;;;;;;;;;;;;;;
9/4/2026;29;VERGARA ROIG;;16.10HS-18:20HS;CORDOBA-ARIAS;"MANO DE OBRA REALIZADA
ACCION/ CANTIDAD / DESCRIPCION
*
Instalación de A.A de 5.2kw marco philco Inverter.
Armado de estructura para TV
OBSERVACIONES GENERALES
*
Falta probarlo con el TV, mañana Pepe lo iba a traer.";;;;;;;;;;;;;;;;;;
10/4/2026;30;ROMINA BUSTOS ;;09:10HS-11:50HS;CORDOBA-ARIAS;"MANO DE OBRA REALIZADA
ACCION/ CANTIDAD / DESCRIPCION
*
Programamos control universal para A.A grande (tipo piso techo) Electra en comedor
Revisión de A.A BGH en habitación principal
-REEMPLAZO de CAPACITOR de MC de U.E
-REEMPLAZO de CAPACITOR de MF de Y.E
-CONTROL de amperaje en modo calor: comienza en 4.5 y sube hasta 8.5 y corta el protector termico de MC. Llega a una presión de 380psi.
-CONTROL de amperaje en modo frío: comienzo en 3.5 y llega a 4.7, tiene una presión entre 50 a 60psi. 
-Revision de capacitor de MF de U.I
OBSERVACIONES GENERALES
*
Le dijimos a la cliente que lo pruebe al aire, para ver cómo responde. Cuando llegamos tenía los 2 capacitores bajos. En modo calor es que corta por termico el MC. En modo frío anda todo bien.";;;;;;;;;;;;;;;;;;
10/4/2026;31;FEDERICO OCAMPO ;;12:15HS-14:00HS;CORDOBA-ARIAS;"MANO DE OBRA REALIZADA
ACCION/ CANTIDAD / DESCRIPCION
*
Reemplazamos 5 artefactos viejos por 5 plafones
OBSERVACIONES GENERALES
*
Fueron:
2 plafones en zona de star.
1 en zona de cocina.
2 en pasillo del baño y las piezas.
Falta colocar un plafon de 24W de aplicar para el baño. Falta llevar 4 cuadrados de embutir de 18W para el comedor (habló con nacho)";;;;;;;;;;;;;;;;;;
10/4/2026;32;LUDUEÑA SERGIO;;08:35HS-17:07HS;DIAZ-CASAS;"MANO DE OBRA REALIZADA
ACCION/ CANTIDAD / DESCRIPCION
*
10 media bocas 
3 cuarto de bocas picadas para los parlantes ( dos cajitas amurada ) y una solamente pique en dónde va a ir la caja 
7 cuarto de boca picada y las cajas amurada para los tomas de la tele 
2 media boca en la pieza que modificamos la ubicación ( estaban mal puestas) mala mía perro 
Pre instalación de aire acondicionado completa en el living";;;;;;;;;;;;;;;;;;
10/4/2026;33;VERGARA ROIG;;15:00HS-18:00HS;CORDOBA-ARIAS;NO HICIERON UN PINGO;;;;;;;;;;;;;;;;;;
11/4/2026;34;VERGARA ROIG;;09:30HS-16:30HS;CORDOBA-ARIAS;"MANO DE OBRA REALIZADA
ACCION/ CANTIDAD / DESCRIPCION
*
Terminamos de colocar soporta para el brazo del TV.
Dejamos presentada la TV con el brazo.
Cableamos 1 boca de caño pvc para alimentación 
Picamos caños de desagüe y caño de SUNCHO de A.A para que quede más alto. Aproximadamente quedaría la parte superior del aire entre 12 a 15cm
OBSERVACIONES GENERALES
*
Todo bien";;;;;;;;;;;;;;;;;;
;;SEMANA 16;;;;;;;;;;;;;;;;;;;;;;
13/4/2026;35;LUDUEÑA SERGIO;;09:00HS-17:00HS;DIAZ-CASAS;"MANO DE OBRA REALIZADA
ACCION/ CANTIDAD / DESCRIPCION
*
9 cuarto de bocas (tapado ) living 
4 media boca 
3 cuarto de boca ( picado ) garaje";;;;;;;;;;;;;;;;;;
13/4/2026;36;COLON (SUC CASTORE 3);;09:00HS:17:00HS;CORDOBA-ARIAS;"MANO DE OBRA REALIZADA
ACCION/ CANTIDAD / DESCRIPCION
*
Desintalacion de cru led
Pasamos cables Tpr hasta fuente de tiras led.
Cavando 60cm para colocar poste para cruz led
Dimos 1era mano de pintura al caño estructural
OBSERVACIONES GENERALES
*
Falta colocar la cruz, tensar el cable, conectarlo a la cruz y a la fuente.";;;;;;;;;;;;;;;;;;
13/4/2026;37;NICO ALANIZ;;17:30HS-18:10HS;DIAZ-CASAS;"MANO DE OBRA REALIZADA
ACCION/ CANTIDAD / DESCRIPCION
*
Desagote de termotanque de 80 litros 
Desinstalación de resistencia 
OBSERVACIONES GENERALES
*
La dejamos a Nico para que la compre";;;;;;;;;;;;;;;;;;
14/4/2026;38;LUDUEÑA SERGIO;;08.35HS-16:22HS;DIAZ-CASAS;"MANO DE OBRA REALIZADA
ACCION/ CANTIDAD / DESCRIPCION
*
4 cuartos de bocas ( tapado) en el garage 
3 media boca en la escalera y el garage 
Picamos a la vuelta de la cocina 
Picamos en la entrada para poner un centro para luz en el alero 
Una media boca en un lateral para la cámara 
Limpiamos y tapamos las cajas con papel 
Pique para una caja 5x5 en la escalera pero nos falta la caja";;;;;;;;;;;;;;;;;;
14/4/2026;39;NICO ALANIZ;;16:30HS-17:36HS;DIAZ-CASAS;"MANO DE OBRA REALIZADA
ACCION/ CANTIDAD / DESCRIPCION
*
Instalación de resistencia ( lo tuvimos que bajar al termotanque para ponerla ) 
Y intalacion de termotanque";;;;;;;;;;;;;;;;;;
14/4/2026;40;RAQUEL GIRAUDO;;08:55HS-18:10HS;CORDOBA-ARIAS;"MANO DE OBRA REALIZADA
ACCION/ CANTIDAD / DESCRIPCION
*
Revisión de conexión de circuito que alimentaba la ampliación.
Movimos mueble de mesa de entrada para poder trabajar.
Tuvimos que revisar el tablero de la casa para saber que manejaba cada térmica.
Cableamos 9 bocas (1/4):
-3 en futura oficina
-4 en mesa de entrada
-2 en medidor de entrada.
Desinstalamos variador de ventilador en mesa de estrenada de la escribania 
Colocamos llave de punto en donde estaba el variador de ventilador.
Colocamos toma simple en A.A de la futura oficina.
Colocación de toma doble en la futura oficina 
Amargado de tablero: colocación de térmica gral, disyuntor, y 3 térmica de 2x16A.
Colocación de la PAT.
Reemplazo de artefacto unidireccional de patio de pileta.
Reemplazo de bipin en luminaria sobre mesada de cocina (colociom.de suplemento para que quede firme el bipin)
Reemplazo de dicroica en escalera de planta baja.
OBSERVACIONES GENERALES
*
Quedó funcionado todo, deberíamos revisar unas llaves de escalera porque debería ser combinación pero no lo es. También buscar un bipin.";;;;;;;;;;;;;;;;;;
15/4/2026;41;COLON SUC DEL CARMEN;;08:40HS-09:00HS;DIAZ-CASAS;"MANO DE OBRA REALIZADA
ACCION/ CANTIDAD / DESCRIPCION
*
Programación de dos relojes digital de luces exterior";;;;;;;;;;;;;;;;;;
15/4/2026;42;COLON SUC CORONEL MONTES;;09:15HS-10:22HS;DIAZ-CASAS;"MANO DE OBRA REALIZADA
ACCION/ CANTIDAD / DESCRIPCION
*
Aire acondicionado piso techo de la entrada ( error EC)
Control de refrigerante 
Limpieza de filtro 
OBSERVACIONES GENERALES
*
Los filtros estaban tapados en tierra 
Recomendado para el próximo verano hacerle un mantenimiento";;;;;;;;;;;;;;;;;;
15/4/2026;43;COLON SUC CASTORE 2 (ACA);;08:55HS-10:15HS;CORDOBA-ARIAS;"MANO DE OBRA REALIZADA
ACCION/ CANTIDAD / DESCRIPCION
*
Reemplazo de Driver en plafón en zona de ventas.
Reemplazo de 2 fuentes en zona de ventas.
Reemplazo de 2 tubo led en zona de depósito/estante de medicamentos.
OBSERVACIONES GENERALES
*
Hay un dispenser que hace saltar la térmica, pero deben hacerlo revisar con la empresa que se lo alquila. Después quedó todo bien";;;;;;;;;;;;;;;;;;
15/4/2026;44;SANDRA BARBOZA;;10:50HS-11:35HS;DIAZ-CASAS;"MANO DE OBRA REALIZADA
ACCION/ CANTIDAD / DESCRIPCION
*
Heladera exhibidora vertical (salta)
Revisamos sensores los dos miden 10 
OBSERVACIONES GENERALES
*
Cuando llegamos estaba bloqueada la reiniciamos y arranco";;;;;;;;;;;;;;;;;;
15/4/2026;45;COLON SUC CASTORE 3 (SANATORIO RIOJA);;10:30HS-11:20HS;CORDOBA-ARIAS;"MANO DE OBRA REALIZADA
ACCION/ CANTIDAD / DESCRIPCION
*
Colocación de cruz led 
Conexión de la cruz al cable tpr y Conexión a la fuente 
Emprolijamos 5 cables en la fachada
OBSERVACIONES GENERALES
*
Quedo andando todo bien";;;;;;;;;;;;;;;;;;
15/4/2026;46;NICO ALANIZ;;12:00HS-12:24HS;DIAZ-CASAS;"MANO DE OBRA REALIZADA
ACCION/ CANTIDAD / DESCRIPCION
*
Retiramos una heladera exhibidora vertical (SanCor)";;;;;;;;;;;;;;;;;;
15/4/2026;47;COLON SUC 30 SEPTIEMBRE;;13:00HS-13:10HS;DIAZ-CASAS;"MANO DE OBRA REALIZADA
ACCION/ CANTIDAD / DESCRIPCION
*
Vimos cuál era el artefacto que tienen que remplazar 
OBSERVACIONES GENERALES
*
Es un artefacto 60x60 luz fria";;;;;;;;;;;;;;;;;;
15/4/2026;48;ROMINA BUSTOS ;;13:15HS-15:00HS;DIAZ-CASAS;"MANO DE OBRA REALIZADA
ACCION/ CANTIDAD / DESCRIPCION
*
Revisamos un aire acondicionado plit de 3 mil frigorías 
Controlamos capacitores refrigerante 
Y medimos consumo y tensión 
OBSERVACIONES GENERALES
*
El compresor se pasa de amperaje y recaliente mucho entonces corta por termico 
Solución remplazo de compresor o un remplazo de aire acondicionado";;;;;;;;;;;;;;;;;;
15/4/2026;49;COLON SUC 30 SEPTIEMBRE;;15:37HS-15:41HS;DIAZ-CASAS;"MANO DE OBRA REALIZADA
ACCION/ CANTIDAD / DESCRIPCION
*
Remplazo de artefactos en la parte de a tras";;;;;;;;;;;;;;;;;;
15/4/2026;50;COLON SUC ORTIZ DE OCAMPO;;11:40HS-16:30HS;CORDOBA-ARIAS;"MANO DE OBRA REALIZADA
ACCION/ CANTIDAD / DESCRIPCION
*
Desintalacion de vieja alarma, con sirena interna y externa, junto a teclado.
Modificación de lugar de mueble. Tuvimos que modificar la alimentación, el piso canal, el cablecanal, el agujero para que pasen los cables de HDMI y alimentación de la PC en el mueble
Colocación de cablecanal para emprolijar cables de compu del medio
OBSERVACIONES GENERALES
*
Quedo andando todas las compus";;;;;;;;;;;;;;;;;;
15/4/2026;51;VERGARA ROIG;;16:20HS-17:00HS;DIAZ-CASAS;"MANO DE OBRA REALIZADA
ACCION/ CANTIDAD / DESCRIPCION
*
Revisamos que falta para terminar el soporte y intalacion del aire acondicionado";;;;;;;;;;;;;;;;;;
16/4/2026;52;ESCUELA DE GASTRONOMIA;;08:20HS-09:00HS;DIAZ-CORDOBA;"MANO DE OBRA REALIZADA
ACCION/ CANTIDAD / DESCRIPCION
*
Fuimos a revisar trabajo y hacer calculo de materiales 
OBSERVACIONES GENERALES
*
Ya presentaremos la hoja de material";;;;;;;;;;;;;;;;;;
16/4/2026;53;VERGARA ROIG;;09:00HS-13:10HS;CASAS-ARIAS;"MANO DE OBRA REALIZADA
ACCION/ CANTIDAD / DESCRIPCION
*
Intalacion de una boca completa colocación de la caja cableada y puesto el toma para el tele 
Intalacion de aire acondicionado split en el departamento 
Intalacion de tres artefactos en l escalera cerca de la cancha ( los sacaron para poner los cerámicos) 
OBSERVACIONES GENERALES
*
Traer un módulo de 20 A para remplazo en el toma del aire acondicionado 
Pepe nos pidió que pongamos unas luces en la verja nueva que está en la garita del angel";;;;;;;;;;;;;;;;;;
16/4/2026;54;ROCIO GUTIERREZ;;10:00HS-14:30HS;DIAZ-CORDOBA;"MANO DE OBRA REALIZADA
ACCION/ CANTIDAD / DESCRIPCION
*
Reemplazo de 8 artefactos de aplicar de 18W:
Sala de estar: 2 
Cocina comedor: 2 
Salón de meditación:1 (este fue modificación de lugar, lo tuvimos que centrar, armando cablecanal)
Pieza de chico: 1
Lavadero:1
Pieza de bicicleta:1 
Reemplazo de 4 artefactos de aplicar de 12W
Cocina comedor:1
Pieza principal: 1 (este fue modificación de lugar, lo tuvimos que centrar armando cablecanal)
Pasillo:2
Armamos 1 boca de cablecanal para zapatilla eléctrica en pieza del chico.
Modificamos de lugar zapatilla eléctrica en pieza principal 
Reemplazo de toma doble en pieza principal
Colocación de tapa ciega de pvc:
Pieza del hijo: tapa ciega de 7x7 (1) y 10x10 (1)
Pieza de ella: 2 tapas ciegas de 7x7 
Comedor: 1 tapa ciega de 9x9
Salón de meditación: 2 tapa ciega de 10x10 y 2 tapas ciega de 7x7
Pieza de bicicleta: 1 tapa ciega de 5x10
OBSERVACIONES GENERALES
*
Quedo todo andando bien. Solo que nos demoramos porque la dueña nos dijo una cosa y luego quiso modificarlos, nos faltó convencimiento.";;;;;;;;;;;;;;;;;;
16/4/2026;;PREBENDE LILIANA;;-----;EZEQUIEL VERA;REMPLAZO DE ELECTROVALVULA;;;;;;;;;;;;;;;;;;
16/4/2026;55;RAQUEL GIRAUDO;;15:30HS-17:40HS;CASAS-ARIAS;"MANO DE OBRA REALIZADA
ACCION/ CANTIDAD / DESCRIPCION
*
Cambio de 3 dicroicas en local nuevo 
Cambio de toma doble en habitación planta baja
Rotacion de toma de A/A
Revisión de tomas en combinación de escaleras.
OBSERVACIONES GENERALES
*
Conseguir convertidor electrónico para artefacto luminarias en estudio.";;;;;;;;;;;;;;;;;;
16/4/2026;56;COLON SUC DEL CARMEN;;17:50HS-18:15HS;CASAS-ARIAS;"MANO DE OBRA REALIZADA
ACCION/ CANTIDAD / DESCRIPCION
*
Revisamos la cruz porque no prende 
Y identificamos los relojes 
Marcamos con el papel 
OBSERVACIONES GENERALES
*
Tenemos que sacar la cruz para revisarla 
El reloj de la izquierda es para los relojes de todos los carteles y el reloj de la derecha es solo para las luces de exterior";;;;;;;;;;;;;;;;;;
16/4/2026;61;ESCUELA DE GASTORNOMIA;;16:20HS-17:45HS;DIAZ-CORDOBA;"MANO DE OBRA REALIZADA
ACCION/ CANTIDAD / DESCRIPCION
*
Desintalacion de A.A.
Hicimos conteo de posibles materiales para hacer la parte de la ampliación";;;;;;;;;;;;;;;;;;
17/4/2026;57;KARAM AUTOMOTORES;;11:20HS-11:35HS;CASAS-ARIAS;"MANO DE OBRA REALIZADA
ACCION/ CANTIDAD / DESCRIPCION
*
Revison de luminarias y verificación de materiales a utilizar
OBSERVACIONES GENERALES
*
Llevar 4 tubos led de 60cm
3 focos de 12w.
1 plafon de aplicar de 18w redondo
Todo luz frío.";;;;;;;;;;;;;;;;;;
17/4/2026;58;COLON SUC DEL CARMEN;;11:40HS-12:20HS;CASAS-ARIAS;"MANO DE OBRA REALIZADA
ACCION/ CANTIDAD / DESCRIPCION
*
Desintalacion de cruz.
Programación de reloj de luces exteriores.
Según lea) programado para el c... por nacho jajaja
OBSERVACIONES GENERALES
*
Se verificará la cruz sj funcionamiento 
Reloj programado y funcionando";;;;;;;;;;;;;;;;;;
17/4/2026;59;KARAM AUTOMOTORES;;12:40HS-14:10HS;CASAS-ARIAS;"MANO DE OBRA REALIZADA
ACCION/ CANTIDAD / DESCRIPCION
*
Cambio de 3 focos en.pasillo de oficinas primer.piso
Reemplazo de 2 tubos de 60 en escalera derecha .. conversión de fluorescentes a led.
Colocación de 2 tapas de 20x20 de chapa en entrada del local (se tapo 2 bocas de luminarias qué estaban en el piso sin funcionar)
Colocación de 1.plafon de aplicar redondo de 24w luz fría. En baño trasera del taller.
OBSERVACIONES GENERALES
*
Quedo funcionando todo! Niñoooo";;;;;;;;;;;;;;;;;;
17/4/2026;60;ESCUELA DE GASTONOMIA;;08:45HS-17:40HS;DIAZ-CORDOBA;"MANO DE OBRA REALIZADA
ACCION/ CANTIDAD / DESCRIPCION
*
Armamos 6 bocas de pvc de luces y tomas
Armamos 1 boca de pvc de luces exteriores
Armamos 1 boca de pvc de A.A 
Hicimos agujero en chapa para pasar caño de 0.63 para sunchos de A.A
Tapamos con membrana el caño de A.A en el techo de chapa
Hicimos desagote de A.A
Tapamos caño de desagote.
OBSERVACIONES GENERALES
*
Está todo listo para cablear
15 M de cable de retorno de 1.5mm (de cada)
30m de cable de 2.5 mm (de cada uno)
16 me de cable de 4mm (de cada uno)
1 termica de 20
15 M de cable tpr de 3x1.5 (para cuando coloquen artefactos) 
1 zapatilla con cable regulable para que esté al lado de la campana.";;;;;;;;;;;;;;;;;;
17/4/2026;62;VERGARA ROIG;;15:30HS-18:00HS;CASAS-ARIAS;"MANO DE OBRA REALIZADA
ACCION/ CANTIDAD / DESCRIPCION
*
Picado y fijado de 7 cajas de 5x5 en escalera de la terraza. 
OBSERVACIONES GENERALES
*
Se dejó materiales en la obra. 
13 cajas 5x5
10 cajas 10x10
1 rollo de corrugado de 20mm.";;;;;;;;;;;;;;;;;;
17/4/2026;63;NICO ALANIZ;;08:20HS-18:00HS;CASAS;"MANO DE OBRA REALIZADA
ACCION/ CANTIDAD / DESCRIPCION
*
Heladera exhibidora vertical 
Reparación de fuga en el filtro 
Remplazo de filtro 
Colocamos la válvula de carga 
Limpieza de circuitos 
Y controlamos que arranque y corte 
OBSERVACIONES GENERALES
*
Está lista para entregar";;;;;;;;;;;;;;;;;;
;;SEMANA 17;;;;;;;;;;;;;;;;;;;;;;
20/4/2026;64;TONOS DEPOSITO;;08:50HS-09:52HS;CASAS-ARIAS;"MANO DE OBRA REALIZADA
ACCION/ CANTIDAD / DESCRIPCION
*
Remplazo de 3 fotos en pasillo de la entrada 
Remplazo de un foco galponero en la entrada de la oficina 
Remplazo de reloj digital luces exterior";;;;;;;;;;;;;;;;;;
20/4/2026;65;COLON : SUC CASTORE;;11:30HS-13:00HS;CASAS-ARIAS;"MANO DE OBRA REALIZADA
ACCION/ CANTIDAD / DESCRIPCION
*
Revisión de colecciones de rack
Revisión y reemplazo de UPS
Revisión de cableado de red.
OBSERVACIONES GENERALES
*
El equipo quedo funcionando.";;;;;;;;;;;;;;;;;;
20/4/2026;66;ESCUELA DE GASTRONOMIA;;08:50HS-17:55HS;DIAZ-CORDOBA;"MANO DE OBRA REALIZADA
ACCION/ CANTIDAD / DESCRIPCION
*
Cableamos 6 bocas de luces y tomas.
Colocación de 3 tomas dobles.
Colocación de 2 plafón de 18W de luz fría cuadrados de embutir.
Cableamos 1 boca de luz exterior
Dejamos pasado cable tpr para futuras conexiones de luces 
Cableamos 1 boca de A.A
Colocación de 1 toma simple para A.A
Colocación de campana (hicimos soporte en estructura de Durlock para montarlo +cable de alimentación+agujero en techo de chapa) 
Sellamos agujero de sombrero de la campana con membrana.
Colocación de 1 térmica de 20A
OBSERVACIONES GENERALES
*
Faltaría colocar 1 plafón de 18W
Falta que terminen de emplacar los durleros y definir las cantidades y tipos de luces exteriores.
Falta colocar A.A una vez que terminen los durleros.";;;;;;;;;;;;;;;;;;
20/4/2026;67;VERGARA ROIG;;13:40HS-18:00HS;CASAS-ARIAS;"MANO DE OBRA REALIZADA
ACCION/ CANTIDAD / DESCRIPCION
*
11 Picado y fijado de cajas 5x5
Colocación en cielo razón de 2 artefactos embutidos para dicroicas
OBSERVACIONES GENERALES
*
Se dejó colocado las artefactos en el baño pero sin coneccion";;;;;;;;;;;;;;;;;;
21/4/2026;68;NICO ALANIZ;;08:50HS-09:18HS;DIAZ-CASAS;"MANO DE OBRA REALIZADA
ACCION/ CANTIDAD / DESCRIPCION
*
Devolución de heladera exhibidora vertical SanCor";;;;;;;;;;;;;;;;;;
21/4/2026;69;ARIEL SCHMIRA;;09:00HS-09:50HS;CORDOBA-ARIAS;"MANO DE OBRA REALIZADA
ACCION/ CANTIDAD / DESCRIPCION
*
Limpieza y colocación de letra de telgopor en cartel ubicado en pared del frente(altura)
OBSERVACIONES GENERALES
*
Se le informo al cliente que debería hacer pintar nuevamente el cartel para su mayor conservación";;;;;;;;;;;;;;;;;;
21/4/2026;70;COLON SUC DEL CARMEN;;11:30HS-11:55HS;CORDOBA-ARIAS;"MANO DE OBRA REALIZADA
ACCION/ CANTIDAD / DESCRIPCION
*
Reparación de cartel luminoso..cruz";;;;;;;;;;;;;;;;;;
21/4/2026;71;VERGARA ROIG;;10:15HS-17:55HS;DIAZ-CASAS;"MANO DE OBRA REALIZADA
ACCION/ CANTIDAD / DESCRIPCION
*
Intalacion de 6 dicroicas 
Intalacion de 3 artefactos de 18w led para embutir
Un artefacto de 6 w para embutir 
Les pusimos los tornillos y las tapas a todos los tomas 
Pusimos la puerta de vidrio del baño 
Probamos que prendan todas las luces 
OBSERVACIONES GENERALES
*
Traer 
Dos artefactos para aplicar de 18 w 
Dicroicas frías 6 
Preguntarle a Javier del cable para alimentar el departamento
Falta picar la escalera no trabajamos porque estaban trabajando los albañiles y los herreros";;;;;;;;;;;;;;;;;;
21/4/2026;72;COLON: SUC SEÑOR DEL MILAGRO;;13:15HS-18:20HS;CORDOBA-ARIAS;"MANO DE OBRA REALIZADA
ACCION/ CANTIDAD / DESCRIPCION
*
Cableamos 1 boca (del tablero seccional de zona de ventas hasta caja de paso que esta tras del mismo ubicado en un pasillo)
Cableamos tpr de forma aérea para alimentar cartel tipo cruz (desde caja de paso del pasillo hasta el frente del local)
Instalación de cartel tipo cruz al frente del local (zona y altura definida por los clientes)
Colocación de térmica de 2x10A en tablero seccional en zona de ventas.
Colocación de reloj digital en tablero seccional en zona de ventas.
Colocación de contactor en tablero seccional en zona de ventas
Modificación de tapa de tablero para que puedan entrar esos dispositivos de maniobra (contactor)
OBSERVACIONES GENERALES
*
La ubicación y altura del cartel fue definida por los clientes. El cartel trajo dinero dentro del mismo, así que los vendedores se quedaron con el control para ver si lo pueden dejar con las luces fijas, porque tienen efectos de parpadear. Además el cartel llego con varias led medio metidos adentro y 2 totalmente metidos. Iban a avisar si podían o si deberíamos ver esos detalles";;;;;;;;;;;;;;;;;;
22/4/2026;73;COLON: SUC DEL CARMEN;;09:00HS-09:50HS;CORDOBA-ARIAS ;"MANO DE OBRA REALIZADA
ACCION/ CANTIDAD / DESCRIPCION
*
Separamos cartel de la línea de cruz (antes estaban desde el mismo reloj) entonces dejamos separado la 2 cruz de un reloj y el cartel de colon junto a luces exteriores.
Volvimos a programar ambos relojes digitales.";;;;;;;;;;;;;;;;;;
22/4/2026;74;VERGARA ROIG;;09:00HS-10:14HS;DIAZ-CASAS;"MANO DE OBRA REALIZADA
ACCION/ CANTIDAD / DESCRIPCION
*
Intalacion de dos artefactos de 18 en la entrada y cocina 
Colocamos las dicroicas que faltaban";;;;;;;;;;;;;;;;;;
22/4/2026;75;ESCUELA DE GASTRONOMIA;;11:30HS-11:50HS;CORDOBA-ARIAS;"MANO DE OBRA REALIZADA
ACCION/ CANTIDAD / DESCRIPCION
*
Revisión de conexiones a Internet 
OBSERVACIONES GENERALES
*
Ficha rj45 con falso contacto.
Quedo funcionando
El desperfecto no fue causado por trabajos realizados por nuestra empresa";;;;;;;;;;;;;;;;;;
22/4/2026;76;KARAM AUTOMOTORES;;11:08HS-15:17HS;DIAZ-CASAS;"MANO DE OBRA REALIZADA
ACCION/ CANTIDAD / DESCRIPCION
*
Remplazo de cables en el techo todos va por cañería metálica y le pusimos tapas a las cajas 
Reparación de corto circuito en el cartel Ford de la entrada justo arriba de la puerta de ingresó";;;;;;;;;;;;;;;;;;
22/4/2026;77;COLON: SEÑOR DEL MILAGRO;;17:00HS-17:40HS;DIAZ-ARIAS;"MANO DE OBRA REALIZADA
ACCION/ CANTIDAD / DESCRIPCION
*
Colocación y conexión de cartel luminoso (cruz)
OBSERVACIONES GENERALES
*
Quedo funcionando con horario 
Lunes a sábado de 07h a 23h
Domingo de 08h. A 23h.";;;;;;;;;;;;;;;;;;
22/4/2026;78;KARAM AUTOMOTORES;;17:48HS-18:10HS;DIAS-ARIAS;"MANO DE OBRA REALIZADA
ACCION/ CANTIDAD / DESCRIPCION
*
Cambio de fuente en cartel que dice SERVICIO arriba del portón del taller
OBSERVACIONES GENERALES
*
Hay letras en el cartelvqué dicen karam que ni encienden";;;;;;;;;;;;;;;;;;
22/4/2026;79;LINDA COBRESI;;15:30HS-18:07HS;CASAS;"MANO DE OBRA REALIZADA
ACCION/ CANTIDAD / DESCRIPCION
*
Revisamos el moto compresor de la cámara frigorífica 
OBSERVACIONES GENERALES
*
El compresor está quemado ( Nacho lo rompió ) 
Buscar el compresor y presupuestar un remplazo";;;;;;;;;;;;;;;;;;
22/4/2026;80;LOCAL DE VITTI;;15:30HS-16:30HS;CORDOBA-ARIAS N;"MANO DE OBRA REALIZADA
ACCION/ CANTIDAD / DESCRIPCION
*
Buscamos equipamientos de coca para local de Viti";;;;;;;;;;;;;;;;;;
22/4/2026;81;RAQUEL GIRAUDO;;16:50HS-17:30HS;CORDOBA;"MANO DE OBRA REALIZADA
ACCION/ CANTIDAD / DESCRIPCION
*
Reemplazo de convertidor electrónico en luz sobre tablero seccional en local.";;;;;;;;;;;;;;;;;;
23/4/2026;82;TONOS;;09:15HS-09:20HS;CORDOBA-ARIAS;"MANO DE OBRA REALIZADA
ACCION/ CANTIDAD / DESCRIPCION
*
Reemplazo de 1 lámpara que se despegó la parte plática.";;;;;;;;;;;;;;;;;;
23/4/2026;83;LINDA COBRESI;;08:15HS-10:00HS;CASAS;"MANO DE OBRA REALIZADA
ACCION/ CANTIDAD / DESCRIPCION
*
Buscar presupuesto y precios";;;;;;;;;;;;;;;;;;
23/4/2026;84;FABIAN CARUSO;;10:00HS-10:30HS;DIAZ-CASAS;"MANO DE OBRA REALIZADA
ACCION/ CANTIDAD / DESCRIPCION
*
Remplazo de dos reflectores uno del portón y uno de la entrada del local sobre la vereda";;;;;;;;;;;;;;;;;;
23/4/2026;85;KARAM AUTOMOTORES;;10:40HS-11:13HS;DIAZ-CASAS;"MANO DE OBRA REALIZADA
ACCION/ CANTIDAD / DESCRIPCION
*
Remplazo de dos artefactos redondos para aplicar de 18 w en el portón de entrada al taller";;;;;;;;;;;;;;;;;;
23/4/2026;86;ROCIO GUTIERREZ;;10:45HS-11:20HS;CORDOBA-ARIAS M;"MANO DE OBRA REALIZADA
ACCION/ CANTIDAD / DESCRIPCION
*
Cambio de drivers en pieza de entrenamiento 
Reparación de 2 porta lámparas en el baño( falso contacto)
OBSERVACIONES GENERALES
*
Quedo funcionando plafon de pieza y luces del baño";;;;;;;;;;;;;;;;;;
23/4/2026;87;LINDA COBRESI;;12:00HS-18:12HS;DIAZ-CASAS;"MANO DE OBRA REALIZADA
ACCION/ CANTIDAD / DESCRIPCION
*
Limpieza de circuitos 
Limpieza de condensador con la idro 
Remplazo de bocha 
Armado y presurisamos 
OBSERVACIONES GENERALES
*
Queda con 152 PSI de presión";;;;;;;;;;;;;;;;;;
23/4/2026;88;LOCAL VITTI;;11:45HSHS-13:30HS;CORDOBA-ARIAS M;"MATERIALES UTILIZADOS
MATERIALES / PEDIDO / REMITO
*
Desengrasante y detergente 
MANO DE OBRA REALIZADA
ACCION/ CANTIDAD / DESCRIPCION
*
Comenzamos a limpiar freidora";;;;;;;;;;;;;;;;;;
23/4/2026;89;OSORIO LUCIO;;14:30HS-16:40HS;CORDOBA-ARIAS M;"MANO DE OBRA REALIZADA
ACCION/ CANTIDAD / DESCRIPCION
*
Revisión para hacer presupuesto para acomodar tablero y reemplazar luminaria en heladera exhibidora";;;;;;;;;;;;;;;;;;
23/4/2026;90;RAQUEL GIRAUDO;;17:00HS-17:40HS;CORDOBA-ARIAS M;"MANO DE OBRA REALIZADA
ACCION/ CANTIDAD / DESCRIPCION
*
Desconexión de vieja alimentación.
Puentes para conexiones en tablero del local por nueva bajada de luz.
OBSERVACIONES GENERALES
*
Todo normal";;;;;;;;;;;;;;;;;;
24/4/2026;91;NICO GALLO;;13:30HS-14:00HS;CORDOBA-CASAS;"MANO DE OBRA REALIZADA
ACCION/ CANTIDAD / DESCRIPCION
*
Regulamos nivel de agua en el tanque con los flotantes eléctricos 
OBSERVACIONES GENERALES
*
Los flotantes estaban bien si cortaban (yo le modifique el nivel del agua que suba un poco más ) el problema fue que le reventó un flexible de un termotanque y quedó perdiendo agua";;;;;;;;;;;;;;;;;;
24/4/2026;92;ANIBAL ALGAÑARAZ;;09:00HS-;DIAZ-ARIAS M;"MANO DE OBRA REALIZADA
ACCION/ CANTIDAD / DESCRIPCION
*
Cambio de dispositivo Smart para luces
Revisión de fuentes y tiras led de pileta y solar
Revisión de artefactos luminarias quemadas
OBSERVACIONES GENERALES
*
Hay que cambiar 15 led y 3 reflectores en parte de cochera y fondo de la casa";;;;;;;;;;;;;;;;;;
24/4/2026;93;VERGARA ROIG;;13:30HS-17:30HS;DIAZ-ARIAS M;"MANO DE OBRA REALIZADA
ACCION/ CANTIDAD / DESCRIPCION
*
7 media bocas en primer tramo de escaleras 
2 picado para comunicar con corrugado los últimos 4 escalones. 
OBSERVACIONES GENERALES
*
Revisamos mueble para la bacha en baño del depto. 
Se dejó los 7 aparatos en depósito
Javier nos dejó 2 reflectores de 300w qué quiere poner en el departamento 
Nos pidió iluminar con led las barandas de la terraza.
Nos luminar con reflectores hacia el cerro, en donde está la cámara serca del depto, también en el santuario iluminando el cerro.";;;;;;;;;;;;;;;;;;
24/4/2026;94;LINDA COBRESI;;08:15HS-18:11HS;CORDOBA-CASAS;"MATERIALES UTILIZADOS
MATERIALES / PEDIDO / REMITO
*
200 gramos de refrigerante mo 49 plus 
MANO DE OBRA REALIZADA
ACCION/ CANTIDAD / DESCRIPCION
*
Carga de refrigerante y puesta en funcionamiento 
Programación de combistato 
OBSERVACIONES GENERALES
*
Queda andando falta controlar que arranque y corte";;;;;;;;;;;;;;;;;;
24/4/2026;95;ELECTROFRIO;;08:30HS-18:00HS;CORDOBA-CASAS;"MANO DE OBRA REALIZADA
ACCION/ CANTIDAD / DESCRIPCION
*
Acomodamos taller, movimos estantes, organizamos herramientas.
OBSERVACIONES GENERALES
*
Falta tener máquina de etiquetas para poder hacer que cada herramienta tenga su lugar identificado.";;;;;;;;;;;;;;;;;;
;;SEMANA 18;;;;;;;;;;;;;;;;;;;;;;
27/4/2026;96;ANIBAL ALGAÑARAZ;;08:40HS-10:16HS;DIAZ-CASAS;"MANO DE OBRA REALIZADA
ACCION/ CANTIDAD / DESCRIPCION
*
Remplazo de 15 dicroicas 
Remplazo de dos reflectores";;;;;;;;;;;;;;;;;;
27/4/2026;97;IBARLIM ALFREDO;;10:30HS-10:55HS;DIAZ-CASAS;"MANO DE OBRA REALIZADA
ACCION/ CANTIDAD / DESCRIPCION
*
Remplazo de paleta de ventilador de techo paletas retractil";;;;;;;;;;;;;;;;;;
27/4/2026;98;COLON: SUC CASTORE 2;;08:45HS-10:45HS;CORDOBA-ARIAS M;"MANO DE OBRA REALIZADA
ACCION/ CANTIDAD / DESCRIPCION
*
Desintalacion de 2 cruz que no funcionan
Instalación de 1 cruz.
Colocación de fuente de cartel (tuvimos que hacer un pase)";;;;;;;;;;;;;;;;;;
27/4/2026;99;ESCUELA DE GASTRONOMIA;;11:25HS-11:50HS;CORDOBA-CASAS;"MANO DE OBRA REALIZADA
ACCION/ CANTIDAD / DESCRIPCION
*
Revisión de router. Y cables de comunicación entre router y módem 
OBSERVACIONES GENERALES
*
Quedo funcionando con internet. El Jorge (niño) iba a revisar si era un tema de configuración.";;;;;;;;;;;;;;;;;;
27/4/2026;100;COLON: SUC CASTORE 2;;13:10HS-15:30HS;CORDOBA-CASAS;"MANO DE OBRA REALIZADA
ACCION/ CANTIDAD / DESCRIPCION
*
Colocación de tablero de 8 bocas. Colocación de 1 térmica de 2x10A. Y colocación de contactor modular.
Armado de 1 boca de pvc. 
Cableamos 1 boca de pvc.
Diferenciamos línea de cartel y de cruz.";;;;;;;;;;;;;;;;;;
27/4/2026;101;VICTOR ARIAS;;16:15HS-17:10HS;CORDOBA-CASAS;"MANO DE OBRA REALIZADA
ACCION/ CANTIDAD / DESCRIPCION
*
Cargamos heladera con nitrógeno para hacer un prueba de estanqueidad.
OBSERVACIONES GENERALES
*
Dejamos la heladera con la carga de nitrógeno para ver resultado. Quedo en 154.6 L prueba";;;;;;;;;;;;;;;;;;
27/4/2026;102;NICO ALANIZ;;12:00HS-12:30HS;DIAZ-ARIAS M;"MANO DE OBRA REALIZADA
ACCION/ CANTIDAD / DESCRIPCION
*
Se fijamos que el hueco donde va el extractor es mas chico mide 39,5 cm de ancho y el extractor es de 46 cm
OBSERVACIONES GENERALES
*
Tiene que hacer lugar en el aerea donde se va a trabajar quedo en preguntarle al padre si va a querer romper ho ponerlo sobresalido de la pared";;;;;;;;;;;;;;;;;;
27/4/2026;103;LINDA COBRESI;;16:20HS-17:10HS;CORDOBA-CASAS;"MANO DE OBRA REALIZADA
ACCION/ CANTIDAD / DESCRIPCION
*
Reemplazo de tecla de luz
Reprogramación de conbistato.
OBSERVACIONES GENERALES
*
Quedo funcionando";;;;;;;;;;;;;;;;;;
27/4/2026;104;VERGARA ROIG;;12:40HS-17:30HS;DIAZ-ARIAS M;"MANO DE OBRA REALIZADA
ACCION/ CANTIDAD / DESCRIPCION
*
Pusimos una media boca en la esquina de la loza del mirador del angel picamos 3 -1/4 de boca en paredon del costado del mirador del angel 
OBSERVACIONES GENERALES
*
Se rompio la mecha larga ancha al hacer el segundo pase en el murallon del costado del mirador del angel";;;;;;;;;;;;;;;;;;
27/4/2026;105;COLON: SUC CASTORE 2;;17:20HS-17:50HS;CORDOBA-CASAS;"MANO DE OBRA REALIZADA
ACCION/ CANTIDAD / DESCRIPCION
*
Colocación de reloj digital.
Programación de 2 relojes digital. 1 es de la cruz. Otro es del cartel y luces exteriores bajo el cartel.
OBSERVACIONES GENERALES
*
Todo normal";;;;;;;;;;;;;;;;;;
27/4/2026;106;LINDA COBRESI;;17:35HS-18:00HS;DIAZ;"MANO DE OBRA REALIZADA
ACCION/ CANTIDAD / DESCRIPCION
*
Controlacion de temperatura 
OBSERVACIONES GENERALES
*
Llega hasta 1.9 grados andando arranca a los 9.2";;;;;;;;;;;;;;;;;;
28/4/2026;107;VATO HERRERA;;09:10HS-09:42HS;DIAZ-CASAS;"MANO DE OBRA REALIZADA
ACCION/ CANTIDAD / DESCRIPCION
*
Solución de corto circuito luces exterior 
Y medimos lo que tenemos que cablear en la entrada y para cablear hasta la bomba de la pileta y el quincho del fondo 
OBSERVACIONES GENERALES
*
Déjamo con luz y tenemos que volver a la siesta para cambiar el reflector y cablear la entrada 
Material que necesitamos para la entreda 
25 metros de cable de 2,5 marrón/rojo 
25 metros de cable de 2,5 azul/negro 
25 metros de cable de 2,5 verde amarillo 
Una sinta aisladora de 10 m 
10 tapas ciega de chapa 7x7 
22 tornillos para durlok 
Un toma de 10 A para embutir 
Material para la casa 
3 reflectorer de 150w uno para remplazar en el frente y dos para instalar en el fondo 
8 metros de cable tpr de 3x1,5 
4 tacos para durlok con tornillos 
Material para la bomba y el quincho 
Un tablero de 12 bocas 
Un diferencial 2x40A 
Una térmica 2x16 
Una caja 5x10 
Dos cajas 7x7 
5 conectores de 25 
4 caños PVC 
2 cuplas 
8 grampas 
20 tornillos t1 
10 metros de cable de 2,5 marrón 
10 metros de cable 2,5 verde amarillo 
10 metros de cable 2,5 azul 
30 metros de cable subterráneo de 3 x 2,5
9 caños de 0.63";;;;;;;;;;;;;;;;;;
28/4/2026;108;KARAM AUTOMOTORES;;10:20HS-11:00HS;DIAZ-CASAS;"MANO DE OBRA REALIZADA
ACCION/ CANTIDAD / DESCRIPCION
*
Soluyde corto circuito en oficina de servicios 
OBSERVACIONES GENERALES
*
Revisamos tomas y las líneas y después nos dijieron que fue un cargador que enchufaron y soltó el disyuntor 
Quedó funcionando";;;;;;;;;;;;;;;;;;
28/4/2026;109;GRASI GAS;;11:20HS-12:15HS;DIAZ-CASAS;"MATERIALES UTILIZADOS
MATERIALES / PEDIDO / REMITO
*
Tres focos galponero de 40 w
Un reflector de 200 w sacado de elcon 
MANO DE OBRA REALIZADA
ACCION/ CANTIDAD / DESCRIPCION
*
Remplazo de tres focos en la planchada 
Un remplazo de reflector en una torre en altura 
OBSERVACIONES GENERALES
*
Trabajo listo ( buscar personal que no tengo miedo a las alturas)";;;;;;;;;;;;;;;;;;
28/4/2026;110;VATO HERRERA;;13:40HS-17:50HS;DIAZ-CASAS;"MANO DE OBRA REALIZADA
ACCION/ CANTIDAD / DESCRIPCION
*
Remplazo de un reflector de 150w en frente de la casa 
Intalacion de dos reflectores de 150 w en el fondo 
8 bocas cableadas 
3 bocas completas instalamos dos artefactos y un tomas 
Reconexión de línea para tomas en la entrada 
Intalacion electrica en el techo para la bomba presurizadora 
OBSERVACIONES GENERALES
*
Mñn tenemos que ir a cabar para hacer la alimentación de la bomba de pileta y quincho 
Mñn llevar una caja 7x7 una cala 5x5 de PVC y dos caños más de 25 PVC 
Falta más cable para el quincho verde amarillo, rojo/marrón y azul de 2,5 y un cable negro/blanco de 1,5";;;;;;;;;;;;;;;;;;
28/4/2026;111;NICO ALANIZ;;09:20HS-18:30HS;CORDOBA-ARIAS M;"MANO DE OBRA REALIZADA
ACCION/ CANTIDAD / DESCRIPCION
*
Sacamos 1 forzador con soporte en zona de caja
Sacamos 1 soporte de otro forzador en zona de heladera
Modificación de tamaño de 2 forzadores 
Amurado de 2 soporte de nuevos forzadores
Armamos 1 boca cable canal para alimentar 1 forzador
Cableamos 3 bocas de pvc para alimentar el otro forzador.
Colocación de llave de punto de superficie.
Anulamos vieja línea de luz exterior (el caño corrugado pasaba por el nuevo agujero del forzador de zona de cajas. Así que anulamos y cortamos)
OBSERVACIONES GENERALES
*
Falta terminar.";;;;;;;;;;;;;;;;;;
29/4/2026;112;NICO ALANIZ;;08:40HS-12:25HS;CORDOBA-ARIAS M;"MANO DE OBRA REALIZADA
ACCION/ CANTIDAD / DESCRIPCION
*
Colocamos los 2 forzadores en los soportes.
Colocación de una llave de punto de superficie.
Cableamos 1 boca de cablecanal.
Colocación de 1 llave de punto de superficie completa
OBSERVACIONES GENERALES
*
Quedaron andando los 2 forzadores";;;;;;;;;;;;;;;;;;
29/4/2026;113;CASAS LAURA(VECINA ROMBO);;15:20HS-16:20HS;CORDOBA-ARIAS M;"MANO DE OBRA REALIZADA
ACCION/ CANTIDAD / DESCRIPCION
*
Testeo de líneas y tablero principal.
Recolección de línea para 2 tomas dobles instalados.
Colocación de 2 portalámparas 1 exterior zona patio y otro en living comedor + cambio de cable en portalámparas ya instalado en living comedor para dejar luces a misma altura.
Revisión de instalaciones para realizar presupuesto por próximos trabajos.
OBSERVACIONES GENERALES
*
Quedaron funcionando los 2 tomas dobles
(Hay que avisar al cliente cuanto tiene que pagar de los materiales instalados.";;;;;;;;;;;;;;;;;;
29/4/2026;114;VATO HERRERA;;09:00HS-17:30HS;DIAZ-CASAS;"MANO DE OBRA REALIZADA
ACCION/ CANTIDAD / DESCRIPCION
*
Armado y cableado del quincho 
5 bocas completas un punto un toma doble y tres centros 
Cabado 15 metros para la bomba y el quincho ( falta dar profundidad y faltan 5 metros para llegar al cuarto de la bomba";;;;;;;;;;;;;;;;;;
30/4/2026;115;NICO GALLO;;08:30HS-12:38HS;DIAZ-CASAS;"MANO DE OBRA REALIZADA
ACCION/ CANTIDAD / DESCRIPCION
*
Intalacion de UPS para la cerradura de la entrada 
Picamos para fuera y volvimos a entrar pasando por debajo de la mesada y perforamos la madera dejamos el UPS debajo de los cajones 
OBSERVACIONES GENERALES
*
Terminado y funcionando";;;;;;;;;;;;;;;;;;
30/4/2026;116;ROMINA BUSTOS ;;10:00HS-18:10HS;CORDOBA-ARIAS M;"MANO DE OBRA REALIZADA
ACCION/ CANTIDAD / DESCRIPCION
*
Desisnstalacion de un equipo tipo split de 3.000fg.
Service de otro equipo completo 
Instalación de unidad interior 
OBSERVACIONES GENERALES
*
No sempudl?dejar instalado el equipo ya que la unidad exterior tiene las roscar desgastadas, se llevó el equipo exterior para reparar en el taller";;;;;;;;;;;;;;;;;;
30/4/2026;117;ARIEL LLAMOS (ESC GASTRONOMIA);;12:50HS-13:40HS;DIAZ-CASAS;"MANO DE OBRA REALIZADA
ACCION/ CANTIDAD / DESCRIPCION
*
Búscame un aire acondicionado en la escuela de gastronomía y lo dejamos para que lo laven";;;;;;;;;;;;;;;;;;
30/4/2026;118;VATO HERRERA;;15:00HS-18:00HS;DIAZ-CASAS;"MANO DE OBRA REALIZADA
ACCION/ CANTIDAD / DESCRIPCION
*
Cabado diez metros para el quincho le dimos profundidad 
Y cavamos 10 metros para la bomba de la pileta 
Y tapamos las tres cajas del centro del quincho";;;;;;;;;;;;;;;;;;
1/5/2026;;DIA DEL TRABAJADOR;;;;;;;;;;;;;;;;;;;;;;
;;SEMANA 19;;;;;;;;;;;;;;;;;;;;;;
4/5/2026;1;BLANCA CISTERNA;S;08:54HS-09:39HS;DIAZ-CASAS;"MANO DE OBRA REALIZADA
ACCION/ CANTIDAD / DESCRIPCION
*
Limpieza de filtro de un aire de 6 mil frigorías y de un aire de 5 mil y limpiamos un poco las carcasas porque estaban con pelos de los perros 
OBSERVACIONES GENERALES
*
Los filtros se van a volver a tapar porque el aire acondicionado está mal ubicado en la cocina y se tapa con grasa le limpiamos los filtros con agua y detergente para poder despegar la grasa";;;;;;;;;;;;;;;;;;
4/5/2026;2;VATO HERRERA;S;10:30HS-18:00HS;DIAZ-CASAS;"MANO DE OBRA REALIZADA
ACCION/ CANTIDAD / DESCRIPCION
*
Colocamos una caja de paso estanco en el quincho armamos dos cámaras y tapamos 18 metros de la sanja a una cámara le falta dar un poco de altura 
OBSERVACIONES GENERALES
*
Nos tardamos en buscar el cemento que nos faltaba y eran las 14 entonces estaba todo cerrado a la mñn también pasamos por la casa de gallo para programar la serradura y no estaba 
Y pasamos también por elcon para sacar material para vato 
Mñn nos falta dar más altura a una caja armar la última tapar los dos metros de sanja que faltan para después empezar a cablear y armar el tablero en la bomba";;;;;;;;;;;;;;;;;;
4/5/2026;3;ROMINA BUSTOS ;S;15:30HS-18:50HS;CORDOBA-ARIAS M;"MANO DE OBRA REALIZADA
ACCION/ CANTIDAD / DESCRIPCION
*
Aire Electra (A A grande en comedor)
Reemplazo de 2 fichas de capacitores de U.E
Medición de todos los capacitores.
Reemplazo de 1 capacitor de 6UF de U.I
Carga de gas R22: 600g.
Aire Samsung (A.A de 4500kcal/h en habitact principal)
Programamos control universal.
Reemplazo de robinete de 1/4 de U.E
Carga de gas R22: 1kg.
Terminamos de hacer la instalación completa
OBSERVACIONES GENERALES
*
Todo bien.";;;;;;;;;;;;;;;;;;
4/5/2026;4;ESCUELA DE GASTRONOMIA;S;09:00HS-14:00HS;CORDOBA-ARIAS M;"MANO DE OBRA REALIZADA
ACCION/ CANTIDAD / DESCRIPCION
*
Services de U.I A.A Noblex de 6.45Kw
OBSERVACIONES GENERALES
*
Estaba lleno de grasa el aire. Nos constó mucho limpiar los filtros, las carcasas y la turbina. Ocupamos mucho desengrasante para que quede bien limpio. También presurizamos U.I para controlar posibles perdidas. Estaba todo bien.";;;;;;;;;;;;;;;;;;
5/5/2026;5;COLON SUC: SEÑOR DEL MILAGRO;S;08:30HS-09:10HS;CASAS;"MANO DE OBRA REALIZADA
ACCION/ CANTIDAD / DESCRIPCION
*
Control de tensión en la linea del UPS 
Reinicie los spu de tres computadoras porque no prendían 
OBSERVACIONES GENERALES
*
La tensión está bien y 3 de 5 computadoras están fallando los spu para poderlo prender les desconecte todos los los cables y los prendi solo una vez prendido le comete los cables uno por uno y quedaron andando le dije a Axel y quedó en revisarlos";;;;;;;;;;;;;;;;;;
5/5/2026;6;ANA CHONICZ;S;11:00HS-11:18HS;CASAS;"MANO DE OBRA REALIZADA
ACCION/ CANTIDAD / DESCRIPCION
*
Revisión de una plancha y limpieza 
OBSERVACIONES GENERALES
*
Está funcionando capas le salió humo en ese momento porque se estaba quemando las pelusas de a dentro oh alguna cucaracha";;;;;;;;;;;;;;;;;;
5/5/2026;7;COLON SUC 25 DE MAYO;S;11:00HS-11:40HS;CASAS;"MATERIALES UTILIZADOS
MATERIALES / PEDIDO / REMITO
*
20 metros de cable utp para exterior 
20 metros de cable utp para interior 
4 fichas RJ45 
MANO DE OBRA REALIZADA
ACCION/ CANTIDAD / DESCRIPCION
*
Armado de dos cables de 20 metros cada uno para Axel de sistemas 
OBSERVACIONES GENERALES
*
Me pidió que se lo deje en la farmacia lo deje al lado del rack 
NOTA ESTE CABLE NO ERA";;;;;;;;;;;;;;;;;;
5/5/2026;8;COLON SUC DEL CARMEN;S;11:43HS-11:50HS;CASAS;"MANO DE OBRA REALIZADA
ACCION/ CANTIDAD / DESCRIPCION
*
Programación de un reloj digital para el cartel 
OBSERVACIONES GENERALES
*
No tenía ningún programa guardado y estaba en día miércoles ( hoy es martes) y estaba una hora adelantado";;;;;;;;;;;;;;;;;;
5/5/2026;9;VATO HERRERA;S;08:45HS-14:00HS;CORDOBA-DIAZ;"MANO DE OBRA REALIZADA
ACCION/ CANTIDAD / DESCRIPCION
*
Colocación de 1 camara de inspección subterráneo (cerca de cuarto de bomba, en el patio)
Terminamos de tapar con tierra 1 boca subterráneo (cerca de cuarto de bomba, en el patio)
Subimos de altura una cámara de inspección
Dejamos prolijo la tierra de las bocas y las cámaras subterráneo.
Picado de boca para terminar de alargar caño de desagote de A.A en comedor.
Tapamos boca para terminar de alargar caño de desagote de A.A en comedor
Cableamos 5 bocas subterráneo (en el patio donde sería un tipo quincho)
Cableamos 3 bocas embutidas (2 bocas dentro de casa; 1 boca en el quincho)
Colocación de tablero de 12 bocas en cuarto de bomba.
Colocación de 1 térmica de 2x16 A en tablero seccional de la casa 
Colocación de 1 disyuntor en tablero seccional en cuarto de bomba
Colocación de 1 térmica de 2x16A en tablero seccional en cuarto de bomba, es para la bomba.
Colocación de 1 térmica de 2x10A en tablero seccional en cuarto de bomba, es para el quincho.
OBSERVACIONES GENERALES
*
Faltaría definir los artefactos para el quincho. Y definir transformador y caja de paso de luces de pileta. Faltarían 4 prensa cables";;;;;;;;;;;;;;;;;;
5/5/2026;10;ESCUELA DE GASTRONOMIA;S;14:00HS-17:45HS;CORDOBA-DIAZ-CASAS;"MANO DE OBRA REALIZADA
ACCION/ CANTIDAD / DESCRIPCION
*
Colocación de 3 artefactos de 6W en cielo trazo que divide la ampliación nueva
Colocación de 1 artefacto de 18W en ampliación nueva.
Colocación de 1 zapatilla con línea potenciada en ampliación nueva.
Reemplazo de 1 artefacto en zona de cocina (donde no hay clases)
OBSERVACIONES GENERALES
*
Quedo todo bien. Leandro nos vino a ayudar tipo 17:00. Todo los artefactos lo cableamos, menos el que cambiamos";;;;;;;;;;;;;;;;;;
5/5/2026;11;ROSANA ROMBOLA;S;13.30HS-16:39HS;CASAS;"MANO DE OBRA REALIZADA
ACCION/ CANTIDAD / DESCRIPCION
*
Lleve la bomba de agua para selius así la reparen 
A las 13:30 la fui a retirar y me fui a colocarla y le remplse un diferencial que tenía roto 
OBSERVACIONES GENERALES
*
La señora me pidió que le acomode el cable de alimentación de la bomba por la pared así no quede atado en los caños ni en el piso como estaba antes y después me dijo del diferencial lo busque en el taller y lo fui a remplazar";;;;;;;;;;;;;;;;;;
6/5/2026;12;ABUELA NACHO;S;09:14HS-09:30HS;DIAZ-CASAS;"MANO DE OBRA REALIZADA
ACCION/ CANTIDAD / DESCRIPCION
*
Pasamos a retirar una heladera no frost para revisar 
OBSERVACIONES GENERALES
*
Dice que hace mucho ruido el motor y no enfría abajo";;;;;;;;;;;;;;;;;;
6/5/2026;13;NICO GALLO;S;14:37HS-16:00HS;DIAZ-CASAS;"MANO DE OBRA REALIZADA
ACCION/ CANTIDAD / DESCRIPCION
*
Programación de las dos serradura electrónica de la entrada 
OBSERVACIONES GENERALES
*
Me cague para programar la contraseña niño";;;;;;;;;;;;;;;;;;
6/5/2026;14;POLLERIA CENTRO;S;09:40HS-14:10HS;DIAZ-CASAS;"MANO DE OBRA REALIZADA
ACCION/ CANTIDAD / DESCRIPCION
*
Revisamos en el lugar diagnóstico 
Revisamos en el taller aseguramos el diagnóstico y presupuesto 
OBSERVACIONES GENERALES
*
Está pinchada la cañería interior se debe realizar una serpentina de cobre y remplazar el moto compresor";;;;;;;;;;;;;;;;;;
6/5/2026;15;ABUELA NACHO;S;09:50HS-14:10HS;DIAZ-CASAS;"MANO DE OBRA REALIZADA
ACCION/ CANTIDAD / DESCRIPCION
*
Revision de damper parte de refrigerador y 
Revision de bimetal parte congelador
Deteccion fuga en soldadura de inyeccion de motocompresor 1 hp
OBSERVACIONES GENERALES
*
El bimetal esta abierto no da el paso a que active la resistencia lo cual no genera el defrost y genera un escarcha de hielo en la parte inferior 
Del evaporador tapando el cunducto de flujo de aire del congelador al refrigerador 
Para el jueves ho viernes le avisan a nacho por el bimetal";;;;;;;;;;;;;;;;;;
6/5/2026;16;VICTOR ARIAS;S;10:00HS-18:00HS;DIAZ-CASAS;"MANO DE OBRA REALIZADA
ACCION/ CANTIDAD / DESCRIPCION
*
Limpieza y cambio de filtro ,deteccion de fuga cañeria interna 
OBSERVACIONES GENERALES
*
Quedo presurizada falta hacer basio y cargar refrigerante con tapa fugas";;;;;;;;;;;;;;;;;;
6/5/2026;17;ROMINA BUSTOS ;S;14:50HS-18:25HS;CORDOBA-ARIAS M;"MANO DE OBRA REALIZADA
ACCION/ CANTIDAD / DESCRIPCION
*
A.A Samsung de 5400W en dormitorio principal
-Revisión de funcionamiento.
-REEMPLAZO de plaqueta de U.I
OBSERVACIONES GENERALES
*
Quedo andando todo bien";;;;;;;;;;;;;;;;;;
6/5/2026;18;VERGARA ROIG;S;09:15HS-10:45HS;CORDOBA-ARIAS M;"MANO DE OBRA REALIZADA
ACCION/ CANTIDAD / DESCRIPCION
*
Tablero cuarto de bomba:
Programación de rain bird, sacando zona 3 y 4. Dejamos zona 1 que encienda a las 01:00 por 20min. Y zona 2 que encienda a las 01:30 por 20min.
Tablero tras de cancha de pádel:
El plomero quería que deje andando esa electroválvula con la llave de paso directa. Entonces dejamos así para que ellos trabajen cortando y dando paso el agua.
OBSERVACIONES GENERALES
*
Todo normal. Todo según indicaciones del plomero.";;;;;;;;;;;;;;;;;;
6/5/2026;19;PAOLA JORGE;;11:15HS-11:30HS;CORDOBA-ARIAS M;"MANO DE OBRA REALIZADA
ACCION/ CANTIDAD / DESCRIPCION
*
Fuimos a desinstalar el aire pero no había nadie en la casa.
OBSERVACIONES GENERALES
*
Supuestamente iba a estar el padre. Fue un viaje pérdid";;;;;;;;;;;;;;;;;;
7/5/2026;20;ROXANA ROMBOLA;S;09:50HS-11:50HS;DIAZ-CASAS;"MANO DE OBRA REALIZADA
ACCION/ CANTIDAD / DESCRIPCION
*
Remplazo de una térmica para la bomba y reconexión de los flotantes eléctricos 
OBSERVACIONES GENERALES
*
Pero llegar a los tanques de arriba tenemos que salir por un balcón en el segundo piso subir a la losa de un termotanque y saltar para el techo de chapa";;;;;;;;;;;;;;;;;;
7/5/2026;21;COLON SUC CORONEL MONTES;S;12:20HS-14:00HS;DIAZ-CASAS;"MANO DE OBRA REALIZADA
ACCION/ CANTIDAD / DESCRIPCION
*
Revisión de aire acondicionado piso techo salón de la entrada 
Limpieza de filtro control de refrigerante 
Remplazo de sensores de ambiente y de poso/caño 
OBSERVACIONES GENERALES
*
Lo probamos un rato no salto nada pero quedó apagado porque hoy no hace falta tenerlo prendido";;;;;;;;;;;;;;;;;;
7/5/2026;22;PAOLA JORGE;S;09:10HS-14:30HS;CORDOBA-ARIAS M;"MANO DE OBRA REALIZADA
ACCION/ CANTIDAD / DESCRIPCION
*
A.A Hisense Inverter de 3.6kw
Ubicado en cocina comedor.
Instalación.
Colocación de desagüe de superficie.
A.A Kelvinator de 3.40kw. ubicado en cocina comedor.
Desintalacion
Colocación de cinta y un poco de aislante para 2 A.A
OBSERVACIONES GENERALES
*
Para el papá de Jessica le programamos control universal para aire ventana marca surrey.";;;;;;;;;;;;;;;;;;
6/5/2026;23;LOCAL VITI;S;12:00HS-13:30HS;CORDOBA-ARIAS M;"MANO DE OBRA REALIZADA
ACCION/ CANTIDAD / DESCRIPCION
*
Seguimos limpiando freidora y plancha para lomitos
OBSERVACIONES GENERALES
*
Todo normal";;;;;;;;;;;;;;;;;;
7/5/2026;24;VICTOR ARIAS;S;14:30HS-18:00HS;CASAS;"MATERIALES UTILIZADOS
MATERIALES / PEDIDO / REMITO
*
Refrigerante R 134a con tapas fugas 
MANO DE OBRA REALIZADA
ACCION/ CANTIDAD / DESCRIPCION
*
Heladera
Se le realizó vacío y carga de refrigerante 
Quedó en funcionamiento 
OBSERVACIONES GENERALES
*
Quedó en funcionamiento pero falta controlar que corte y si está bien de refrigerante";;;;;;;;;;;;;;;;;;
7/5/2026;25;ABUELA NACHO;S;14:40HS-17:40HS;CASAS;"MANO DE OBRA REALIZADA
ACCION/ CANTIDAD / DESCRIPCION
*
Heladera no frost 
Se reparo una micro perdida y la dejé presurisada con 156 PSI 
OBSERVACIONES GENERALES
*
No sé puede terminar de harmar hasta que llegue el vimetal del congelador";;;;;;;;;;;;;;;;;;
7/5/2026;26;LOCAL VITTI;S;16:00HS-17:30HS;CORDOBA;"MANO DE OBRA REALIZADA
ACCION/ CANTIDAD / DESCRIPCION
*
Estuve limpiando la parte de adentro y la vereda 
OBSERVACIONES GENERALES
*
Todo bien";;;;;;;;;;;;;;;;;;
7/5/2026;27;RICKY BAUDINO;S;15:00HS-18:00HS;DIAZ-CASAS;"MANO DE OBRA REALIZADA
ACCION/ CANTIDAD / DESCRIPCION
*
Repacion de artefacto luminoso
OBSERVACIONES GENERALES
*
Tambien estuvo nacho ayudando con los leed";;;;;;;;;;;;;;;;;;
8/5/2026;28;ANIBAL ALGAÑARAZ;;09:00HS-09:20HS;DIAZ-CASAS;;;;;;;;;;;;;;;;;;;
8/5/2026;29;ANIBAL ALGAÑARAZ;S;11:00HS-13:10HS;DIAZ-CASAS;"MANO DE OBRA REALIZADA
ACCION/ CANTIDAD / DESCRIPCION
*
Remplazo de una llave de dos puntos por una llave de dos puntos Smart en el departamento de los inquilinos de la planta baja 
Y un remplazo de un artefactos doble quemado en el lateral del cartel interno
OBSERVACIONES GENERALES
*
Comunicarle de la mala conexión que tienen los aires acondicionados de su consultorio que es un peligro y pregúntele si quiere remplazar el artefacto de la entrada por uno que ilumine mejor la entrada";;;;;;;;;;;;;;;;;;
8/5/2026;30;ELECTROFRIO;;14:00HS-16:40HS;DIAZ-ARIAS M;"MANO DE OBRA REALIZADA
ACCION/ CANTIDAD / DESCRIPCION
*
Desarmado porta motos metalizado de ángulo y traslado al taller.
OBSERVACIONES GENERALES
*
Hay que hacer ese carbonara las motos con estas cagadas";;;;;;;;;;;;;;;;;;
8/5/2026;31;ESCUELA DE GASTRONOMIA;S;10:00HS-15:40HS;CORDOBA-ARIAS M;"MANO DE OBRA REALIZADA
ACCION/ CANTIDAD / DESCRIPCION
*
Instalación de A.A noblex (el que le hicimos el services de la U.I en el taller 
OBSERVACIONES GENERALES
*
Martin se fue tipo 14 y Leandro a esa hora me ayudó. El arquitecto no quería que se vea el equipo que está en el techo. Así que tuvimos que agrega caños de cobre.";;;;;;;;;;;;;;;;;;
8/5/2026;32;ULISES CONTRERAS;S;16:20HS-16:40HS;CORDOBA-CASAS;"MANO DE OBRA REALIZADA
ACCION/ CANTIDAD / DESCRIPCION
*
Reemplazo de fotocélula de luces exterior (no del letrero)
OBSERVACIONES GENERALES
*
Todo bien";;;;;;;;;;;;;;;;;;
8/5/2026;33;ABUELA DE NACHO;S;09:30HS-18:10HS;DIAZ-CASAS;"MANO DE OBRA REALIZADA
ACCION/ CANTIDAD / DESCRIPCION
*
Controlamos la presión que le dejamos con el nitro le hicimos vacío y le cargamos gas 
Quedó andando toda la siesta y funciona bien 
Entrega a la abuela de Nacho en su domicilio 
OBSERVACIONES GENERALES
*
Trabajo terminado y entregado en tiempo y forma como le dijimos a la abuela espero puntos extras ??";;;;;;;;;;;;;;;;;;
;;SEMANA 20;;;;;;;;;;;;;;;;;;;;;;
11/5/2026;34;LAURA CASAS;SI;14:30HS-17:30HS;CORDOBA-ARIAS M;"MANO DE OBRA REALIZADA
ACCION/ CANTIDAD / DESCRIPCION
*
Cableado de 4 bocas en pieza trasera 
Picado y amurado de 2bocas en cocina comedor
Cableado de 3 bocas en cocina comedor.
Tablero seccionar, colocación de 1 termica de 25A y disyuntor.
Tablero principal Cableado de 2 bocas 

OBSERVACIONES GENERALES
*
Volver mañana a las 08:15
Llevar psea mañana
Morceta para jabalina
Cable desnudarte
Tapa de inspección para puesta a tierra
10 tapas ciegas de 7x7
5 tapas ciegas de 10x10
1 termica de 16A para la estufa";;;;;;;;;;;;;;;;;;
11/5/2026;35;ROCIO GUTIERREZ;SI;13:30HS-18:00HS;DIAZ-CASAS;"MANO DE OBRA REALIZADA
ACCION/ CANTIDAD / DESCRIPCION
*
De intalacion de aire acondicionado de 3 mil frigorías para mantenimiento limpieza de las dos unidades y restauración de carcasa de unidad interior ( lavamos y pintamos las carcasas de blanco como ella pidió )
OBSERVACIONES GENERALES
*
Quedó secándose los plásticos para mñn dar otra mano de pintura y falta comprar un capacitor de 2 micros para la unidad exterior";;;;;;;;;;;;;;;;;;
11/5/2026;36;ELECTROFRIO;SI;08:10HS-13:20HS;CASAS;"MANO DE OBRA REALIZADA
ACCION/ CANTIDAD / DESCRIPCION
*
Limpieza control de stock 
Reubicación de pasaron 
Soporte para auriculares";;;;;;;;;;;;;;;;;;
11/5/2026;37;ELECTROFRIO;SI;09:00HS-13:20HS;CORDOBA;"MANO DE OBRA REALIZADA
ACCION/ CANTIDAD / DESCRIPCION
*
Reemplazo de cable de cámara
OBSERVACIONES GENERALES
*
Comenzamos a revisar las cámaras con Jorge, luego con Martín, y quedó a la 18:10 viendo las cámaras Jorge de nuevo";;;;;;;;;;;;;;;;;;
12/5/2026;38;COLON: CORONEL MONTES;SI;11:10HS-12:20HS;DIAZ-CASAS;"MANO DE OBRA REALIZADA
ACCION/ CANTIDAD / DESCRIPCION
*
Revisión de falla en aire acondicionado piso techo salón de la entrada 
Salió una nueva falla en dipley de la unidad exterior buscamos la falla y me marca que es una placa defectuosa oh mala comunicación entre placas revisamos los cables y están bien 
Sacamos la plata de la unidad exterior para revisar 
OBSERVACIONES GENERALES
*
Llévamos la placa para revisar y que nos den un diagnóstico 
El aire esel mismo que está en la santa Rosa yes la misma placa que está fallando muy probable que no tenga solución y se tenga que remplazar por una placa universal";;;;;;;;;;;;;;;;;;
12/5/2026;39;LAURA CASAS;SI;08:30HS-14:45HS;CORDOBA-ARIAS M;"MANO DE OBRA REALIZADA
ACCION/ CANTIDAD / DESCRIPCION
*
Medidor-TP
-1 boca picada, amurada y cableada para PAT.
-Colocación de jabalina.
Tablero seccional en cocina comedor
-Colocacion de térmica para línea de estufa (1200W)
-Cableamos 1 boca en cocina comedor para luz exterior.
-Armamos llave de 3 puntos.
-Colocación de 1 toma doble para estufa.
-REEMPLAZO de 2 lalve de puntos por tomas dobles.
Fachada de casa
-colocacion de 1 portalámparas con lámpara.
Pasillo entrada principal 
-colocacion de 1 portalámparas con lámpara.
Fondo de casa
-colocacion de 1 portalámparas con lámpara.
Habitación del fondo
-REEMPLAZO de llave de punto y toma por una de 2 medios puntos con toma.";;;;;;;;;;;;;;;;;;
12/5/2026;40;ROCIO GUTIERREZ;SI;15:30HS-18:00HS;DIAZ-CASAS;"MANO DE OBRA REALIZADA
ACCION/ CANTIDAD / DESCRIPCION
*
Intalacion de aire acondicionado split de 3 mil frigorías";;;;;;;;;;;;;;;;;;
12/5/2026;41;ELECTROFRIO;SI;08:10HS-15:10HS;CASAS;"MANO DE OBRA REALIZADA
ACCION/ CANTIDAD / DESCRIPCION
*
Conexión de camaras";;;;;;;;;;;;;;;;;;
12/5/2026;42;LUCIO OSORIO;SI;16:00HS-18:00HS;CORDOBA-ARIAS M;"MANO DE OBRA REALIZADA
ACCION/ CANTIDAD / DESCRIPCION
*
Tablero seccional en galería de entrada
-Colocación de ITM gral de 4x25A
-colocacion de ITD de 4x63A
- colocación de 4 ITM de 2x16A 
-colocacion de 2 ITM de 2x20A
-Diferenciamos distintos líneas de cables.
OBSERVACIONES GENERALES
*
Quedo andando todo. Falta emprolijar cables que ingresan al tablero seccional y colocar reflectores";;;;;;;;;;;;;;;;;;
13/5/2026;43;ROSANA ROMBOLA(AGUSTIN);SI;08:40HS-09:20HS;DIAZ-CASAS;"MANO DE OBRA REALIZADA
ACCION/ CANTIDAD / DESCRIPCION
*
Controlamos porque saltaba el diferencial controlamos los flotantes y le pusimos unas goma en las patas de la bomba para que se aisle del piso 
OBSERVACIONES GENERALES
*
Tiene una perdida de agua en las cañería totalmente aparte de lo que es la bomba pero esa perdida moja todo el piso y salta el diferencial 
Ahora quedó andando con el aislante que le pusimos";;;;;;;;;;;;;;;;;;
13/5/2026;44;JUANJO ALVAREZ;SI;09:32HS-10:24HS;DIAZ-CASAS;"MANO DE OBRA REALIZADA
ACCION/ CANTIDAD / DESCRIPCION
*
De intalacion de aire acondicionado split de 3 mil frigorías 
Y retiramos uno que ya tenía decintalado 
OBSERVACIONES GENERALES
*
Los dos le tenemos que hacer mantenimiento y instalar en el nuevo departamento";;;;;;;;;;;;;;;;;;
13/5/2026;45;LUCIO OSORIO;SI;09:00HS-14:00HS;CORDOBA-ARIAS M;"MANO DE OBRA REALIZADA
ACCION/ CANTIDAD / DESCRIPCION
*
Tablero principal a tablero seccional 
-REEMPLAZO de cables de alimentación que estaban muy cortos (de paso cableamos la tierra)
Tablero seccional 
-Dejamos prolijo la partes de los cables que entran al tablero.
-colocacion de térmica de 10A
-cableamos boca con tpr de 3x4 para toma de soldadora.
-armamos toma doble para soldadora.
-Colocación de etiquetas de tablero.
Galería/fachada de casa
-cableamos boca para tubo led.
-colocacion de tubo led";;;;;;;;;;;;;;;;;;
13/5/2026;46;VERGARA ROIG;SI;16:00HS-17:50HS;CORDOBA-ARIAS M;"MANO DE OBRA REALIZADA
ACCION/ CANTIDAD / DESCRIPCION
*
Colocación de 2 reflectores de 300W
OBSERVACIONES GENERALES
*
Dimos luz de forma provisoria y nos faltaba el disyuntor. Entonces estuvimos buscando en línea de tomas, un tornillo de largo fue la causa.";;;;;;;;;;;;;;;;;;
13/5/2026;47;JUANJO ALVAREZ;SI;16:30HS-18:00HS;DIAZ-CASAS;"MANO DE OBRA REALIZADA
ACCION/ CANTIDAD / DESCRIPCION
*
Intalacion de aire acondicionado unidad interior 
Y colocación de la ménsula 
OBSERVACIONES GENERALES
*
Mñn tenemos que ir a terminar";;;;;;;;;;;;;;;;;;
14/5/2026;48;EMANUEL SANCHEZ;SI;09:45HS-13:10HS;CORDOBA-ARIAS M;"MANO DE OBRA REALIZADA
ACCION/ CANTIDAD / DESCRIPCION
*
Solución de problema eléctrico. Reemplazo de 2 bocas cableadas.
Reemplazo de 1 térmica de 1x32A
Reemplazo de 1 térmica de 40A
OBSERVACIONES GENERALES
*
Había 2 tramos de cable que están medio quemado en las puntas, algunos empalmes sueltos y sulfatados";;;;;;;;;;;;;;;;;;
14/5/2026;49;JUANJO ALVAREZ;SI;09:30HS-14:47HS;DIAZ-CASAS;"MANO DE OBRA REALIZADA
ACCION/ CANTIDAD / DESCRIPCION
*
Intalacion de aire acondicionado split de 3 mil frigorías unidad exterior que nos faltaba ayer en la pieza 
Intalacion de aire acondicionado split de 3 mil frigorías en el comedor 
Intalacion de un toma de 20 A en la pieza 
Intalacion de un toma doble en el comedor";;;;;;;;;;;;;;;;;;
14/5/2026;50;ESCUELA DE GASTRONOMIA;SI;15:00HS-17:30HS;CORDOBA-ARIAS M;"MANO DE OBRA REALIZADA
ACCION/ CANTIDAD / DESCRIPCION
*
Reemplazo de 2 plafones de 18W.
Revisión de fermentadora. Re conexión de cables en toma (se invirtio polaridad)
OBSERVACIONES GENERALES
*
Comencé con Chen Chen. Tipo 16hs llegó Leandro.
Quedo andando todo. Falta cambiar 2 plafones de 18W más.";;;;;;;;;;;;;;;;;;
14/5/2026;51;ECOMAX;SI;16:00HS-18:00HS;DIAZ-ARIAS M;"MANO DE OBRA REALIZADA
ACCION/ CANTIDAD / DESCRIPCION
*
Rempalazo de capsula y revision camaras 
OBSERVACIONES GENERALES
*
Cambiar cables de red";;;;;;;;;;;;;;;;;;
15/5/2026;52;VERGARA ROIG;SI;10:45HS-11:40HS;CORDOBA-DIAZ;"MANO DE OBRA REALIZADA
ACCION/ CANTIDAD / DESCRIPCION
*
Comenzamos a cavar para colocar bocas de luces en pircas 
OBSERVACIONES GENERALES
*
Lo tuvimos que esperar al arquitecto para decirnos ubicación de bocas de luces";;;;;;;;;;;;;;;;;;
15/5/2026;53;FERNANDO ZAREBA;SI;08:30HS-10:00HS;CORDOBA-DIAZ;"MANO DE OBRA REALIZADA
ACCION/ CANTIDAD / DESCRIPCION
*
Revisión de 1 artefacto que no andaba. Estaba suelto unos cables en la pista. También le colocando silicona a la vuelta para sellarlo.
Al otro artefacto lo probamos y estaba andando todo bien.
OBSERVACIONES GENERALES
*
En los transformadores o fuentes de cada artefacto tiene de salida 30V DC. En la etiqueta marca que tienen un rango de 28V a 48V";;;;;;;;;;;;;;;;;;
15/5/2026;54;ESCUELA DE GASTRONOMIA;SI;12:00HS-12:30HS;CORDOBA-DIAZ;"MANO DE OBRA REALIZADA
ACCION/ CANTIDAD / DESCRIPCION
*
Fuimos a ver fermentadora. No pudimos hacer pruebas ahí.
OBSERVACIONES GENERALES
*
Todo normal. Quedamos en que algunos de los técnicos vaya el lunes. Ya se le informo a Jorge";;;;;;;;;;;;;;;;;;
15/5/2026;55;VERGARA ROIG;SI;13:00HS-17:30HS;CORDOBA-DIAZ;"MANO DE OBRA REALIZADA
ACCION/ CANTIDAD / DESCRIPCION
*
Cabamos 10 mtrs y picamos para poner 6 cajas 7×7 ,hicimos 4 pases en murallon
OBSERVACIONES GENERALES
*
Falta material";;;;;;;;;;;;;;;;;;
15/5/2026;56;ECOMAX;SI;08:30HS-18:20HS;CASAS-ARIAS M;"MANO DE OBRA REALIZADA
ACCION/ CANTIDAD / DESCRIPCION
*
Revisión de camaras para ver porque no andaban 
Recableamos dos cámaras 
Cambiamos dos fichas del cable coaxyl de las conexiones vieja 
Rotulamos todos los cables de cada camara s
OBSERVACIONES GENERALES
*
Nos faltó hacer andar la cámara número 4 y nos queda la número 10 disponible para colocar otra cámara";;;;;;;;;;;;;;;;;;
;;SEMANA 21;;;;;;;;;;;;;;;;;;;;;;
18/5/2026;57;MILAGROS ROMBOLA;SI;10:30HS-14:26HS;CASAS-ARIAS M;"MANO DE OBRA REALIZADA
ACCION/ CANTIDAD / DESCRIPCION
*
Revisión y diagnóstico de un aire acondicionado split de 6 mil frigorías invierter aparentemente una micro perdida de refrigerante (r32 )
OBSERVACIONES GENERALES
*
Vamos a cordinar para mñn para poder verificar en dónde es la perdida y repararla";;;;;;;;;;;;;;;;;;
18/5/2026;58;AGUSTINA GRACELLI;SI;09:00HS-15:20HS;CORDOBA-DIAZ;"MANO DE OBRA REALIZADA
ACCION/ CANTIDAD / DESCRIPCION
*
9 cajas de chapa de 7x7
OBSERVACIONES GENERALES
*
Falta tirar corrugado para 3 A A, picar para caños de A.A. falta tirar corrugado para cocina. Falta definir cañería de alimentación";;;;;;;;;;;;;;;;;;
18/5/2026;59;VERGARA ROIG;SI;15:50HS-17:00HS;CORDOBA-DIAZ;"MANO DE OBRA REALIZADA
ACCION/ CANTIDAD / DESCRIPCION
*
Revisión de cámara que no funcionaba.
Revisión de torre de 2 reflectores que no andaban. Se lo tuvo que desinstalar para poder revisar bien. 
OBSERVACIONES GENERALES
*
Hay que buscar un reflector de 200W luz fría. U 4 M de cable de 3x1.5mm";;;;;;;;;;;;;;;;;;
18/5/2026;60;ESCUELA DE GASTRONOMIA;SI;10:30HS-11:00HS;DIAZ;"MANO DE OBRA REALIZADA
ACCION/ CANTIDAD / DESCRIPCION
*
....
OBSERVACIONES GENERALES
*
Falta buscar el horno";;;;;;;;;;;;;;;;;;
18/5/2026;61;MARIA EUGENIA LOPEZ;SI;15:00HS-16:20HS;CASAS-ARIAS M;"MANO DE OBRA REALIZADA
ACCION/ CANTIDAD / DESCRIPCION
*
Visita presupuesto y asesoría 
De intalacion de un aire acondicionado split de 3 mil frigorías invierter y la inteligencia eléctrica 
OBSERVACIONES GENERALES
*
Pasar presupuesto y cordinar horario";;;;;;;;;;;;;;;;;;
18/5/2026;62;ESCUELA DE GASTRONOMIA;SI;16:40HS-18:36HS;CASAS-ARIAS M;"MANO DE OBRA REALIZADA
ACCION/ CANTIDAD / DESCRIPCION
*
Revisión del horno está en corto se va a masa 
Y retiramos la fermentadora para revisar en el taller";;;;;;;;;;;;;;;;;;
18/5/2026;67;ECOMAX;SI;08:00HS-10:30HS;CASAS-PAEZ-ARIAS M;"MANO DE OBRA REALIZADA
ACCION/ CANTIDAD / DESCRIPCION
*
terminamos de instalar la camara numero 4 cambiando los valun reparamos una ficha de la camara 2 instalamos una camara en la oficina de Mario y se cambio dos fuentes en dos camaras de las cajas";;;;;;;;;;;;;;;;;;
19/5/2026;63;AGUSTINA GRACELLI;SI;09:20HS-17:40HS;CORDOBA-(DIAZ);"MANO DE OBRA REALIZADA
ACCION/ CANTIDAD / DESCRIPCION
*
Picamos 4 bajada para A.A (es la picada para que entre el caño de 0.63 así pasamos el SUNCHO por adentro)
Amuramos 5 centros en la losa. Faltan seguir amurar más todavía.
Hicimos 3 boca en losa.
Hicimos 2 boca de video en losa
OBSERVACIONES GENERALES
*
Todo bien, falta terminar de pasar caños Corrugados en la losa";;;;;;;;;;;;;;;;;;
19/5/2026;64;ESCUELA DE GASTRONOMIA;SI;11:30HS-15:30HS;DIAZ-PAEZ;"MANO DE OBRA REALIZADA
ACCION/ CANTIDAD / DESCRIPCION
*
Reparamos perdida de corriente en el horno
OBSERVACIONES GENERALES
*
Falta cambiar dos focos chicos y el calentador";;;;;;;;;;;;;;;;;;
19/5/2026;65;IGNACIO MORALES;SI;16:00HS-17:00HS;DIAZ-PAEZ;"MANO DE OBRA REALIZADA
ACCION/ CANTIDAD / DESCRIPCION
*
Reparamos perdida de corriente en una boca del valcon tenia un tornillo el neutro 
Modificamos tablero general estaba de general el disyuntor y la general no cortaba nada pusimos general y despues disyuntor";;;;;;;;;;;;;;;;;;
19/5/2026;66;MARIA EUGENIA LOPEZ;SI;09:20HS-15:18HS;CASAS-ARIAS M;"MANO DE OBRA REALIZADA
ACCION/ CANTIDAD / DESCRIPCION
*
Intento de intalacion de aire acondicionado pero no vino presurizado no lo instalamos quedó en caja 
Quedó listo el pase con con un caño de 063 y reparado lo que se reventó la pared 
La intalacion electrica también quedó lista con un toma de 20 A en la pieza y descubrimos un tablero en el living que estaba tapado con el revoque usamos ese mismo tablero y colocamos la térmica para ese aire y le acomode una térmica que tenía suelta colocamos dos bandejas cablecanal en el frente para ocultar el cable 
OBSERVACIONES GENERALES
*
La señora se fue a hacer el reclamo y quedó en avisarnos cuando tenga una respuesta 
Los materiales que llevamos para la instalación del aire acondicionado la trajimos de nuevo al local";;;;;;;;;;;;;;;;;;
19/5/2026;68;MILAGROS ROMBOLA;SI;15:20HS-18:40HS;CASAS-ARIAS M;"MANO DE OBRA REALIZADA
ACCION/ CANTIDAD / DESCRIPCION
*
buscamos perdidas en el aire de la entrada con nitrogeno y con vasio y no se noto perdida 
le cargamos refrigerante y quedo en funcionamiento";;;;;;;;;;;;;;;;;;
20/5/2026;69;LUISINA SAINT SILES;SI;09:22HS-10:48HS;CASAS-ARIAS M;"MANO DE OBRA REALIZADA
ACCION/ CANTIDAD / DESCRIPCION
*
Revisamos el termotanque solar y la resistencia revisamos el controlador y remplazamos la térmica";;;;;;;;;;;;;;;;;;
20/5/2026;70;ROMINA BUSTOS ;SI;12:45HS-14:00HS;CASAS-ARIAS M;"MANO DE OBRA REALIZADA
ACCION/ CANTIDAD / DESCRIPCION
*
Revisión de 2 equipos split de 3.000fg. frío/calor marca Philips.
Control de funcionamiento de partes, motor, forzador, válvula y capacitores
Control de aire ya instalador por nosotros, frío calor en pieza de Romina,, funciona perfectamente ü
OBSERVACIONES GENERALES
*
1 de los equipos no comprime la bocha. (El más limpio) Se lleva los 2 equipos al taller para comprobar funcionamientos y posible service para luego instalar";;;;;;;;;;;;;;;;;;
20/5/2026;71;ROMINA BUSTOS ;SI;16:00HS-18:00HS;CASAS-ARIAS M;"MANO DE OBRA REALIZADA
ACCION/ CANTIDAD / DESCRIPCION
*
Probamos dos unidades interior de aire acondicionado split de 3 mil frigorías y reparamos una puntera de ½ de una unidad";;;;;;;;;;;;;;;;;;
20/5/2026;72;AGUSTINA GRACELLI;SI;09:00HS-17:40HS;CORDOBA-DIAZ;"MANO DE OBRA REALIZADA
ACCION/ CANTIDAD / DESCRIPCION
*
Bocas de luces y toma en losa (31)
Bocas de A.A (5)
Bocas de cámaras en losa (4)
Bocas de video (8)
Bocas de potencia en cocina comedor (3)
OBSERVACIONES GENERALES
*
Falta esperar que llenen. La alimentación tendríamos que ponerla por la cenefa con cajas de paso.";;;;;;;;;;;;;;;;;;
20/5/2026;82;FABIAN LUNA;SI;10:00HS-11:00HS;PAEZ-PAEZ;"MANO DE OBRA REALIZADA
ACCION/ CANTIDAD / DESCRIPCION
*
Remplazo dicroica led.
Reemplazo luminaria chica.
Extracción para reparación araña con 12 lámparas g4 12v en el taller. 
OBSERVACIONES GENERALES
*
El artefacto (araña) presentaba falsos contactos.";;;;;;;;;;;;;;;;;;
20/5/2026;83;ANIBAL ALGAÑARAZ;SI;11:30HS-12:00;PAEZ-PAEZ;"MANO DE OBRA REALIZADA
ACCION/ CANTIDAD / DESCRIPCION
*
Programación app para encendido de luces.! 
OBSERVACIONES GENERALES
*
Solo faltaba que se conecte a la red 2.4G para que detecten los módulos .";;;;;;;;;;;;;;;;;;
21/5/2026;73;CHUMBITA NESTOR;si;15:00HS-16:15HS;CASAS-ARIAS M;"MANO DE OBRA REALIZADA
ACCION/ CANTIDAD / DESCRIPCION
*
Desisnstalacion de equipo split marca Carrier de 3.000 feio/calor invertir R32
OBSERVACIONES GENERALES
*
Se lleva al taller para realizar mantenimiento ya que presenta suciedad en turbina";;;;;;;;;;;;;;;;;;
21/5/2026;74;VERGARA ROIG;SI;09:20HS-17:40HS;CORDOBA-ARIAS;"MANO DE OBRA REALIZADA
ACCION/ CANTIDAD / DESCRIPCION
*
Trabajo en canteros cerca de donde irá la imagen 
Son 8 bocas subterráneos en total (cavadas, pasado caños corrugado y tapado).
Colocación de 8 caja de chapa de 5x5.
Picamos parte de murallón para colocar las cajas.
OBSERVACIONES GENERALES
*
Sobraron 2 cajas de chapa de 5x5 y 2 rollos de caño corrugado de 1"".
Faltaría traer para seguir trabajando en otro murallón y cancha de pádel
Reflector de 200W para cancha de pádel.
Precintos
Cajas de 5x5 de chapa o 7x7
Traer tubos para colgar TV.";;;;;;;;;;;;;;;;;;
21/5/2026;75;ROMINA BUSTOS ;SI;08:20HS-18:24HS;CASAS-ARIAS M;"MANO DE OBRA REALIZADA
ACCION/ CANTIDAD / DESCRIPCION
*
Prueba de aire acondicionado split 
Lo armamos en el taller para revisar que funcionara bien
Se le realizó un mantenimiento a la unidad exterior falta la unidad interior 
Y revisamos la otra unidad exterior del segundo aire el moto compresor no funciona 
OBSERVACIONES GENERALES
*
Queda lavar la unidad interior del aire que si anda";;;;;;;;;;;;;;;;;;
21/5/2026;76;FABIAN LUNA;SI;08:30HS-09:40HS;CASAS-ARIAS M;"MANO DE OBRA REALIZADA
ACCION/ CANTIDAD / DESCRIPCION
*
Revisión y reparación de trabas de socalos en luminaria. 
OBSERVACIONES GENERALES
*
Fuimos a instalarlo y estaba cerrado el local
Funciona ok .Instalar viernes a las 10:30h";;;;;;;;;;;;;;;;;;
22/5/2026;77;ECOMAX;SI;08:50HS-09:44HS;CORDOBA-DIAZ;"MANO DE OBRA REALIZADA
ACCION/ CANTIDAD / DESCRIPCION
*
Reemplazo de luminarias
Dicroicas:
2 en fiambrería
1 en vinoteca

1 en caja de cobro
Tubo led 40W:
1 tubo en zona de fiambreras
1 tubo en zona de góndolas

1 tubo led de 18W zona heladera
1 tubo led de 12W zona cajas
OBSERVACIONES GENERALES
*
Todo normal. Hay algunos tubos que de a poco se están gastando pero deben hablar con Mario.";;;;;;;;;;;;;;;;;;
22/5/2026;78;LOPEZ MARIA EUGENIA;SI;08:30HS-12:30HS;CASAS-ARIAS M;"MANO DE OBRA REALIZADA
ACCION/ CANTIDAD / DESCRIPCION
*
Nueva revision de unidad interior de A/A split frío/calor inverter. 
Instalación de A/A split 3.000 fg. Inverter";;;;;;;;;;;;;;;;;;
22/5/2026;79;CHUMBITA MATIAS;SI;15:20HS-17:30HS;CASAS-ARIAS M;"MANO DE OBRA REALIZADA
ACCION/ CANTIDAD / DESCRIPCION
*
Instalación de A /A surrey frio/calor de 3.000 frigorias
OBSERVACIONES GENERALES
*
Equipo funcionando en perfectas condiciones, el cliente realizara la instalación electrica";;;;;;;;;;;;;;;;;;
22/5/2026;80;VERGARA ROIG ;SI;11:20HS-17:35HS;CORDOBA-DIAZ;"MANO DE OBRA REALIZADA
ACCION/ CANTIDAD / DESCRIPCION
*
Reemplazo de reflector en brazo de metal de cancha de pádel.
Colgamos TV en dpto del fondo.
Dejamos luz provisoria con alargue.
Comenzamos a cavar para seguir alimentado murallón cerca de donde irá la imagen.
OBSERVACIONES GENERALES
*
Para subir el brazo nos ayudaron Leandro y Martín. Para colocar el reflector en la cancha, tuvimos que sacar uno de la azotea y ponerlo ahí. Luego tuvimos que poner en la azotea uno de 200W";;;;;;;;;;;;;;;;;;
22/5/2026;81;AGUSTINA ESIDIN;SI;21:30HS-22:00HS;PAEZ;"MANO DE OBRA REALIZADA
ACCION/ CANTIDAD / DESCRIPCION
*
Solución en el momento . Falso contacto enborne medidor.
OBSERVACIONES GENERALES
*
Falso contacto . Reclamar a edelar";;;;;;;;;;;;;;;;;;
;;SEMANA 22;;;;;;;;;;;;;;;;;;;;;;
25/5/2026;84;ROMINA BUSTOS ;SI;------;CASAS-ARIAS M;;;;;;;;;;;;;;;;;;;
25/5/2026;;ELECTROFRIO;;;PAEZ-ARIAS M;;;;;;;;;;;;;;;;;;;
25/5/2026;85;VERGARA ROIG;SI;10:00HS-17:00HS;CORDOBA-DIAZ;"MANO DE OBRA REALIZADA
ACCION/ CANTIDAD / DESCRIPCION
*
6 bocas subterráneos (cavado, llenado y tapado) fueron 16M cavado entre el viernes y hoy.
OBSERVACIONES GENERALES
*
Están faltando amurar varias cajitas de 5x5 de chapa.";;;;;;;;;;;;;;;;;;
26/5/2026;86;NICO ALANIZ (EMPLEADO);SI;08:50HS-11:20HS;CORDOBA-DIAZ;"MANO DE OBRA REALIZADA
ACCION/ CANTIDAD / DESCRIPCION
*
Revisión de problema eléctrico en habitación principal, saltaba la térmica al encender luces. 
Por un lado estaba mal conectado las lámparas cuando modificaron y pusieron el cielo raso. 
Por otro lado estaba mal el cable de retorno. Así que lo tuvimos que cambiar (cablear ese retorno que era 1 boca)
Colocación de 1 plafón de 6W en habitación principal.
OBSERVACIONES GENERALES
*
Quedo todo andando.";;;;;;;;;;;;;;;;;;
26/5/2026;87;NICO ALANIZ (KIOSCO);SI;11:30HS-11:50HS;CORDOBA-DIAZ;"MANO DE OBRA REALIZADA
ACCION/ CANTIDAD / DESCRIPCION
*
Instalación de lector de huella
OBSERVACIONES GENERALES
*
Quedo andando todo";;;;;;;;;;;;;;;;;;
26/5/2026;88;ROMINA BUSTOS ;SI;09:00HS-15:57HS;CASAS-ARIAS M;"MANO DE OBRA REALIZADA
ACCION/ CANTIDAD / DESCRIPCION
*
Intalacion de aire acondicionado split de 3 mil frigorías en la pieza del hijo 
Revisamos el aire piso techo del comedor 
Reubicación de fases en el tablero general de tras del medidor 
OBSERVACIONES GENERALES
*
El aire piso techo no funciona en calor pero en frio si 
Tenemos que volver para ver bien el tema de la tensión";;;;;;;;;;;;;;;;;;
26/5/2026;89;VERGARA ROIG;SI;12:15HS-17_35HS;CORDOBA-DIAZ;"MANO DE OBRA REALIZADA
ACCION/ CANTIDAD / DESCRIPCION
*
Murallón al lado de la imagen (el que veníamos trabajando estos días):
Picamos murallón para colocación de 6 cajas de chapa de 5x5.
Murallón al otro lado de la imagen:
2 bocas subterráneos (cavados, llenado y tapado) son aproximadamente 5m cavado. Aquí dejamos un chicote de caño corrugado de 1"" para seguir alimentando los demás murallones que están más abajo.
OBSERVACIONES GENERALES
*
Todo bien";;;;;;;;;;;;;;;;;;
26/5/2026;90;ESCUELA DE GASTRONOMIA;SI;16:40HS-17:57HS;CASAS-ARIAS M;"MANO DE OBRA REALIZADA
ACCION/ CANTIDAD / DESCRIPCION
*
Probamos y descontamos la resistencia que va en el agua porqué está en corto 
OBSERVACIONES GENERALES
*
Pedirle a Ariel que pida una resistencia original ya que el tiene contacto con los vendedores de la fermentadora y le venden la original";;;;;;;;;;;;;;;;;;
27/5/2026;91;LILIANA PREBENDE;SI;10:00HS-10:30HS;CASAS;"MANO DE OBRA REALIZADA
ACCION/ CANTIDAD / DESCRIPCION
*
Retire un microondas para revisar 
OBSERVACIONES GENERALES
*
Tenemos que llevarlo a un electrónico";;;;;;;;;;;;;;;;;;
27/5/2026;92;FABIAN LUNA;SI;11:42HS-12:10HS;CASAS-ARIAS M;"MANO DE OBRA REALIZADA
ACCION/ CANTIDAD / DESCRIPCION
*
Reacomodamiento de 12 socalos
Instalación de artefacto luminarias colgante.
OBSERVACIONES GENERALES
*
Le a dau una descarga al negro..quedando con los ojos alterados como cabrito en el freezer. Rica ella quedo funcionando bien";;;;;;;;;;;;;;;;;;
27/5/2026;93;RICKY BAUDINO;SI;15:00HS-17:30HS;CASAS-ARIAS M - PAEZ;"MANO DE OBRA REALIZADA
ACCION/ CANTIDAD / DESCRIPCION
*
Reemplazo 2 luminaria 
Instalación sensor de movimiento 
Reparación dos luminarias 
Boca cableado caño rígido aérea
Colocación de un reflector led con sensor de movimiento.";;;;;;;;;;;;;;;;;;
27/5/2026;94;VERGARA ROIG;SI;09:00HS-17:30HS;CORDOBA-DIAZ;"MANO DE OBRA REALIZADA
ACCION/ CANTIDAD / DESCRIPCION
*
En la escalera del quincho:
Sacamos 10 cerámicos para hacerles agujero y quedó listo para poder colocar los artefactos de escalera.
En el murallón del estacionamiento cerca de la imagen:
Picamos murallón para terminar de colocar caño corrugado (la boca subterráneo de ayer)
Murallón al lado de la imagen:
Hicimos un pase y colocamos 1 boca (picada y amurada)
OBSERVACIONES GENERALES
*
Todo bien";;;;;;;;;;;;;;;;;;
27/5/2026;95;ELECTROFRIO CARTEL;SI;08:30HS-11:00HS;CASAS-ARIAS M;"MANO DE OBRA REALIZADA
ACCION/ CANTIDAD / DESCRIPCION
*
Reparación de letras 
OBSERVACIONES GENERALES
*
No andaaaa";;;;;;;;;;;;;;;;;;
27/5/2026;96;VERGARA ROIG (DOMICILIO);SI;14:00HS-15:00HS;CASAS-ARIAS M- PAEZ;"MANO DE OBRA REALIZADA
ACCION/ CANTIDAD / DESCRIPCION
*
Instalamos tres luces rgb en la cascada con el controlador de colores ( todo está echo provisional para ver cómo queda) 
OBSERVACIONES GENERALES
*
A las 20 tiene que ir Ramiro a ver y sacar fotos de como queda 
Material para instalar bien bien en caso de que le guste es 20 MTS 4x1.5
3 presa cable
Caja estanca
Tablero para reloj
30x15x 45";;;;;;;;;;;;;;;;;;
28/5/2026;97;COLON SUC: CASTORE 2;SI;13:45HS-14:00HS;DIAZ-ARIAS M ;"MANO DE OBRA REALIZADA
ACCION/ CANTIDAD / DESCRIPCION
*
Reprogramacion de reloj digital de la cruz
OBSERVACIONES GENERALES
*
Aparentemente están bajando la termica y se desprograma el reloj";;;;;;;;;;;;;;;;;;
28/5/2026;98;ELIZONDO JORGE;SI ;14:30HS-15:10HS;DIAZ-ARIAS M ;"MANO DE OBRA REALIZADA
ACCION/ CANTIDAD / DESCRIPCION
*
Reparación en boca por corto circuito
Modificaciones en bocas (cambio de módulos de temas) Colocación de cámara ejenn bueno la puso el";;;;;;;;;;;;;;;;;;
28/5/2026;99;VERGARA ROIG;SI;09:15HS-17:30HS;CORDOBA-CASAS;"MANO DE OBRA REALIZADA
ACCION/ CANTIDAD / DESCRIPCION
*
24 bocas cableadas en escalera. Son 11 de las escaleras después del descanso y 7 antes del descanso. Las otras son abajo y alrededor del descanso.
Canteros cerca de la imagen:
Tuvimos que hacer 3 reparaciones en la escalera porque no pasaban los cables.
8 bocas cableadas por subterráneo y murallón. Acá tuvimos que hacer 2 relaciones porque estaban achatado 2 tramos de caño.";;;;;;;;;;;;;;;;;;
28/5/2026;--;ELECTROFRIO;;---;DIAZ-ARIAS M-PAEZ;;;;;;;;;;;;;;;;;;;
29/5/2026;100;VERGARA ROIG;SI;10:00HS-17:30;CORDOBA-CASAS;"MANO DE OBRA REALIZADA
ACCION/ CANTIDAD / DESCRIPCION
*
Murallones cerca de la imagen:
8 bocas cableadas con sintenax. Tuvimos que descubrir 2 porque no pasaba la cinta pasacable.
2 bocas cableadas con cable unipolar
Futura cochera cerca de la imagen:
4 bocas armadas con caños de chapa de 7/8
4 bocas cableadas";;;;;;;;;;;;;;;;;;
29/5/2026;101;LILIANA PREBENDE;SI;18:00HS-18:30HS;CASAS;"MANO DE OBRA REALIZADA
ACCION/ CANTIDAD / DESCRIPCION
*
Fui a retirar el microondas del electrónico( le pagamos 50 mil pesos por la reparación)
OBSERVACIONES GENERALES
*
Queda en el taller para probar";;;;;;;;;;;;;;;;;;
29/5/2026;102;ANIBAL ALGAÑARAZ;SI;08:30HS-19:10;PAEZ-DIAZ-ARIAS M;"MANO DE OBRA REALIZADA
ACCION/ CANTIDAD / DESCRIPCION
*
Colocación tira led 48mts
Alimentación de una boca con subterráneo aéreo
Sicronizacion de módulo smart app";;;;;;;;;;;;;;;;;;
;;SEMANA 23;;;;;;;;;;;;;;;;;;;;;;
1/6/2026;103;VERGARA ROIG (DOMICILIO);SI;09:15HS-13:15HS;CORDOBA-CASAS;"MANO DE OBRA REALIZADA
ACCION/ CANTIDAD / DESCRIPCION
*
Reemplazo de 4 artefactos de luces de pileta
Reemplazo de 3 tapas de cajas de pvc de 10x10
OBSERVACIONES GENERALES
*
Quedó andando todo";;;;;;;;;;;;;;;;;;
1/6/2026;104;VERGARA ROIG;SI;13:40HS-17:40HS;CORDOBA-CASAS;"MANO DE OBRA REALIZADA
ACCION/ CANTIDAD / DESCRIPCION
*
Cableamos 12 bocas subterráneos. Quedamos cerca de la cochera que está en el fondo.
OBSERVACIONES GENERALES
*
Falta seguir limpiando cámaras de inspección subterráneas. Y falta seguir cableando.";;;;;;;;;;;;;;;;;;
1/6/2026;105;RAUL SOTERAS;SI;09:00HS-17:45HS;DIAZ-ARIAS M;"MANO DE OBRA REALIZADA
ACCION/ CANTIDAD / DESCRIPCION
*
Picado y amurado de 12 metros de corrugado 7/8
8 media boca
Cavado y tapado de 2 metros de corrugado de 1 1/4 (cemento +larrillos+tapado c/tierra)
Picado y amurado de tablero de 8 bocas
Planificado, cortado de ángulos suplementos para fijacion de cremallera
OBSERVACIONES GENERALES
*
Comprar electrodos
Llevar 1 caja de chapa 5x10
2 Tacos y tornillos del 12";;;;;;;;;;;;;;;;;;
2/6/2026;-;VILTA EZEQUIEL;NO;12:30HS-12:45HS;IGNACIO ARIAS;RECONEXION DE LUZ;;;;;;;;;;;;;;;;;;
2/6/2026;1;VERGARA ROIG;SI;08:45HS-17:50HS;CORDOBA-CASAS;"MANO DE OBRA REALIZADA
ACCION/ CANTIDAD / DESCRIPCION
*
Bocas cableadas en la obra:
Alimentación por corrugado: 4
Alimentación Subterráneo por cámaras de inspección: 20 en total
Tuvimos que estar limpiando las cámaras de inspección, tuvimos que descubrir 1 que estaba bajo de las piedras que utilizan los albañiles para armar murallones.
Tuvimos que hacer modificar la forma de alimentar el departamento porque estaba obstruido un caño corrugado.
OBSERVACIONES GENERALES
*
Quedó con luz el departamento. Alimentado desde el tablero principal.
Falta llevar cable sintenax de 4x1.5mm
Falta revisar forma de alimentar tira led en mueble al lado de la ducha del departamento
Falta revisar forma de alimentar tira led en mueble al lado de la entrada del departamento 
Falta definir ubicación de térmica y disyuntor del tablero del departamento.
Falta definir cómo prenderán las luces de los murallones, imagen y cochera (para llevar térmica, reloj digital, contactor modular, etc)
Falta: 15 tapas ciegas de 5x5
5 tapas ciegas de chapa de 7x7
2 tapa ciega de 10x10
1 jabalina con morceto.";;;;;;;;;;;;;;;;;;
2/6/2026;2;RAUL SOTERAS;SI;08:40HS-17:50HS;DIAZ-ARIAS M;"MANO DE OBRA REALIZADA
ACCION/ CANTIDAD / DESCRIPCION
*
Limpieza de 12 bocas
Cableado de 13 media boca
Armado de tablero con disyuntor y 2 térmicas
Empotrado de 9 metros de corrugado 7/8
Cavado y llenado de 5 metros de corrugado de 1 y 1/4( zanja con ladrillos de protección)
Reemplazo de 1 toma simple de exterior
Colocación de motor y cremalleras para automatización de portón, programación de placa y controles.
Amurado de 1 caja de 5x10
Amurado de 1 caja de 10x10
Colocación de 1 toma simple
Colocación de 8btqpas de 7x7
Colocación de 3 tapas de 10x10";;;;;;;;;;;;;;;;;;
3/6/2026;3;COLON: SEÑOR DEL MILAGRO;SI;08:30HS-09:30HS;PAEZ-DIAZ;"MANO DE OBRA REALIZADA
ACCION/ CANTIDAD / DESCRIPCION
*
Solución en el momento. Salta el disyuntor en un UPS por mala conexión 
OBSERVACIONES GENERALES
*
Cable de alimentación 220v en ficha macho . Era un peligro.";;;;;;;;;;;;;;;;;;
3/6/2026;4;RAUL SOTERAS;SI;10:30HS-11:00HS;PAEZ-DIAZ;"MANO DE OBRA REALIZADA
ACCION/ CANTIDAD / DESCRIPCION
*
Solución en el momento . Le pusimos un tope en el portón . 
OBSERVACIONES GENERALES
*
Los chicos no le habían puesto un tope de seguridad";;;;;;;;;;;;;;;;;;
3/6/2026;5;PATRICIA DE LUCA;SI;11:00HS-12:30HS;PAEZ-DIAZ;"MANO DE OBRA REALIZADA
ACCION/ CANTIDAD / DESCRIPCION
*
Reemplazo Luminaria 
OBSERVACIONES GENERALES
*
Fuimos. Por 3 casas de electricidad para conseguir el artefacto.";;;;;;;;;;;;;;;;;;
3/6/2026;6;LILIANA PREBENDE;SI;13:00HS-13:30HS;PAEZ-DIAZ;ENTREGA DE MICROONDAS EN EL DOMICILIO;;;;;;;;;;;;;;;;;;
3/6/2026;7;VERGARA ROIG JAVIER;SI;10:40HS-17:50HS;CORDOBA-ARIAS M;"MANO DE OBRA REALIZADA
ACCION/ CANTIDAD / DESCRIPCION
*
Conectamos 7 artefactos
1 boca picada, amurada y cableada
Colocación de 1 sensor de movimiento
1 boca picada y amurada
Modificación de conexión para que funcionen los sensores 
OBSERVACIONES GENERALES
*
Falta seguir revisando la escalera.
Falta seguir trabajando en el departamento.";;;;;;;;;;;;;;;;;;
3/6/2026;8;EMANUEL SANCHEZ;SI;20:00HS-20:15HS;PAEZ-ARIAS;"MANO DE OBRA REALIZADA
ACCION/ CANTIDAD / DESCRIPCION
*
Solución en el momento
Sacamos la fase y la pusimos en otra línea para dar luz . Tenía una llave tetrapolar .
OBSERVACIONES GENERALES
*
Presupuestar dividir líneas";;;;;;;;;;;;;;;;;;
3/6/2026;9;AGUSTINA GRASELLI;SI;15:30HS-16:40HS;PAEZ-DIAZ;"MANO DE OBRA REALIZADA
ACCION/ CANTIDAD / DESCRIPCION
*
1 media boca en loza";;;;;;;;;;;;;;;;;;
3/6/2026;10;ROMINA BUSTOS ;SI;17:00HS-17:40HS;PAEZ-DIAZ;"MANO DE OBRA REALIZADA
ACCION/ CANTIDAD / DESCRIPCION
*
Verificacion de tension en tablero general y consumo de amperaje 
OBSERVACIONES GENERALES
*
El aire central que tiene se va de amperaje ahi que cambiar compresor";;;;;;;;;;;;;;;;;;
4/6/2026;11;CONTADORA ALEJANDRA;SI;09:05HS-10:15HS;CORDOBA-CASAS;"MANO DE OBRA REALIZADA
ACCION/ CANTIDAD / DESCRIPCION
*
Aire de cocina-comedor:
Control de limpieza de evaporador de U.I. tenía olor a sucio o humedad. Entonces lo limpiamos con lavandina con otro líquido. Dejó de tirar el mal olor.
Extractor de cocina-comedor
Instalación de extracto con filtro de carbono.
OBSERVACIONES GENERALES
*
Quedó andando todo bien";;;;;;;;;;;;;;;;;;
4/6/2026;12;NICO ALANIZ;SI;11:10HS-13:30;CORDOBA-CASAS;"MANO DE OBRA REALIZADA
ACCION/ CANTIDAD / DESCRIPCION
*
Reemplazo de 1 reflector en fachada de kiosco.
Reemplazo de 1 lámpara gallineta en depósito planta baja.
Reemplazo de 1 lámpara gallineta en depósito de entre piso.
Reemplazo de 1 llave de embutir completo de 2 media punto con toma en depósito de planta baja.
OBSERVACIONES GENERALES
*
Todo quedó andando";;;;;;;;;;;;;;;;;;
4/6/2026;13;ECOMAX;SI;14:30HS-16:50HS;CORDOBA-CASAS;"MANO DE OBRA REALIZADA
ACCION/ CANTIDAD / DESCRIPCION
*
Reemplazo de 1 dicroica en la fiambrería
Reemplazo de burlete de heladera exhibidora vertical.
OBSERVACIONES GENERALES
*
Todo bien";;;;;;;;;;;;;;;;;;
4/6/2026;14;VERGARA ROIG;SI;09:00HS-17:50HS;DIAZ-ARIAS M;"MANO DE OBRA REALIZADA
ACCION/ CANTIDAD / DESCRIPCION
*
Reemplazando 7 artefactos luminosos en primer tramo de escalera
Colocación de 3 artefactos luminarias en segunda parte de la escalera .
Colocación de bastidor y sensore de movimiento.en parte superior de la escalera.
Cableado de 5m cable unipolar.
Retiro de cables en segunda parte de la escalera.
Cableado de escalera a tablero.
Instalación de 2 fuentes para tira led.
Instalación de 6,20 de tira led.
Cableado de 5m. De cables unipolares para alimentación de fuentes..
Cableado de cable paralelonpara alimentación de fuente.";;;;;;;;;;;;;;;;;;
5/6/2026;15;AGUSTINA GRASELLI;SI;08:30HS:12:36HS;DIAZ-CASAS;"MANO DE OBRA REALIZADA
ACCION/ CANTIDAD / DESCRIPCION
*
Supervisión de losa";;;;;;;;;;;;;;;;;;
5/6/2026;16;VERGARA ROIG;SI;11:30HS-14:30HS;CORDOBA-ARIAS M;"MANO DE OBRA REALIZADA
ACCION/ CANTIDAD / DESCRIPCION
*
Tablero seccional de departamento:
Reemplazo de térmica y disyuntor bipolar por tetrapolar.
Colocación de jabalina.
Terminamos de poner silicona a una tira led 
Murallones cerca de la imagen
Colocación de tapas ciegas 5x5, 7x7, 10x10.
OBSERVACIONES GENERALES
*
Quedó andando todo. Debemos colocar luces en cuanto de la imagen hasta el 10";;;;;;;;;;;;;;;;;;
5/6/2026;17;VERGARA ROIG;SI;08:40HS-10:40HS;CORDOBA-ARIAS M;"MANO DE OBRA REALIZADA
ACCION/ CANTIDAD / DESCRIPCION
*
Limpieza de los artefactos para hacer cambio en elcon
OBSERVACIONES GENERALES
*
Lo dejamos en elcon así hagan el cambio.";;;;;;;;;;;;;;;;;;
5/6/2026;18;ALANIZ NICO;SI;16:00HS-16:40HS;DIAZ-ARIAS M;"MANO DE OBRA REALIZADA
ACCION/ CANTIDAD / DESCRIPCION
*
Cambio de toma doble para horno electrico
OBSERVACIONES GENERALES
*
Quedo funcionando";;;;;;;;;;;;;;;;;;
5/6/2026;19;LOCAL VITTI;SI;13:00HS-18:00HS;DIAZ-CASAS ;"MANO DE OBRA REALIZADA
ACCION/ CANTIDAD / DESCRIPCION
*
Remplazo de bocha de la unidad exterior y mantenimiento 
OBSERVACIONES GENERALES
*
Quedó con 220 PSI de presión para controlar fugas y faltaría terminar de armarlo y cargarle refrigerante";;;;;;;;;;;;;;;;;;
5/6/2026;20;ELIO MORALES;SI;12:00HS-12:30HS;DIAZ;"MANO DE OBRA REALIZADA
ACCION/ CANTIDAD / DESCRIPCION
*
Retiro de cartel luminoso led y entrega en local de md andina
OBSERVACIONES GENERALES
*
Poner catrel el lunes a primer hora";;;;;;;;;;;;;;;;;;
;21;CARLA NAVARRO;SI;14:00HS-14:20HS;PAEZ-DIAZ;"MANO DE OBRA REALIZADA
ACCION/ CANTIDAD / DESCRIPCION
*
Reemplazo Disyuntor 
OBSERVACIONES GENERALES
*
Quedó trabajo terminado y funcionando correctamente.";;;;;;;;;;;;;;;;;;
;22;CASTORE 2;SI;14:30HS-15:30HS;PAEZ-DIAZ;"MANO DE OBRA REALIZADA
ACCION/ CANTIDAD / DESCRIPCION
*
Reemplazo de reloj Timmer 
Reemplazo de contactor modular";;;;;;;;;;;;;;;;;;
;;SEMANA 24;;;;;;;;;;;;;;;;;;;;;;
8/6/2026;23;ELIO MORALES;SI;08:40HS-12:30HS;TODOS;"MANO DE OBRA REALIZADA
ACCION/ CANTIDAD / DESCRIPCION
*
Instalación de 2 carteles led por la calle Ortiz de Ocampo 
OBSERVACIONES GENERALES
*
Estuvimos con Martín y Leandro trabajando. 
Quedaron andando. Nomás el cliente había definido algo primero y luego quiso modificarlo. Entonces nos llevo más tiempo hacer eso.";;;;;;;;;;;;;;;;;;
8/6/2026;;MIGUEL FARMACIA;SI;08:00HS-08:05HS;CASAS;REMPALZO DE PORTALAMPARA;;;;;;;;;;;;;;;;;;
8/6/2026;24;VERGARA ROIG;SI;14:15HS-17:40HS;CORDOBA-DIAZ;"MANO DE OBRA REALIZADA
ACCION/ CANTIDAD / DESCRIPCION
*
Cableamos 1 boca subterránea en el departamento. 
Reparación de 1 boca entre el murallón y el cuarto de la imagen.
Modificamos térmicas para dejar con luz toda la zona de murallones, de la imagen y la cochera.
Colocamos 1 reloj digital y un contactor modular.
OBSERVACIONES GENERALES
*
Hay que seguir trabajando ahí.";;;;;;;;;;;;;;;;;;
8/6/2026;25;ROCIO GUTIERREZ;SI;14:00HS-16:20HS;CASAS-ARIAS M;"MANO DE OBRA REALIZADA
ACCION/ CANTIDAD / DESCRIPCION
*
Colocación de bajada de caño trifasica
Comienzo de Cavado de 7 metros para alimentantacion subterranea de tablero sexional.
Instalación de bajada monográfica.";;;;;;;;;;;;;;;;;;
9/6/2026;26;ROCIO GUTIERREZ;SI;10:20HS-17:45HS;CORDOBA-ARIAS M;"MANO DE OBRA REALIZADA
ACCION/ CANTIDAD / DESCRIPCION
*
Cavamos 8m para colocar cámaras de inspección del tablero principal al seccional
OBSERVACIONES GENERALES
*
Falta traer 1 cumplas de chapa de 1""
2 tomas más.
1 llave de punto y toma.
Cable desnudo aproximadamente 3m";;;;;;;;;;;;;;;;;;
9/6/2026;27;VERGARA ROIG;SI;09:30HS-17:00:HS;DIAZ-CASAS;"MANO DE OBRA REALIZADA
ACCION/ CANTIDAD / DESCRIPCION
*
Instalacion de 17 reflectores de 10 w en pircas
2 plafones leed de 24 w cochera
Tira leed dpt
Punto exterior dpt
Remplazo de modulo de toma de 10 amp 
Por modulo de punnto simple dpt
Pintamos 7 artefactos direccionales santuario
OBSERVACIONES GENERALES
*
Traer tapa de chapa 5×5 (14)";;;;;;;;;;;;;;;;;;
10/6/2026;28;ROCIO GUTIERREZ;SI;09:40HS-16:35HS;CORDOBA-ARIAS M;"MANO DE OBRA REALIZADA
ACCION/ CANTIDAD / DESCRIPCION
*
Armamos 2 cámaras de inspección subterráneas.
Tapamos los 8 metros aproximadamente de la sanja del tablero principal al seccional.
Comenzamos a picar columna para pasar caños de alimentación al tablero seccional. Comenzamos a picar nomás a ma,a y punta.";;;;;;;;;;;;;;;;;;
10/6/2026;29;VERGARA ROIG;SI;08.30HS-17:40HS;DIAZ-CASAS;"MANO DE OBRA REALIZADA
ACCION/ CANTIDAD / DESCRIPCION
*
Remplazo de tapa de pvc 5×5 a chapa (17) 
Isntalacion de 17 reflecores de 10 w calidos
Remplazo de tira lees";;;;;;;;;;;;;;;;;;
10/6/2026;30;CONTADORA ALEJANDRA;SI;16:45HS-18:00HS;CORDOBA-ARIAS M;"MANO DE OBRA REALIZADA
ACCION/ CANTIDAD / DESCRIPCION
*
Fuimos a ver el tema del desagüe del aire. Queda que la clienta defina con Pepe que se hará.
Anulamos 1 reflector en el patio interno porque lo están techando con chapa.
Modificación de lugar de alimentación de reflector de entrada a la casa.";;;;;;;;;;;;;;;;;;
11/6/2026;31;GRASI GAS;SI;08:30HS-10.20HS;DIAZ-CASAS;"MANO DE OBRA REALIZADA
ACCION/ CANTIDAD / DESCRIPCION
*
Remlazo de reflecor de 200 w en altura en torre de arriba de las oficina del lado derecho de la plancha cambio de 2 focos de 30 w 
OBSERVACIONES GENERALES
*
Saltaba el disyuntor porque esta roto el reflector de arriba de la torre";;;;;;;;;;;;;;;;;;
11/6/2026;32;VERGARA ROIG;SI;10:40HS-17:40HS;DIAZ-CASAS;"MANO DE OBRA REALIZADA
ACCION/ CANTIDAD / DESCRIPCION
*
Isntalacion de 7 reflectores de 10 w pircas 
7 artefactos direccionales en santuario
Modificacion de altura en carama de inspeccion de alimentacion de dpt y santuario
Coneccion de luces de santuatio y de pircas del costado de la cancha de padle 
OBSERVACIONES GENERALES
*
Traer una fotocelula con sensor 
7 dicroica grandes frias 
Un plafon para aplicar calido de 24 w
5 reflectores calidos de 10 w 
10 tornillos T1 autoperforantes
3 artefactos blanco para exterior liz calida
Tomo para aplicar de 10 amp 
3 mts de cable paralelo 2,5 color blanco";;;;;;;;;;;;;;;;;;
11/6/2026;33;ROCIO GUTIERREZ;SI;09:30HS-17.40HS;CORDOBA-ARIAS M;"MANO DE OBRA REALIZADA
ACCION/ CANTIDAD / DESCRIPCION
*
Cableamos 19 bocas.
Levantamos de altura una cámara de inspección
OBSERVACIONES GENERALES
*
Falta picar columna de entrada. Amurar un tablero y seguir haciendo reparaciones de caño corrugado. Todo picando con maza y punta.";;;;;;;;;;;;;;;;;;
11/6/2026;-;ROMBOLA GRACIELA;NO;----;NACHO;INSTALACION DE LAVARROPA.;;;;;;;;;;;;;;;;;;
11/6/2026;-;MAXI MOLINA;NO;----;NACHO;CAMBIO DE FASE PARA VOLVER A DAR ENERGIA;;;;;;;;;;;;;;;;;;
12/6/2026;34;VERGARA ROIG;SI;09:00HS-16:30HS;DIAZ-CASAS;"MANO DE OBRA REALIZADA
ACCION/ CANTIDAD / DESCRIPCION
*
Istalacion de 5 reflectores de 10 w a la vuelta del santuario
1 toma de 20 en mueble de cosina del dpt del fondo
1 reprogamacion de relog digital de luces de la entrada estaba a las 20:00/ 6:00 se cambio de 18:30/7:00 
Instalacion de foto celula con sensor en pergola del costado de la cancha de padlet para luces de pircas del costado del dpt del fondo
Limpieza general en obra 
OBSERVACIONES GENERALES
*
Buscar artefactos bidireccionales negros 7 calidos para frente de la cancha de padlet";;;;;;;;;;;;;;;;;;
12/6/2026;35;ROCIO GUTIERREZ;SI;09:20HS-18:05HS;CORDOBA-ARIAS M;"ACCION/ CANTIDAD / DESCRIPCION
*
Bocas cableadas 11.
Colocacion de 1 tablero 28 bocas
Colocación de 2 tomas simples
Colocación de 4 tomas dobles
Colocación de 1 llave de punto y toma
Colocaicon se 1 llave de 3 puntos 
OBSERVACIONES GENERALES
*
Falta seguir trabajando y picando a mano";;;;;;;;;;;;;;;;;;
;;SEMANA 25;;;;;;;;;;;;;;;;;;;;;;
15/6/2026;36;FEDERICO OCAMPO;SI;09:00HS-10:20HS;CASAS-ARIAS M;"MANO DE OBRA REALIZADA
ACCION/ CANTIDAD / DESCRIPCION
*
Revisión y preparación para instalacion
OBSERVACIONES GENERALES
*
Se detecto que la unidad interior llegó rota(vidrio espejado del frente trizado)
Se volvió a empacar para que el cliente realice el reclamo del producto";;;;;;;;;;;;;;;;;;
15/6/2026;37;GABRIEL SOTERAS;SI;10:45HS-16:10HS;CASAS-ARIAS M;"MANO DE OBRA REALIZADA
ACCION/ CANTIDAD / DESCRIPCION
*

Revisión de A/A ,(cambio de capacitor)
Presupuesto de instalación elecrrica(plano) de galería.
Desisnstalacion de A/A para service completo en taller.
Service completo de aire tipo split.marca TCL de 3.000fg.
OBSERVACIONES GENERALES
*
Service realizado en taller";;;;;;;;;;;;;;;;;;
15/6/2026;38;CONTADORA ALEJANDRA;SI;16:10HS-16:48HS;CASAS-ARIAS M;"MANO DE OBRA REALIZADA
ACCION/ CANTIDAD / DESCRIPCION
*
.
OBSERVACIONES GENERALES
*
El cliente no se encontraba en el domicilio";;;;;;;;;;;;;;;;;;
15/6/2026;39;ROCIO GUTIERREZ;SI;09:30HS-17:30HS;CORDOBA;"MANO DE OBRA REALIZADA
ACCION/ CANTIDAD / DESCRIPCION
*
Tablero seccional:
Terminamos de picar y embutir 3 bocas (luces y toma de losa, cenefa y otra boca al centro de lalosa)
Picamos, embutimos 3 bocas más (hacía losa-cenefa).
Terminamos de picar 1 boca (tomas de abajo)
Reparación de 3 bocas (luces en mucheta de entrada principal. 2 de luces exteriores)esto fue con Chen Chen.
Luces exteriores:
Colocación de 5 portalámparas de pared
Entrada:
Seguimos picando 2 boca de entrada de alimentación. Esto fue con Chen Chen y Leandro.
OBSERVACIONES GENERALES
*
Falta seguir picando las 2 bocas de entrada de alimentación.
Faltan llevar 7 lámparas más las otras cosas anoté en la planilla. Los changos llegaron tipo 17";;;;;;;;;;;;;;;;;;
15/6/2026;40;ROCIO GUTIERREZ;SI;16:55HS-17:30HS;CASAS-ARIAS M;"MANO DE OBRA REALIZADA
ACCION/ CANTIDAD / DESCRIPCION
*
Picado de canaletas para corrugados de entrada de alimentación en columna
OBSERVACIONES GENERALES
*
Falta terminar canaletas";;;;;;;;;;;;;;;;;;
16/6/2026;41;GABRIEL SOTERAS;SI;09:00HS-13:00HS;DIAZ-CASAS;"MANO DE OBRA REALIZADA
ACCION/ CANTIDAD / DESCRIPCION
*
Instalaciom de aire acondicionado de 3.000 frigorias en living 
Reubicacion de 2 luces colgantes en quincho del fondo
OBSERVACIONES GENERALES
*
Estaban arriba de los ventiladores y le hacian sombra";;;;;;;;;;;;;;;;;;
16/6/2026;42;CARLOS SANT;SI;14:00HS-14:50HS;DIAZ-CASAS;"MANO DE OBRA REALIZADA
ACCION/ CANTIDAD / DESCRIPCION
*
Reparacion de cortecircuito en lina de tomas de la primer piesa
Remplazo de termica 2 ×20 medicion de amperaje de estufa electrica consume 9.70 AMP
OBSERVACIONES GENERALES
*
Tenia una termica de 32 para cables del 4 que estaba rota";;;;;;;;;;;;;;;;;;
16/6/2026;43;ROCIO GUTIERREZ;SI;09:20HS-16:05HS;CORDOBA-ARIAS M;"MANO DE OBRA REALIZADA
ACCION/ CANTIDAD / DESCRIPCION
*
Tablero seccional
Terminamos de picar 2 bocas de entrada de alimentación de tablero seccional.
Amuramos Esas 2 bocas.
Volvimos a colocar las piedras en las pared.
Colocación de 2 térmicas bipolares.
Colocación de 1 disyuntor 
Tablero principal a seccional
Cableamos 3 bocas subterráneos para alimentación de tablero seccional.
Colocación de PAT con jabalina
Casa 
Colocación de 4 portalámparas de colgar más lámparas 
Colocacion de 4 tapas ciegas de chapa de 7x7
Colocacion de 5 lámparas para portalámparas de pared.
OBSERVACIONES GENERALES
*
Dejamos todo listo para haga la bajada edelar";;;;;;;;;;;;;;;;;;
16/6/2026;44;FEDERICO OCAMPO;SI;15:00HS-18:00HS;DIAZ-CASAS;"MANO DE OBRA REALIZADA
ACCION/ CANTIDAD / DESCRIPCION
*
Isntalacion de aire splt de 6.000 frigorias";;;;;;;;;;;;;;;;;;
16/6/2026;45;CONTADORA ALEJANDRA;SI;16:20HS-18:00HS;CORDOBA-ARIAS M;"MANO DE OBRA REALIZADA
ACCION/ CANTIDAD / DESCRIPCION
*
Comenzamos a instalar bomba de condensación.
OBSERVACIONES GENERALES
*
Falta terminar de conectarla. Tuvimos que desarmar la U.I para acceder al Durlock y pasar manguera al techo.
También debemos de embutir unos caños de otro aire, del dormitorio principal";;;;;;;;;;;;;;;;;;
17/6/2026;46;CARLOS SANT;SI;09:00HS-09:20HS;DIAZ-CASAS;"MANO DE OBRA REALIZADA
ACCION/ CANTIDAD / DESCRIPCION
*
Anulacion reloj de luces exteriores
OBSERVACIONES GENERALES
*
Pusimos manual las luces exteriores se manejan con una termica";;;;;;;;;;;;;;;;;;
17/6/2026;47;FEDERICO OCAMPO;SI;10:00HS-12:00HS;DIAZ-CASAS;"MATERIALES 
MATERIALES / PEDIDO / REMITO
*
12 tapa ciega de 7×7 
30 cm de cable canal 20 ×20 
12 tornillo del 8 m";;;;;;;;;;;;;;;;;;
17/6/2026;48;SOL HUERTA;SI;12:30HS-13:30HS;DIAZ-CASAS;"MANO DE OBRA REALIZADA
ACCION/ CANTIDAD / DESCRIPCION
*
Reparacion de cortocircuito 
Cableado de 3 bocas el living
OBSERVACIONES GENERALES
*
Se quemo el neutro y presupuestar cableado de 5 bocas hasta el tablero";;;;;;;;;;;;;;;;;;
17/6/2026;49;CONTADORA ALEJANDRA;SI;09:10HS-16:40HS;CORDOBA-ARIAS M;"MANO DE OBRA REALIZADA
ACCION/ CANTIDAD / DESCRIPCION
*
Terminamos de instalar la bomba de condensación en el A.A de cocina comedor (el que empezamos ayer)
Desintalacion de A.A Samsung de dormitorio principal.
Picamos y embutimos caño de 0.63 para pasar SUNCHO.
Terminamos de picar y embutir caño de desagüe (los obreros ya habían hecho la marca por donde iba a ir el desagüe y comenzaron a picar)
OBSERVACIONES GENERALES
*
Falta volver a instalar el A.A";;;;;;;;;;;;;;;;;;
17/6/2026;50; VERGARA ROIG;SI;14:00HS-17:30HS;DIAZ-CASAS;"MANO DE OBRA REALIZADA
ACCION/ CANTIDAD / DESCRIPCION
*
Instalacion de 13 artefactos luminosos 
Reconeccion de cable subterraneo de 3×1,5
OBSERVACIONES GENERALES
*
Ver si le gusta";;;;;;;;;;;;;;;;;;
18/6/2026;51;ECOMAX;SI;08:15HS-09:15HS;DIAZ-CASAS;"MANO DE OBRA REALIZADA
ACCION/ CANTIDAD / DESCRIPCION
*
Revisamos una heladera exhibidora vertical 
Tiene el compresor clavado el forzador exterior está andando mal y el forzador interno también está tapado de pelusa ( se recomienda cambiarlos a los dos ) y remplazar la bocha 
Remplazo de una dicroica en la fiambreria";;;;;;;;;;;;;;;;;;
18/6/2026;52;CONTADORA ALEJANDRA;SI;09:30HS-13:20HS;DIAZ-CASAS;"MANO DE OBRA REALIZADA
ACCION/ CANTIDAD / DESCRIPCION
*
intalacion de AA split de 3 mil frigorias en pieza de ella";;;;;;;;;;;;;;;;;;
18/6/2026;53;ARIAS IGNACIO;SI;15:00HS-18:15HS;DIAZ-CASAS;"MANO DE OBRA REALIZADA
ACCION/ CANTIDAD / DESCRIPCION
*
Soldamos la válvula inversora del aire acondicionado split de su pieza lo lavamos y instalamos";;;;;;;;;;;;;;;;;;
18/6/2026;54;EMANUEL SANCHEZ;SI;9:00HS-18:40HS;CORDOBA-ARIAS M;"MANO DE OBRA REALIZADA
ACCION/ CANTIDAD / DESCRIPCION
*
Tablero principal
Embutimos tablero principal.
picamos y embutimos caño de alimentación de medidor. Reemplazamos cables de alimentación de medidor
Picamos, embutimos y cableamos 1 boca (tierra)
Picamos, embutimos y amuramos 1 boca hasta tablero seccional.
De remplazo de térmica tetrapolar.
Colocación de PAT
Tablero seccional
Reemplazo de tablero de 2 bocas por uno de 24 bocas.
Picado, embutido 3 bocas. cableamos 1 boca. (Para caja de paso)
Colocación de 1 térmica tetrapolar 
Colocación de 1 disyuntor tetrapolar 
Colocación de 1 térmicas bipolar";;;;;;;;;;;;;;;;;;
19/6/2026;55;VERONICA LLAMOS;NO;9:00HS-11:40HS;DIAZ-CASAS;"MANO DE OBRA REALIZADA
ACCION/ CANTIDAD / DESCRIPCION
*
Remplazo de 2 artefactos colgantes en cosina
Remplazo de 6 dicroicas 7w luces exteriores
Remplazo de un modulo simple teclaestar minimal en cosina 
Diagnostico de aire acondicionado de la mama
OBSERVACIONES GENERALES
*
Falta cambiar artefacto en cosina que no tiene en estok elcon";;;;;;;;;;;;;;;;;;
19/6/2026;56;BEBA SORIA;NO;12:00HS-14:00HS;DIAZ-CASAS;"MANO DE OBRA REALIZADA
ACCION/ CANTIDAD / DESCRIPCION
*
Reparacion de perdida de refrigerante r32 
Hicimos virolas nuevas las 4 
Aire acondicionado de 3000 frigorias";;;;;;;;;;;;;;;;;;
19/6/2026;57;LINDA COBRESI (BONAFIDE);SI;15:00HS-18:00HS;DIAZ-CASAS;"MANO DE OBRA REALIZADA
ACCION/ CANTIDAD / DESCRIPCION
*
Verificación de tablero general líneas eléctricas identificación de líneas y planificación de lineas potenciada para los artefactos que necesiten 
OBSERVACIONES GENERALES
*
Las líneas que ya tiene se las dejaría para algunos tomas y las luces porque las cañería que tiene no pasa la cinta pasa cable porque tiene como cañería manguera del agua negra de media entonces se pondría una bandeja perforada respetando la fachada que ya tiene y con eso ya podemos bajar en dónde necesitemos las líneas especiales para los tomas 
Se necesita ría de material 6 bandejas perforada de 100 x50 2 dos curvas para las bandejas 60 metros de cable tpr 3x4 una bolsa de precintos AL2 20 tacos y tornillos del 8 dos cintas aisladora dos térmica de 20 A";;;;;;;;;;;;;;;;;;
19/6/2026;58;EMANUEL SANCHEZ;SI;9:50HS-18:40HS;CORDOBA-ARIAS M;"MANO DE OBRA REALIZADA
ACCION/ CANTIDAD / DESCRIPCION
*
Megamos la instalación para revisión de fuga de corriente.
Tablero seccional
Cableamos con tpr línea de aire de comedor y línea de caloventor de pieza. (2 tiradas separadas)
Pieza de hija
Armamos 1 boca de cablecanal para caloventor.
Cableamos 2 bocas para caloventor.
Baño y cocina comedor
Picamos, amuramos y cableamos 1 boca";;;;;;;;;;;;;;;;;;
;;COLON /ARTURO ARIAS;-;--;--;;;;;;;;;;;;;;;;;;;
20/6/2026;59;EMANUEL SANCHEZ;SI;10:00HS-13:00HS;CORDOBA;"MANO DE OBRA REALIZADA
ACCION/ CANTIDAD / DESCRIPCION
*
Tablero seccional (dormitorio)
Colocación de 3 térmicas bipolares
Cableamos 1 boca para caja de paso (línea del último A.A)
Dormitorio hija:
Reemplazo de toma simple roto por uno doble completo.
Colocacion de tapa ciega de 5x10 de pvc.
Recableo de boca en 1 toma (quedaban muy cortos y estaban feos) 
Dormitorio principal
Recableo de boca en 1 toma (quedaban muy cortos y estaban feos) 
Colocación de caja de pvc de 7x7 y portalámparas con florón para emprolijar lámparas suelta.
Cocina comedor 
Fijamos toma de heladera que estaba toda oxidada la caja. Colocando tacos y tornillos del 6";;;;;;;;;;;;;;;;;;
;;SEMANA 26;;;;;;;;;;;;;;;;;;;;;;
22/6/2026;60;CONTADORA ALEJANDRA;SI;10:20HS-13:15HS;CORDOBA-ARIAS M;"MANO DE OBRA REALIZADA
ACCION/ CANTIDAD / DESCRIPCION
*
Asador:
1 boca picada y amurada (falta colocar caja de chapa)
Galería frente de asador:
Colocación de 2 bocas de pvc (falta seguir armando la estructura de pvc).
OBSERVACIONES GENERALES
*
Falta seguir trabajando.";;;;;;;;;;;;;;;;;;
22/6/2026;-;LOCAL VITTI;NO;;DIAZ-CASAS;;;;;;;;;;;;;;;;;;;
23/6/2026;61;PABLO CARRIZO FUCKCLUB (NICO GALLO);SI;15:00HS-16:30HS;CORDOBA-ARIAS M;"MANO DE OBRA REALIZADA
ACCION/ CANTIDAD / DESCRIPCION
*
Reemplazo de térmica de A.A grande 
OBSERVACIONES GENERALES
*
Todo bien";;;;;;;;;;;;;;;;;;
23/6/2026;62;CONTADORA ALEJANDRA;SI;09:00HS-14:20HS;CORDOBA-ARIAS M;"MANO DE OBRA REALIZADA
ACCION/ CANTIDAD / DESCRIPCION
*
Asador:
Cableamos 1 boca y colocamos caja de 7x7
Colocación de 1 reflector de 10W.
Galería
Armamos 3 bocas con caños de pvc
Cableamos 5 bocas (toda la estructura de pvc)
Picamos 2 bocas para colocar 3 cajas de 5x10 
Colocación de 3 plafón de 18W
Cocina comedor
Dejamos prolijo el TV (estaba torcido) y dejamos prolijo los cables del TV 
OBSERVACIONES GENERALES
*
Todo bien";;;;;;;;;;;;;;;;;;
23/6/2026;63;LINDA COBRESI (BONAFIDE);SI;09:00HS-18:10HS;DIAZ-CASAS;"MANO DE OBRA REALIZADA
ACCION/ CANTIDAD / DESCRIPCION
*
El café club nos fijamos que artefactos van a poner y que consumos tienen 
En el local de linda colocamos las bandeja perforadas para hacer 4 bajadas para líneas especiales de los tomas y cableamos las bajadas 
OBSERVACIONES GENERALES
*
Falta conectar los tomas y harmar el tablero";;;;;;;;;;;;;;;;;;
23/6/2026;-;PEDRO LAUTARO;-;-;ARIAS-PAEZ;;;;;;;;;;;;;;;;;;;
24/6/2026;64;LINDA COBRESI (BONAFIDE);SI;08:20HS-11:20HS;DIAZ-CASAS;"MANO DE OBRA REALIZADA
ACCION/ CANTIDAD / DESCRIPCION
*
Intalacion de 5 tomas corriente dobles 
Intalacion de dos térmicas de 25 A y un disyuntor ( el disyuntor lo reutilize de una línea que anule antes) y acomode un poco los cables con presintos limpié todo la tierra y bichos muertos que tenía el tablero y aisle todos los cables sueltos que quedaron en el tablero de las instalaciones viejas 
OBSERVACIONES GENERALES
*
Falta definir los tomas de la pared de durlok";;;;;;;;;;;;;;;;;;
24/6/2026;65;OLGA NAVARRO;NO;12:00HS-13:00HS;DIAZ-CASAS;"MANO DE OBRA REALIZADA
ACCION/ CANTIDAD / DESCRIPCION
*
Recién y flete de heladera Whirlpool no frost blanca dos puertas 
OBSERVACIONES GENERALES
*
Se dejó los estantes y accesorios en el domicilio";;;;;;;;;;;;;;;;;;
24/6/2026;66;LINDA COBRESI (BONAFIDE);SI;16:15HS-17:30HS;DIAZ-CASAS;"MANO DE OBRA REALIZADA
ACCION/ CANTIDAD / DESCRIPCION
*
Fuimos a definir los tomas de la heladera y ver qué más faltaba 
OBSERVACIONES GENERALES
*
Falta un montón jajaja";;;;;;;;;;;;;;;;;;
24/6/2026;67;JUAN CUELLO;SI;09:15HS-17:00HS;CORDOBA-ARIAS M;"MANO DE OBRA REALIZADA
ACCION/ CANTIDAD / DESCRIPCION
*
Desintalacion de 2 A.A
Services de 2 A.A
OBSERVACIONES GENERALES
*
Tipo 14:30 hicimos services carita, Martín y Pablo. Hasta las 12:45 estuvimos desintalando aires y luego en el taller haciendo los services
MATERIALES 
MATERIALES / PEDIDO / REMITO
*
Una cinta aisladora";;;;;;;;;;;;;;;;;;
24/6/2026;68;OLGA NAVARRO;NO;----;DIAZ-CASAS;"MANO DE OBRA REALIZADA
ACCION/ CANTIDAD / DESCRIPCION
*
Fuimos a dejar la heladera";;;;;;;;;;;;;;;;;;
24/6/2026;69;OLGA NAVARRO;SI;13.00HS-16:00HS;DIAZ-CASAS;"MANO DE OBRA REALIZADA
ACCION/ CANTIDAD / DESCRIPCION
*
Reparación de heladeras no frost reparación de placa porque no funcionaba el forzador se cambio el triak compré de silap
OBSERVACIONES GENERALES
*
.
MATERIALES 
MATERIALES / PEDIDO / REMITO
*
Un triak comprado de silap";;;;;;;;;;;;;;;;;;
25/6/2026;70;DE LUCA PATRICIA (TONOS II);SI;10:00HS-18:00HS;CORDOBA-ARIAS M;"MANO DE OBRA REALIZADA
ACCION/ CANTIDAD / DESCRIPCION
*
Zona barbería 
Sacamos 24 tiras led
Instalamos 24 nuevas tira led con fuentes
OBSERVACIONES GENERALES
*
Quedó andando, falta revisar unos detalles que se despegaron en las esquinas.";;;;;;;;;;;;;;;;;;
25/6/2026;71;LINDA COBRESI (BONAFIDE);SI;08:00HS-18:00HS;DIAZ-CASAS;"MANO DE OBRA REALIZADA
ACCION/ CANTIDAD / DESCRIPCION
*
Intalacion de 5 bocas completas son cuatro en la pared de durlok y una en la mesada para el horno 
Un pase en la pared de la izquierda para futuros tomas en sillones y se saco los cables que estaban cortos y no tenían utilidad 
Intalacion de dos extractores en el baño con cablecanal 
Un toma para exterior en la cocina para una heladera también con cable canal 
OBSERVACIONES GENERALES
*
Para mñn llevar un modulo de 20 A marca taad
Una llave de dos puntos 
Dos cable canal";;;;;;;;;;;;;;;;;;
26/6/2026;72;LINDA COBRESI (BONAFIDE);SI;08:10HS-17:20HS;DIAZ-CASAS;"MANO DE OBRA REALIZADA
ACCION/ CANTIDAD / DESCRIPCION
*
Remplazo de térmica en el tablero de 25 A a una térmica de 10 A para las luces de exterior 
Modificación y individualización de retorno para prender luces del exterior independientemente de otro punto para eso tuvimos que sacar una parte del entre techo de la entrada para buscar los cables de las luces y poder reconectar desde se volvió a armar el techo también se acomodo los cables de las luces del exterior con grampas media Omega y tornillos punta mecha 
Terminamos de pegar las bandejas cablecanal que nos faltaba y conectamos el extractor 
Remplazo de un toma doble por un toma de 20 A
Acomodamos todo el salón y limpiamos para poder meter la heladera horizontal y reubicamos una heladera exhibidora vertical de la Coca-Cola en la cosina 
Colocamos 8 tapas ciegas y buscamos la heladera del taller para dejarla en el local 
OBSERVACIONES GENERALES
*
Esperar a que se organice linda con las mesas y mostradores para definir las luces colgantes";;;;;;;;;;;;;;;;;;
26/6/2026;73;PATRICIA DE LUCA (TONOS II);SI;09:30HS-18:00HS;CORDOBA-ARIAS M;"MANO DE OBRA REALIZADA
ACCION/ CANTIDAD / DESCRIPCION
*
Desintalacion de 32 tiras led
Colocación de 32 tiras led cob nuevas 
OBSERVACIONES GENERALES
*
Todo bien";;;;;;;;;;;;;;;;;;
26/6/2026;74;ECOMAX (CASA MARIO SERRANO);SI;15:10HS-16:00HS;ARIAS M;"MANO DE OBRA REALIZADA
ACCION/ CANTIDAD / DESCRIPCION
*
Reemplazo de luminarias (plafon de 24 frio)
1 en cocina
1 en baño
OBSERVACIONES GENERALES
*
Quedo funcionando ok";;;;;;;;;;;;;;;;;;
;;SEMANA 27;;;;;;;;;;;;;;;;;;;;;;
29/6/2026;75;DE LUCA PATRICIA (TONOS II);SI;09:30HS-17:55HS;CORDOBA-ARIAS M;"MANO DE OBRA REALIZADA
ACCION/ CANTIDAD / DESCRIPCION
*
Desintalacion e instalación de 42 tiras led.";;;;;;;;;;;;;;;;;;
29/6/2026;1;VATO HERRERA;SI;09:00HS-14:35HS;DIAZ-CASAS;"MANO DE OBRA REALIZADA
ACCION/ CANTIDAD / DESCRIPCION
*
Remplazo de un reflector de 150 w en el fondo sacamos de elcon 26.200 para Nacho 
Remplazo de 3 dicroicas frías en el comedor y dos LED de 12w redondo en la cocina 
Modificación del tablero en cambio de distribución de fases 
Revisamos la heladera que estaba en corto y un microondas 
Retiramos el microondas y la placa de la heladera para llevar a revisar con el electrónico";;;;;;;;;;;;;;;;;;
29/6/2026;2;LINDA COBRESI (BONAFIDE);SI;16:30HS-18:00HS;DIAZ-CASAS;"MANO DE OBRA REALIZADA
ACCION/ CANTIDAD / DESCRIPCION
*
Fuimos al local para ver las posiciones de las lámparas y las formas de las lámparas para ver cómo colgarlas y ver los materiales que necesitamos y ya buscamos algunos materiales";;;;;;;;;;;;;;;;;;
30/6/2026;3;LINDA COBRESI (BONAFIDE);SI;09:00HS-17:50HS;DIAZ-CASAS;"MANO DE OBRA REALIZADA
ACCION/ CANTIDAD / DESCRIPCION
*
Intalacion de 9 lámparas colgantes 5 son de porcelana y faltan alimentar dos 
Y fabricamos los parches para la bandeja del techo 
Fabricamos los enganche y modejicamos las conexiones de las lámparas";;;;;;;;;;;;;;;;;;
30/6/2026;4;DE LUCA PATRICIA (TONOS II);SI;09:30HS-17:50HS;CORDOBA;"MANO DE OBRA REALIZADA
ACCION/ CANTIDAD / DESCRIPCION
*
Desintalacion de 12 tiras led en mueble tipo isla.
Colocación de 12 tiras led en dicho mueble.
OBSERVACIONES GENERALES
*
Falta revisar cartel. Seguramente habrá que cambiar bajarlo. 
Hará falta mínimo 3 fuentes. 
Falta colocar más tiras led en el mueble del tipo isla.";;;;;;;;;;;;;;;;;;
1/7/2026;5;COLON SUC STA ROSA;SI;10:20HS-12:50HS;CORDOBA-ARIAS M;"MANO DE OBRA REALIZADA
ACCION/ CANTIDAD / DESCRIPCION
*
Instalación de antena starlink
Instalación de repetidor de internet
OBSERVACIONES GENERALES
*
Se trabajo en altura";;;;;;;;;;;;;;;;;;
1/7/2026;6;COLON CORONEL MONTES;SI;13:10HS-14:50HS;CORDOBA-ARIAS M;"MANO DE OBRA REALIZADA
ACCION/ CANTIDAD / DESCRIPCION
*
Instalación de antena starlink 
OBSERVACIONES GENERALES
*
Todo normal";;;;;;;;;;;;;;;;;;
1/7/2026;7;COLON SEÑOR DEL MILAGRO;SI;13:15HS-16:10HS ;CORDOBA-ARIAS M;"MANO DE OBRA REALIZADA
ACCION/ CANTIDAD / DESCRIPCION
*
Cambio de lugar de repartidor de red.
OBSERVACIONES GENERALES
*
Todo normal";;;;;;;;;;;;;;;;;;
1/7/2026;8;COLON SUC CASTORE (25 DE MAYO);SI;16:45HS-17:40HS;CORDOBA-ARIAS M;"MANO DE OBRA REALIZADA
ACCION/ CANTIDAD / DESCRIPCION
*
Reemplazo de 4 tubo led en 1 piso
Reemplazo de 5 tubo led en planta baja 
OBSERVACIONES GENERALES
*
Todo bien.";;;;;;;;;;;;;;;;;;
1/7/2026;9;LINDA COBRESI (BONAFIFE);SI;08:20HS-17:50hs;DIAZ-CASAS;"MANO DE OBRA REALIZADA
ACCION/ CANTIDAD / DESCRIPCION
*
Intalacion de dos lámparas colgantes de porcelana que nos faltaba ayer y le colocamos el tapa cable que saque de elcon a las 5 lámparas del mostrador 
Remplazo de 7 artefactos les para embutidos en la bandeja del salón 
Remplazo de 3 focos en la bandeja del salón 
Intalacion de 5 tachos en la bandeja del salón
Remplazo de 9 lámparas r111
Intalacion de un artefactos triple para embutir en la bandeja del salón 
Remplazo de 3 artefactos simples en el baño 
Remplazo de 4 artefactos en el alero del frente 
Intalacion electrica del AA piso techo 
Remplazo de dos dicroicas en el mini techo de durlok 
Intalacion de una zapatilla en el mostrador 
Intalacion de 7 parches fabricados para tapar los huecos de la bandeja del salón 
OBSERVACIONES GENERALES
*
Todo listo y funcionando";;;;;;;;;;;;;;;;;;
2/7/2026;10;RAUL SOTERAS;SI;09:00HS-10:00HS;DIAZ-CASAS;"MANO DE OBRA REALIZADA
ACCION/ CANTIDAD / DESCRIPCION
*
Instalacion de motor de porton corrediso programacion de segundo control del motor
OBSERVACIONES GENERALES
*
Quedo andando";;;;;;;;;;;;;;;;;;
2/7/2026;11;COLON SUC STA ROSA;SI;09:20HS-10:30HS;CORDOBA-ARIAS M;"MANO DE OBRA REALIZADA
ACCION/ CANTIDAD / DESCRIPCION
*
Revisión de mal olor en comedor/baño de arriba y baño de abajo.
OBSERVACIONES GENERALES
*
Observamos que el mal olor viene de una cámara de inspección (contienen una Y) que son de las cloacas. 
Sellamos los borde de la tapa de esa cámara con silicona para que el mal olor no esté en la zona de comedor.";;;;;;;;;;;;;;;;;;
2/7/2026;12;ANIBAL ALGAÑARAZ;SI;10:15HS-13:45HS;DIAZ-CASAS;"MANO DE OBRA REALIZADA
ACCION/ CANTIDAD / DESCRIPCION
*
Reparacion de empalme de caja oculta en el cielo razo 
Remplazo de modulo dimerizable para luz led
Remplazo de 3 dicroicas chicas comunes luz fria 
OBSERVACIONES GENERALES
*
Descolgamos artefacto con 4 lamparas R11 y lo pusimos de nuevo Rompimos cielo razo para encontrar empalme con falso contacto hicimos nuevos empalmes en neutro de las lamparas y de los 4 socalos de 220 v en pieza de anibal";;;;;;;;;;;;;;;;;;
2/7/2026;13;EMILIO (HOSPITAL MADRE Y EL NIÑO);SI;15:40HS-17:00HS;DIAZ-CASAS;"MANO DE OBRA REALIZADA
ACCION/ CANTIDAD / DESCRIPCION
*
Colocacion de controlador berificaciom de funcionamiento
OBSERVACIONES GENERALES
*
Desintalacion de controlador y motor de plancha";;;;;;;;;;;;;;;;;;
2/7/2026;14;ANIBAL ALGAÑARAZ;SI;17:30HS-17:50HS;DIAZ-CASAS;"MANO DE OBRA REALIZADA
ACCION/ CANTIDAD / DESCRIPCION
*
Controlamos tension e las termicas de los aires 
Controlamos control remoto de los aires 
OBSERVACIONES GENERALES
*
Le faltaba pila al control de los aires";;;;;;;;;;;;;;;;;;
2/7/2026;15;DE LUCA PATRICIA (TONOS II);SI;11:50HS-18:30HS;CORDOBA-ARIAS M;"MANO DE OBRA REALIZADA
ACCION/ CANTIDAD / DESCRIPCION
*
Colocación de 6 tiras led en mueble tipo isla
Reemolazo de tira led en cartel tonos 
Colocación de 2 Tira led en mueble ranurado 
Alimentación para fuente de mueble verticales
Reemplazo de 2 llave de punto de muebles
OBSERVACIONES GENERALES
*
Falta seguir trabajando. Falta sacar cartel logo de tonos";;;;;;;;;;;;;;;;;;
2/7/2026;-;DIANA NIZETICH;NO;;PAEZ;;;;;;;;;;;;;;;;;;;
3/7/2026;16;JUAN CUELLO;NO;;DIAZ-CASAS;;;;;;;;;;;;;;;;;;;
3/7/2026;17;EMANUEL SANCHEZ;NO;;;;;;;;;;;;;;;;;;;;;
3/7/2026;18;COLON SUC SAN MARTIN;SI;10:00HS-12:00HS;CORDOBA-ARIAS M;"MANO DE OBRA REALIZADA
ACCION/ CANTIDAD / DESCRIPCION
*
Revisión de cartel que no funciona (testeamos fuente para ver la salida, tiene 12:83)
Programación de reloj de iluminación de cenefa
Programación de reloj de iluminación de cartel colon.
OBSERVACIONES GENERALES
*
Estuvimos revisando como están conectados los relojes porque ellos pensaban que 1 reloj era de las cruces y el otro reloj era de la cenefa y cartel colon. Van a hablar con el encargado de la obra para ver los detalles de los relojes y la cruz.
Eso fue lo Luis nos dijo que ellos iban hacer. Se iban a comunicar con nosotros si decidían que nosotros lo hagamos";;;;;;;;;;;;;;;;;;
3/7/2026;19;VERGARA ROIG DOMICILIO;SI;10:00HS-15:00HS;DIAZ-CASAS;"MANO DE OBRA REALIZADA
ACCION/ CANTIDAD / DESCRIPCION
*
Reparacion de cortecircuito 
Remplazo de 2 mts tira leed 12 v luz fria
Remplazo de fuente de 10 Amp
Remplazamos 4 bipines led 
Remplazamos 4 focos leed comunes 
OBSERVACIONES GENERALES
*
Abrimos 13 bocas de luz buscando el cortecircuito motivo del cortecircuito foco leed en cortocircuito";;;;;;;;;;;;;;;;;;
3/7/2026;20;VERGARA ROIG ;SI;14:00HS-17:50HS;CORDOBA-ARIAS M;;;;;;;;;;;;;;;;;;;
3/7/2026;21;ELECTROFRIO;SI;15:10HS-17:10HS;DIAZ-CASAS;;;;;;;;;;;;;;;;;;;
3/7/2026;22;KARAM RAUL;SI;17:30HS-18:10HS;DIAZ-CASAS;;;;;;;;;;;;;;;;;;;
;;SEMANA 28;;;;;;;;;;;;;;;;;;;;;;
6/7/2026;23;ARIEL ALLENDE;SI;08:20HS-10:30HS;DIAZ-CASAS;"MANO DE OBRA REALIZADA
ACCION/ CANTIDAD / DESCRIPCION
*
Control de aire acondicionado de su pieza y remplazo de un toma corriente 
OBSERVACIONES GENERALES
*
El toma se derritió por falso contacto y posible causa de que se apagaba";;;;;;;;;;;;;;;;;;
6/7/2026;24;FERNADEZ PUGLIESE;SI;10:35HS-11:10HS;DIAZ-CASAS;"MANO DE OBRA REALIZADA
ACCION/ CANTIDAD / DESCRIPCION
*
Revisamos el aire acondicionado de sala de espera y la cañería hasta el fondo porque el encargado de mantenimiento les dijo que era la manguera del desagüe del aire 
OBSERVACIONES GENERALES
*
El aire acondicionado desacota en la misma pared con cañería embutida y los caños del aire puesto en modo calos no condensan posible causa es que está perdiendo agua una pileta de patio del primer piso que justo está arriba de un artefactos LED y cuando se mojo le saltó el disyuntor lo retiramos le sacamos el agua que tenía dentro lo probamos y quedó funcionando 
La secretaria quedó de hablar al de mantenimiento para que revisen los caños de la pileta de patio";;;;;;;;;;;;;;;;;;
6/7/2026;25;CESAR LUNA;SI;11:50HS-11:54HS;DIAZ-CASAS;"MANO DE OBRA REALIZADA
ACCION/ CANTIDAD / DESCRIPCION
*
Retiro de una heladera bajo mesada de 12v DC y dejamos un control RGB 
OBSERVACIONES GENERALES
*
.";;;;;;;;;;;;;;;;;;
6/7/2026;26;LILIANA PREBENDE;SI;12:36HS-13:14HS;DIAZ-CASAS;"MANO DE OBRA REALIZADA
ACCION/ CANTIDAD / DESCRIPCION
*
Revisamos AA piso techo del living porque decían que no calienta le limpiamos los filtros pero el equipo está funcionando bien 
OBSERVACIONES GENERALES
*
Ella no siente el calor pero está andando bien 
Quiere hablar para presupuestar la intalacion de un aire acondicionado múltiple";;;;;;;;;;;;;;;;;;
6/7/2026;27;VERGARA ROIG;SI;09:50HS-17:00HS;CORDOBA-ARIAS M;"MANO DE OBRA REALIZADA
ACCION/ CANTIDAD / DESCRIPCION
*
Trabajamos en depto. Ver plano de dpto.
Trabajando en. Santuario. Ver plano de santuario.
Trabajamos en cochera. Ver plano de cochera
OBSERVACIONES GENERALES
*
Falta seguir trabajando.";;;;;;;;;;;;;;;;;;
6/7/2026;28;HAYMAL EMANUEL (SERGIO LUDUEÑA);SI;15:00HS-17:50HS;DIAZ-CASAS;"MANO DE OBRA REALIZADA
ACCION/ CANTIDAD / DESCRIPCION
*
Definimos con EMA las posiciones de las luces y la forma de alimentar esa parte nueva 
Armado de loza en el comedor con 6 bocas para iluminación con bajadas para tv toma y llaves de luz 
Armado de plano a mano alzada de planta alta";;;;;;;;;;;;;;;;;;
7/7/2026;29;KARAM AUTOMOTORES (USADOS);SI;08:50HS-11:20HS;CORDOBA-ARIAS M;"REMPLAZO 1 LAMPARA GALPONERA
REMPLAZO 1 DICORICA EN ZONA AUTOS
REMPLAZO 2 PLAFON EN ZONA AUTOS
REMPLAZO DE 5 REFLECTORES EN FACHADA DE ENTRADA";;;;;;;;;;;;;;;;;;
7/7/2026;30;HAYMAL EMANUEL (SERGIO LUDUEÑA);SI;09:00HS-12:25HS;DIAZ-CASAS;"MANO DE OBRA REALIZADA
ACCION/ CANTIDAD / DESCRIPCION
*
Picado y armado de pre intalacion para el AA (falta tapar) picado de para las 6 cajas de toma y tv picado para dos llaves de luz y una luz de exterior ( todas las cajas están picadas para las cajas nomás falta hacer las canaletas 
Colocamos tres cuplas en los corrugado de la loza son de los carrigados que cortaron los albañiles para armar la loza 
Sacamos una caja 9x9 y una 5x10 que ya no van";;;;;;;;;;;;;;;;;;
7/7/2026;31;SANDRA BLANES;SI;16:00HS-18:20HS;CORDOBA-ARIAS M;"MANO DE OBRA REALIZADA
ACCION/ CANTIDAD / DESCRIPCION
*
Reemplazo de térmicas en tablero seccional. (Fueron 3 térmica que cambiamos)
OBSERVACIONES GENERALES
*
Debemos volver mañana a las 09:00 a seguir trabajando porque aún sigue con el problema de la luz.";;;;;;;;;;;;;;;;;;
8/7/2026;32;DIANA NIZETICH;SI;08:20HS-10:20HS;CASAS-ARIAS M;"MANO DE OBRA REALIZADA
ACCION/ CANTIDAD / DESCRIPCION
*
Remplazo de un punto y toma 
Remplazo de un punto de un velador 
Y nos pusimos a ver porque no anda el portero";;;;;;;;;;;;;;;;;;
8/7/2026;33;RAUL LA BOUTIQUE;SI;10:30HS-10:45HS;DIAZ-CASAS;"MANO DE OBRA REALIZADA
ACCION/ CANTIDAD / DESCRIPCION
*
Destrabamos el térmico para que prenda el aire acondicionado";;;;;;;;;;;;;;;;;;
8/7/2026;34;HAYMAL EMANUEL (SERGIO LUDUEÑA);SI;11:30HS-13:10HS;DIAZ-CASAS;"MANO DE OBRA REALIZADA
ACCION/ CANTIDAD / DESCRIPCION
*
Picamos la viga para poner el caño del aire y las bajadas para el tv y linea de toma de la tele";;;;;;;;;;;;;;;;;;
8/7/2026;35;TOMAS GOMEZ;SI;13:20HS-13:50HS;DIAZ-CASAS;"MANO DE OBRA REALIZADA
ACCION/ CANTIDAD / DESCRIPCION
*
Retiro de heladera no frost
OBSERVACIONES GENERALES
*
Queda en el taller para presupuestar";;;;;;;;;;;;;;;;;;
8/7/2026;36;ELIANA CASTILLO;SI;14:00HS-15:00HS;DIAZ-CASAS;"MANO DE OBRA REALIZADA
ACCION/ CANTIDAD / DESCRIPCION
*

Retiro de heladera exividora 
OBSERVACIONES GENERALES
*
Queda en el taller para presupuestar";;;;;;;;;;;;;;;;;;
8/7/2026;37;SANDRA BLANES;SI;09:00HS-15:45HS;CORDOBA-ARIAS M;"MANO DE OBRA REALIZADA
ACCION/ CANTIDAD / DESCRIPCION
*
Ver plano Sandra Blanes 
OBSERVACIONES GENERALES
*
Quedó con luz. Falta hacer presupuesto para que cambien cable de alimentación de tablero seccional. Falta presupuesto para conector A.A con estufas. Y otras cosas";;;;;;;;;;;;;;;;;;
8/7/2026;38;HAYMAL EMANUEL (SERGIO LUDUEÑA);SI;15:30HS-17:50HS;DIAZ-CASAS;"MANO DE OBRA REALIZADA
ACCION/ CANTIDAD / DESCRIPCION
*
Colocamos el caño del aire por la losa y embutimos la caja de pre intalacion y tapamos el desagüe 
Colocamos 9 cajas 10x5 y picamos todas las canaletas dentro del comedor 
OBSERVACIONES GENERALES
*
Mñn llenan la loza no se va a poder trabajar para tapar las canaletas y el viernes no se puede entrar a trabajar";;;;;;;;;;;;;;;;;;
8/7/2026;39;GONZALEZ JOSE;SI;17:10HS-18:10HS;CORDOBA-ARIAS M;"MANO DE OBRA REALIZADA
ACCION/ CANTIDAD / DESCRIPCION
*
Reemplazo de 2 portalámparas (1 en galería del frente y otro en galería del fondo)
Revisión y reconexión de 1 portalámparas sobre la puerta de entrada.
OBSERVACIONES GENERALES
*
Quedó andando todo.";;;;;;;;;;;;;;;;;;
9/7/2026;40;GUSTAVO CAGLIOSTRO;SI;09:30HS-10:20HS;CORDOBA-ARIAS M;"MANO DE OBRA REALIZADA
ACCION/ CANTIDAD / DESCRIPCION
*

Baño del patio
Instalación de 1 boca interruptor con toma
Instalación de un plafón de 18W
OBSERVACIONES GENERALES
*
Todo bien";;;;;;;;;;;;;;;;;;
9/7/2026;41;MOLINA MAXIMILIANO;SI;09:27HS-10:40HS;DIAZ-CASAS;"MANO DE OBRA REALIZADA
ACCION/ CANTIDAD / DESCRIPCION
*
Reparación de corto circuito en cosina comedor se calentó y derritió un empalme de fase en un centro arriba de la barra/desayunador 
Le reparamos un toma corriente que tiene en el pasillo le faltaba conectar el cable de neutro ( lo cambiaron y nunca ando me dijo la señora)
También le reparamos un empalme de una luz de arriba de la tele que no prendía y tenía cortado el cable de neutro aparentemente se cortó cuando le pusieron los tornillos para agarrar el batidor del punto 
Remplazo de una termica de 25por una de 16 amperes para que no se vuelva a prender fuego el cable
OBSERVACIONES GENERALES
*
También le expliqué porque le cambiamos la térmica y le expliqué que podríamos hacer para mermarle el consumo a la línea de la cosina 
Tiene la cocina el baño (tiene el termotanque y el lavarropas) y el quincho en la misma línea le dije que podemos dejar lo de la casa como está y hacer una línea aérea por el techo para el quincho y el termotanque";;;;;;;;;;;;;;;;;;
9/7/2026;42;ELIANA CASTILLO;SI;10:50HS-13:07HS;DIAZ-CASAS;"MANO DE OBRA REALIZADA
ACCION/ CANTIDAD / DESCRIPCION
*
Contaron de heladeras exhibidora vertical 
Controlamos el moto compresor se va a masa (tierra ) estaba trancado el filtro 
OBSERVACIONES GENERALES
*
Se tiene que remplazar el motor y revisarle una limpieza a la cañería para reparar";;;;;;;;;;;;;;;;;;
9/7/2026;43;TOMAS GOMEZ;SI;11:50HS-13:00HS;DIAZ-CASAS;"MANO DE OBRA REALIZADA
ACCION/ CANTIDAD / DESCRIPCION
*
Control de heladeras no frost 
Solo la enchufe para revisar que le pasa y por el momento está funcionando bien 
OBSERVACIONES GENERALES
*
Queda controlar que siga así";;;;;;;;;;;;;;;;;;
9/7/2026;44;DE LUCA PATRICIA (TONOS II);SI;15:15HS-18:00HS;CORDOBA-ARIAS M;"MANO DE OBRA REALIZADA
ACCION/ CANTIDAD / DESCRIPCION
*
Estuvimos ayudando a Leandro y carita 
OBSERVACIONES GENERALES
*
Todo bien";;;;;;;;;;;;;;;;;;
9/7/2026;45;DE LUCA PATRICIA (TONOS II);SI;14:00HS-17:50HS;DIAZ-CASAS;"MANO DE OBRA REALIZADA
ACCION/ CANTIDAD / DESCRIPCION
*
Intalacion de luz LED en los estantes 
OBSERVACIONES GENERALES
*
Faltan instalar 11 tiras para mñn";;;;;;;;;;;;;;;;;;
9/7/2026;46;VERGARA ROIG;SI;12:50HS-14:50HS;CORDOBA-ARIAS M;"MANO DE OBRA REALIZADA
ACCION/ CANTIDAD / DESCRIPCION
*
Departamento del fondo:
Reemplazo de módulo de toma de 10A por 1 de 20A para Termotanque.
Santuario:
Colocación de caja estanca para colocar en un futuro los módulos de domótica.
Cochera:
Colocación de caja estanca más ficha hembra para conectar cámara de seguridad de 220V
OBSERVACIONES GENERALES
*
No pudimos ingresar al santuario porque no había llave.";;;;;;;;;;;;;;;;;;
10/7/2026;47;DE LUCA PATRICIA;SI;08:45HS-11:20HS;DIAZ-ARIAS M;"MANO DE OBRA REALIZADA
ACCION/ CANTIDAD / DESCRIPCION
*
Reemplazo de tiras led, fuentes y dicroicas
OBSERVACIONES GENERALES
*
Se cambió una fuente nueva que se coloco el día anterior";;;;;;;;;;;;;;;;;;
10/7/2026;48;ROCIO GUTIERREZ;SI;11:39HS-12:26HS;DIAZ-ARIAS M;"MANO DE OBRA REALIZADA
ACCION/ CANTIDAD / DESCRIPCION
*
Desisnstalacion de aire acondicionado marca conqueror unidad interior y philco unidad exterior de 5.000";;;;;;;;;;;;;;;;;;
10/7/2026;49;ROCIO GUTIERREZ;SI;13:00HS-17:40HS;DIAZ-ARIAS M;"MANO DE OBRA REALIZADA
ACCION/ CANTIDAD / DESCRIPCION
*
Servis completo de unidad interior y exterior de aire acondicionado de 5.000 frigorias 
Pintamos carcasa de color blanco mate de unidad interior 
OBSERVACIONES GENERALES
*
Quedo desrmado la unidad interior porque esta fresca la pintura";;;;;;;;;;;;;;;;;;
10/7/2026;50;VERGARA ROIG;SI;10:40HS-17:20HS;CORDOBA-CASAS;"MANO DE OBRA REALIZADA
ACCION/ CANTIDAD / DESCRIPCION
*
Ver plano del depto 
Ver plano del santuario 
OBSERVACIONES GENERALES
*
Quedó andando todo. Solo que no hay buena señal de internet y no se pudo programar. 
Se hablo con el arquitecto Pepe para avisar como se pueden apagar las luces del santuario porque quedaron encendidas.";;;;;;;;;;;;;;;;;;
;;SEMANA 29;;;;;;;;;;;;;;;;;;;;;;
13/7/2026;51;VERGARA ROIG ;SI;10:10HS-11:50HS;CORDOBA-ARIAS M;"MANO DE OBRA REALIZADA
ACCION/ CANTIDAD / DESCRIPCION
*
Etiquetado de indicadores en tablero de departamento.
Reemplazo de nódulos en baño de punta normal x tapón ciego.
Reemplazo de llave de puntos de 3 módulos de 1/2 punto cada uno x 1 modulo de punto normal, 1 tapon ciego y 1 modolo ee punto combinación en entrada de departamento. 
Retiro de 6 artefactos luminarios en escalera de terraza para revisión.";;;;;;;;;;;;;;;;;;
13/7/2026;52;ROCIO GUTIERREZ ;SI;08:10HS-12:30HS;DIAZ-CASAS;"MANO DE OBRA REALIZADA
ACCION/ CANTIDAD / DESCRIPCION
*
Armamos unidad interior de aire acondicionado de 5.000 
Instalacion de aire acondicionada de 5.000
OBSERVACIONES GENERALES
*
Quedo listo";;;;;;;;;;;;;;;;;;
13/7/2026;53;TOMAS GOMEZ;SI;13:00HS-13:30HS;DIAZ-CASAS;"MANO DE OBRA REALIZADA
ACCION/ CANTIDAD / DESCRIPCION
*
Flete de una heladera no frost 
OBSERVACIONES GENERALES
*
La acomodamos en la cocina y le sacamos la otra que estaban usando para el garage";;;;;;;;;;;;;;;;;;
13/7/2026;54;VATO HERRERA;SI;13:30HS-13:50HS;DIAZ-CASAS;"MANO DE OBRA REALIZADA
ACCION/ CANTIDAD / DESCRIPCION
*
Le fuimos a entregar el micro ondas 
OBSERVACIONES GENERALES
*
Pregunto de la placa de la heladera y dice que si se van a tardar mucho que le digan para ver si compra otra";;;;;;;;;;;;;;;;;;
13/7/2026;55;DIANA NIZETICH;SI;15:00HS-17:50HS;DIAZ-CASAS;"MANO DE OBRA REALIZADA
ACCION/ CANTIDAD / DESCRIPCION
*
Fuimos a instalar el portero eléctrico en la señora pero los cables que tiene aparentemente se cortaron en algún lugar y no funcionan los tubos 
Tratamos de conectar un solo tubo con el frente de calle pero tampoco funciona 
OBSERVACIONES GENERALES
*
Lo trajimos de nuevo al taller para probarlo nuevamente";;;;;;;;;;;;;;;;;;
13/7/2026;56;DE LUCA PATRICIA (FABIAN MOON);SI;13:00HS-18:45HS;CORDOBA-ARIAS M;"MANO DE OBRA REALIZADA
ACCION/ CANTIDAD / DESCRIPCION
*
Ver plano peluquería Fabián moon 
OBSERVACIONES GENERALES
*
Falta seguir trabajando";;;;;;;;;;;;;;;;;;
14/7/2026;57;ELECTROFRIO;NO;08:10HS-09:40HS;DIAZ-CASAS;"MANO DE OBRA REALIZADA
ACCION/ CANTIDAD / DESCRIPCION
*
Control de stock";;;;;;;;;;;;;;;;;;
14/7/2026;58;YESI JORGE;SI;10:00HS-13:46HS;DIAZ-CASAS;"MANO DE OBRA REALIZADA
ACCION/ CANTIDAD / DESCRIPCION
*
Intalacion de un marco LED de 220v con amgulo de aluminio en la pared del living 
OBSERVACIONES GENERALES
*
Me mande el moco de poner los LED con los 220 directo sin el tramfomador y queme 8 metros 
MATERIALES 
MATERIALES / PEDIDO / REMITO
*
4 angulos de aluminio 8 metros de led un tramfomador 
50 cm de tapa cables 
Una sinta aisladora 5m 
5 metros de cable paralelo blanco de 2x1,5
15grampas para los angulos 
17 tornillos t2 punta aguja";;;;;;;;;;;;;;;;;;
14/7/2026;59;ROCIO GUTIERREZ;NO;13:56HS-14:17HS;DIAZ-CASAS;"MANO DE OBRA REALIZADA
ACCION/ CANTIDAD / DESCRIPCION
*
Intalacion de manguera cristal para el desagüe";;;;;;;;;;;;;;;;;;
14/7/2026;60;IGNACIO ARIAS;NO;14:15HS-14:30HS;CASAS;"MANO DE OBRA REALIZADA
ACCION/ CANTIDAD / DESCRIPCION
*
Diagnóstico de heladera 
El motor está a masa se tiene que remplazar 
OBSERVACIONES GENERALES
*
Se necesita 
El motor una válvula de carga un filtro de 10/15 g un agente de limpieza";;;;;;;;;;;;;;;;;;
14/7/2026;61;DE LUCA PATRICIA (FABIAN MOON);SI;14:20HS-16:30HS;DIAZ-CASAS;"MANO DE OBRA REALIZADA
ACCION/ CANTIDAD / DESCRIPCION
*
Limpieza y mantenimiento de la unidad interior de un aire acondicionado piso techo de 18 frigorías 
OBSERVACIONES GENERALES
*
Fue desarmado por completo y lavado queda desarmado hasta que se seque 
Los capacitorer de los forzadores está bajo son dos de 2,5";;;;;;;;;;;;;;;;;;
14/7/2026;62;GUSTAVO TOURUM;SI;16:40HS-17:40HS;DIAZ-CASAS;"MANO DE OBRA REALIZADA
ACCION/ CANTIDAD / DESCRIPCION
*
Remplazo de una termica 4x40 y le ayudamos al cliente a identificar cada térmica anotando en un cuaderno";;;;;;;;;;;;;;;;;;
14/7/2026;63;DE LUCA PATRICIA (FABIAN MOON);SI;09:10HS-17:30HS;CORDOBA-ARIAS M;"MANO DE OBRA REALIZADA
ACCION/ CANTIDAD / DESCRIPCION
*
Ver plano peluquería Fabián Moon 
OBSERVACIONES GENERALES
*
Falta definir luces de adentro y de afuera. Falta que hagan el cajón de Durlock y definir luces en cajón.";;;;;;;;;;;;;;;;;;
15/7/2026;64;ROQUE IBAURRELA;SI;08:30HS-11:00HS;DIAZ-CASAS;"MANO DE OBRA REALIZADA
ACCION/ CANTIDAD / DESCRIPCION
*
Revisamos una heladera familiar 
Controlamos las bobis del compresor y revisamos el termostato 
Remplazo de termostato 
OBSERVACIONES GENERALES
*
Después de revisarla nos fuimos a comprar el termostato en líder y aprovechamos para comprar el compresor de Nacho las válvulas filtro gas y el agente de limpieza y los capacitores para el aire de Fabián volvimos para la casa del cliente a remplazar el termostato y controlamos que funcione bien";;;;;;;;;;;;;;;;;;
15/7/2026;65;ELIO MORALES;SI;09:00HS-13:00HS;CORDOBA-ARIAS M;"MANO DE OBRA REALIZADA
ACCION/ CANTIDAD / DESCRIPCION
*
Cambio de reflector en taller
Cambio de galpones en taller
Cambio de reflector exterior zona de carteles taller
Cambio de dicroicas en frente del local exterior
Cambio de plafones en mostrador de atención al cliente.
OBSERVACIONES GENERALES
*
Queda por variar tiras led en mostrador de atención al cliente";;;;;;;;;;;;;;;;;;
15/7/2026;66;ECOMAX;SI;12:20HS-15:20HS;DIAZ-CASAS;"MANO DE OBRA REALIZADA
ACCION/ CANTIDAD / DESCRIPCION
*
Remplaso de dos luces de emergencia y intalacion de 4 luces de emergencia más";;;;;;;;;;;;;;;;;;
16/7/2026;67;ECOMAX;SI;09:15HS-09:40HS;CORDOBA-ARIAS M;"MANO DE OBRA REALIZADA
ACCION/ CANTIDAD / DESCRIPCION
*
Reemplazo de 3 tubo led 120cm
Reemplazo de 1 tubo led de 9W
Reemplazo de 1 tubo led de 12W
Reemplazo de 1 dicroica";;;;;;;;;;;;;;;;;;
16/7/2026;68;DE LUCA PATRICA (FABIAN MOON);SI;08:15HS-1250HS;DIAZ-CASAS;"MANO DE OBRA REALIZADA
ACCION/ CANTIDAD / DESCRIPCION
*
Armado de AA piso techo unidad interior y nos fuimos a la peluquería para ver cómo y en dónde va instalado el aire";;;;;;;;;;;;;;;;;;
16/7/2026;69;ELIO MORALES;SI;11:00HS-16:40HS;CORDOBA-ARIAS M;"MANO DE OBRA REALIZADA
ACCION/ CANTIDAD / DESCRIPCION
*
Ver plano local";;;;;;;;;;;;;;;;;;
16/7/2026;70;EMANUEL HAYMAL;SI;14:10HS-17:57HS;DIAZ-CASAS;"MANO DE OBRA REALIZADA
ACCION/ CANTIDAD / DESCRIPCION
*
Reparación de un carrugado que cortaron los que instalaron el aire acondicionado se pico y instalamos una caja de 10x10 se cableo desde esa caja asta otra que está en el techo para alimentar la cámara del frente 
Instalamos un camara de seguridad en frente 
Y una cámara en el fondo ( es un domo y en altura ) 
Intalacion de una zapatilla en living 
OBSERVACIONES GENERALES
*
Falta instalar un ventilador de techo en la pieza";;;;;;;;;;;;;;;;;;
17/7/2026;71;COLON SUC SAN MARTIN;SI;8:30HS-9:00HS;CORDOBA-ARIASM;"MANO DE OBRA REALIZADA
ACCION/ CANTIDAD / DESCRIPCION
*
Colocación de 1 aparato de detección de huella
En pared de durlock";;;;;;;;;;;;;;;;;;
17/7/2026;72;EMANUEL HAYMAL ;SI;8:15HS-11:55HS;DIAZ-CASAS;"MANO DE OBRA REALIZADA
ACCION/ CANTIDAD / DESCRIPCION
*
Conexión de luz exterior destapamos 4tomas para seguir el cable para poder conectar y remplazamos 3 tubos led de 18 w 
Y remplazo de un ventilador de techo con uno con control 
OBSERVACIONES GENERALES
*
.
MATERIALES 
MATERIALES / PEDIDO / REMITO
*
Un metro de cable de 1x1, 5 blanco 
3 tubos led de 18w que sacamos de elcon 
Una fotoselula ( está me olvidé de ponerla en el pedido de ayer) 
Una cinta aisladora";;;;;;;;;;;;;;;;;;
17/7/2026;73;IGNACIO ARIAS;SI;8:20HS-18:00HS;DIAZ-CASAS;"MANO DE OBRA REALIZADA
Remplazo de bocha limpieza de cañería evaporadora capilar y condensadora
Remplazo de filtro y carga completa de gas
.
MATERIALES
Una bocha ? huayi un filtro una válvula de carga y un agente de limpieza todo esa sacamos de líder";;;;;;;;;;;;;;;;;;
17/7/2026;74;COLON SUC DEL CARMEN;SI;9:20HS-12:40HS;CORDOBA-ARIAS M;"MANO DE OBRA REALIZADA
Ver plano farmacia del Carmen
Todo bien.
MATERIALES
353 y 355
ELECTROFRIO - PLANILLA DE TRABAJO TECNICO
MATERIALES UTILIZADOS - COMPROBANTE: ............................................................................................................
MANO DE OBRA REALIZADA - COMPROBANTE: .........................................................................................................
FECHA: *
17
07
2026
HORARIOS DE ENTRADA Y SALIDA *
TECNICO/OS: *
CORDOBA - ARIAS M
CLIENTE *
DOMICILIO DEL CLIENTE *
ACCION/ CANTIDAD / DESCRIPCION";;;;;;;;;;;;;;;;;;
17/7/2026;75;ELECTROFRIO;SI;15:00HS-17:45;CORDOBA-ARIAS M;"MANO DE OBRA REALIZADA
Limpieza y acomodación de depósito.
Limpieza y acomodación de taller
Todo bien
MATERIALES
No ocupamos
ELECTROFRIO - PLANILLA DE TRABAJO TECNICO
MATERIALES UTILIZADOS - COMPROBANTE: ............................................................................................................
MANO DE OBRA REALIZADA - COMPROBANTE: .........................................................................................................
FECHA: *
17
07
2026
HORARIOS DE ENTRADA Y SALIDA *
TECNICO/OS: *
CORDOBA - ARIAS M
CLIENTE *
DOMICILIO DEL CLIENTE *
ACCION/ CANTIDAD / DESCRIPCION *
OBSERVACIONES GENERALE";;;;;;;;;;;;;;;;;;
17/7/2026;76;COLON SUC SAN MARTIN;SI;12:50HS- 13:10HS;CORDOBA-ARIAS M;"MANO DE OBRA REALIZADA
Desinstalacion de cruz ubicada por san nicolas de bari
Se dejó la cruz en el local pata que la envíen a reparar
MATERIALES
S/materiales
ELECTROFRIO - PLANILLA DE TRABAJO TECNICO
MATERIALES UTILIZADOS - COMPROBANTE: ............................................................................................................
MANO DE OBRA REALIZADA - COMPROBANTE: .........................................................................................................
FECHA: *
17
07
2026
HORARIOS DE ENTRADA Y SALIDA *
TECNICO/OS: *
CORDOBA - ARIAS M
CLIENTE *
DOMICILIO DEL CLIENTE *
ACCION/ CANTIDAD / DESCRIPCION *
OBSERVACIONES GENERALES *
MATERIALES / PEDIDO / REMITO *";;;;;;;;;;;;;;;;;;
17/7/2026;77;DE LUCA (FABIAN MOON);SI;15:00HS-18:00HS;DIAZ-CASAS ;"MANO DE OBRA REALIZADA
Intalacion de 5 spot
Y colocamos el tablero de la alarma que sacaron los pintores y una llave de luz
La alarma quedó con un pitido después que la sacaron para poner la placa de porcelana
MATERIALES
357
ELECTROFRIO - PLANILLA DE TRABAJO TECNICO
MATERIALES UTILIZADOS - COMPROBANTE: ............................................................................................................
MANO DE OBRA REALIZADA - COMPROBANTE: .........................................................................................................
FECHA: *
17
07
2026
HORARIOS DE ENTRADA Y SALIDA *
TECNICO/OS: *
DIAZ - CASAS
CLIENTE *
DOMICILIO DEL CLIENTE *
ACCION/ CANTIDAD / DESCRIPCION *
OBSERVACIONES GENERALES *
MATERIALES / PEDIDO / REMITO *";;;;;;;;;;;;;;;;;;
;;;;;;;;;;;;;;;;;;;;;;;;
20/7/2026;78;CARUSO (CASAS MADRE);SI;08:50HS-09:00HS;DIAZ-CASAS;"MANO DE OBRA REALIZADA
ACCION/ CANTIDAD / DESCRIPCION
*
.
OBSERVACIONES GENERALES
*
Fuimos a ver el problema eléctrico pero la señora está durmiendo y no pudimos pasar 
Ah las 10:30 ya vamos a poder ir nuevamente";;;;;;;;;;;;;;;;;;
20/7/2026;79;ROQUE IBAURRELA;SI;09:28HS-12:50HS;DIAZ-CASAS;"MANO DE OBRA REALIZADA
ACCION/ CANTIDAD / DESCRIPCION
*
Remplazo de termostato y dejamos el termómetro para controlar recién la revisamos de nuevo y está funcionando bien 
OBSERVACIONES GENERALES
*
Sacamos el que le pusimos antes y lo busque en ruarte y el que me dió líder no va en esa heladera me dijieron";;;;;;;;;;;;;;;;;;
20/7/2026;80;JUAN CUELLO (MARIANO);SI;12:20HS-12:30HS;CORDOBA;"MANO DE OBRA REALIZADA
ACCION/ CANTIDAD / DESCRIPCION
*
Flete de A.A que estaba en el taller (Juan Cuello)
OBSERVACIONES GENERALES
*
Todo ok";;;;;;;;;;;;;;;;;;
20/7/2026;81;COLON (SUC CASTORE);SI;13:30HS-14:00HS;CORDOBA;"MANO DE OBRA REALIZADA
ACCION/ CANTIDAD / DESCRIPCION
*
Desintalacion de cruz del frente. La trajimos al taller para revisión
OBSERVACIONES GENERALES
*
El trabajo se realizó con Leandro y carita";;;;;;;;;;;;;;;;;;
20/7/2026;82;LOCAL VITTI;SI;15:00HS-15:25HS;CORDOBA-DIAZ-CASAS;"MANO DE OBRA REALIZADA
ACCION/ CANTIDAD / DESCRIPCION
*
Colocación de hojas de puerta 
OBSERVACIONES GENERALES
*
Trabajamos Leandro carita y yo. Falta colocar pasador. Las puertas quedaron trabadas con madera y los enganches que tienen de la parte de adentro";;;;;;;;;;;;;;;;;;
20/7/2026;83;COLON (SUC CASTORE);SI;14:40HS-16:00HS;CORDOBA-DIAZ-CASAS;"MANO DE OBRA REALIZADA
ACCION/ CANTIDAD / DESCRIPCION
*
Revision de cruz: fallaba el dinero interno. Lo anulamos y quedó andando bien.
Volvimos a colocar la cruz donde estaba.
OBSERVACIONES GENERALES
*
Trabajando Leandro, carita y yo.";;;;;;;;;;;;;;;;;;
20/7/2026;84;LOCAL VITTI;SI;16:40HS-18:00HS;CORDOBA-DIAZ-CASAS;"MANO DE OBRA REALIZADA
ACCION/ CANTIDAD / DESCRIPCION
*
Terminamos de hacer la instalación del A.A. pero aún nos queda revisar parte eléctrica y la alimentación 
OBSERVACIONES GENERALES
*
Este trabajo lo hicimos con Leandro y carita 
Falta cable tpr
Falta contactor 220V para U.E";;;;;;;;;;;;;;;;;;
20/7/2026;85;ELECTROFRIO;NO;08:40HS-12:00HS;CORDOBA;"MANO DE OBRA REALIZADA
ACCION/ CANTIDAD / DESCRIPCION
*
Limpieza de balanza
Revisión de drivers y dicroicas de 12V cv
Limpieza de spot de dicroicas
Limpieza de bandeja de desagüe de heladera de Ignacio.
OBSERVACIONES GENERALES
*
Todo normal.";;;;;;;;;;;;;;;;;;
20/7/2026;86;CARUSO (CASAS MADRE);SI;10:40HS-12:30HS;DIAZ-CASAS;"MANO DE OBRA REALIZADA
ACCION/ CANTIDAD / DESCRIPCION
*
Remplazo de térmica de 2 x 16 
Controlamos los cables con el megometro 
Y revisamos que los electrodomésticos no tengan fugas 
OBSERVACIONES GENERALES
*
Solamente una estufa con velas vertical estaba con una fuga pero dijieron que bueno que ya no la van a usar";;;;;;;;;;;;;;;;;;
21/7/2026;87;DE LUCA - TONOS 2;SI;12:30HS-15:35HS;CORDOBA;"MANO DE OBRA REALIZADA
ACCION/ CANTIDAD / DESCRIPCION
*
Colocación de 4 fuentes.
Colocación de 4 tiras en estante.
Colocación de 1 tira en estante.
Colocación de 1 llave de punto.
Reemplazo de 1 módulo de punto
Reemplazo de tira led de cartel con logo de tonos.
Reemplazo de drivers de plafón en oficinas de primer piso 
OBSERVACIONES GENERALES
*
Trabajamos Leandro, carita y yo.";;;;;;;;;;;;;;;;;;
21/7/2026;88;LINDA COBRESI - BONAFIDE;SI;15:37HS-16:20HS;DIAZ-CASAS;"MANO DE OBRA REALIZADA
ACCION/ CANTIDAD / DESCRIPCION
*
Técnicos ( Pablo, Yamil y Leandro)
Vinimos a revisar que caño quería poner y como lo quería recubrir y nos fijamos la ubicación de los tomas en el sillón que va pegado en la pared";;;;;;;;;;;;;;;;;;
21/7/2026;89;LOCAL VITTI;SI;08:45HS-11:30HS;CORDOBA-DIAZ-CASAS;"MANO DE OBRA REALIZADA
ACCION/ CANTIDAD / DESCRIPCION
*
Picamos para alimentación de A.A
Comenzamos a picar para embutir caños de A.A
Sacamos piedras lajas.
OBSERVACIONES GENERALES
*
Trabajando Leandro, carita y yo.";;;;;;;;;;;;;;;;;;
21/7/2026;90;DE LUCA - FABIAN MOON;SI;16:30HS-17:00HS;CORDOBA-DIAZ-CASAS;"MANO DE OBRA REALIZADA
ACCION/ CANTIDAD / DESCRIPCION
*
Técnicos ( Pablo, Yamil y Leandro)
Vinimos a la peluquería para ver cómo ponemos el caño del AA pero hablamos con el albañil y el arquitecto y dicen que le demos un día más hasta que definan la altura de la puerta";;;;;;;;;;;;;;;;;;
21/7/2026;91;LOCAL VITTI;SI;17:00HS-18:00HS;CORDOBA;"MANO DE OBRA REALIZADA
ACCION/ CANTIDAD / DESCRIPCION
*
Colocacion de 6 Omega de 1.15cm
OBSERVACIONES GENERALES
*
Todo ok 
MATERIALES 
MATERIALES / PEDIDO / REMITO
*
Omega
Tacos del 8
Tornillos del 8";;;;;;;;;;;;;;;;;;
;;;;;;;;;;;;;;;;;;;;;;;;
;;;;;;;;;;;;;;;;;;;;;;;;
;;;;;;;;;;;;;;;;;;;;;;;;
;;;;;;;;;;;;;;;;;;;;;;;;
;;;;;;;;;;;;;;;;;;;;;;;;
;;;;;;;;;;;;;;;;;;;;;;;;
;;;;;;;;;;;;;;;;;;;;;;;;
;;;;;;;;;;;;;;;;;;;;;;;;
;;;;;;;;;;;;;;;;;;;;;;;;
;;;;;;;;;;;;;;;;;;;;;;;;
;;;;;;;;;;;;;;;;;;;;;;;;
;;;;;;;;;;;;;;;;;;;;;;;;
;;;;;;;;;;;;;;;;;;;;;;;;
;;;;;;;;;;;;;;;;;;;;;;;;
;;;;;;;;;;;;;;;;;;;;;;;;
;;;;;;;;;;;;;;;;;;;;;;;;
;;;;;;;;;;;;;;;;;;;;;;;;
;;;;;;;;;;;;;;;;;;;;;;;;
;;;;;;;;;;;;;;;;;;;;;;;;
;;;;;;;;;;;;;;;;;;;;;;;;
;;;;;;;;;;;;;;;;;;;;;;;;
;;;;;;;;;;;;;;;;;;;;;;;;
;;;;;;;;;;;;;;;;;;;;;;;;
;;;;;;;;;;;;;;;;;;;;;;;;
;;;;;;;;;;;;;;;;;;;;;;;;
;;;;;;;;;;;;;;;;;;;;;;;;
;;;;;;;;;;;;;;;;;;;;;;;;
;;;;;;;;;;;;;;;;;;;;;;;;
;;;;;;;;;;;;;;;;;;;;;;;;
;;;;;;;;;;;;;;;;;;;;;;;;
;;;;;;;;;;;;;;;;;;;;;;;;
;;;;;;;;;;;;;;;;;;;;;;;;
;;;;;;;;;;;;;;;;;;;;;;;;
;;;;;;;;;;;;;;;;;;;;;;;;
;;;;;;;;;;;;;;;;;;;;;;;;
;;;;;;;;;;;;;;;;;;;;;;;;
;;;;;;;;;;;;;;;;;;;;;;;;
;;;;;;;;;;;;;;;;;;;;;;;;
;;;;;;;;;;;;;;;;;;;;;;;;
;;;;;;;;;;;;;;;;;;;;;;;;
;;;;;;;;;;;;;;;;;;;;;;;;
;;;;;;;;;;;;;;;;;;;;;;;;
;;;;;;;;;;;;;;;;;;;;;;;;
;;;;;;;;;;;;;;;;;;;;;;;;
;;;;;;;;;;;;;;;;;;;;;;;;
;;;;;;;;;;;;;;;;;;;;;;;;
;;;;;;;;;;;;;;;;;;;;;;;;
;;;;;;;;;;;;;;;;;;;;;;;;
;;;;;;;;;;;;;;;;;;;;;;;;
;;;;;;;;;;;;;;;;;;;;;;;;
;;;;;;;;;;;;;;;;;;;;;;;;
;;;;;;;;;;;;;;;;;;;;;;;;
;;;;;;;;;;;;;;;;;;;;;;;;
;;;;;;;;;;;;;;;;;;;;;;;;
;;;;;;;;;;;;;;;;;;;;;;;;
;;;;;;;;;;;;;;;;;;;;;;;;
;;;;;;;;;;;;;;;;;;;;;;;;
;;;;;;;;;;;;;;;;;;;;;;;;
;;;;;;;;;;;;;;;;;;;;;;;;
;;;;;;;;;;;;;;;;;;;;;;;;
;;;;;;;;;;;;;;;;;;;;;;;;
;;;;;;;;;;;;;;;;;;;;;;;;
;;;;;;;;;;;;;;;;;;;;;;;;
;;;;;;;;;;;;;;;;;;;;;;;;
;;;;;;;;;;;;;;;;;;;;;;;;
;;;;;;;;;;;;;;;;;;;;;;;;
;;;;;;;;;;;;;;;;;;;;;;;;
;;;;;;;;;;;;;;;;;;;;;;;;
;;;;;;;;;;;;;;;;;;;;;;;;
;;;;;;;;;;;;;;;;;;;;;;;;
;;;;;;;;;;;;;;;;;;;;;;;;
;;;;;;;;;;;;;;;;;;;;;;;;
;;;;;;;;;;;;;;;;;;;;;;;;
;;;;;;;;;;;;;;;;;;;;;;;;
;;;;;;;;;;;;;;;;;;;;;;;;
;;;;;;;;;;;;;;;;;;;;;;;;
;;;;;;;;;;;;;;;;;;;;;;;;
;;;;;;;;;;;;;;;;;;;;;;;;
;;;;;;;;;;;;;;;;;;;;;;;;
;;;;;;;;;;;;;;;;;;;;;;;;
;;;;;;;;;;;;;;;;;;;;;;;;
;;;;;;;;;;;;;;;;;;;;;;;;
;;;;;;;;;;;;;;;;;;;;;;;;
;;;;;;;;;;;;;;;;;;;;;;;;
;;;;;;;;;;;;;;;;;;;;;;;;
;;;;;;;;;;;;;;;;;;;;;;;;
;;;;;;;;;;;;;;;;;;;;;;;;
;;;;;;;;;;;;;;;;;;;;;;;;
;;;;;;;;;;;;;;;;;;;;;;;;
;;;;;;;;;;;;;;;;;;;;;;;;
;;;;;;;;;;;;;;;;;;;;;;;;
;;;;;;;;;;;;;;;;;;;;;;;;
;;;;;;;;;;;;;;;;;;;;;;;;
;;;;;;;;;;;;;;;;;;;;;;;;
;;;;;;;;;;;;;;;;;;;;;;;;
;;;;;;;;;;;;;;;;;;;;;;;;
;;;;;;;;;;;;;;;;;;;;;;;;
;;;;;;;;;;;;;;;;;;;;;;;;
;;;;;;;;;;;;;;;;;;;;;;;;
;;;;;;;;;;;;;;;;;;;;;;;;
;;;;;;;;;;;;;;;;;;;;;;;;
;;;;;;;;;;;;;;;;;;;;;;;;
;;;;;;;;;;;;;;;;;;;;;;;;
;;;;;;;;;;;;;;;;;;;;;;;;
;;;;;;;;;;;;;;;;;;;;;;;;
;;;;;;;;;;;;;;;;;;;;;;;;
;;;;;;;;;;;;;;;;;;;;;;;;
;;;;;;;;;;;;;;;;;;;;;;;;
;;;;;;;;;;;;;;;;;;;;;;;;
;;;;;;;;;;;;;;;;;;;;;;;;
;;;;;;;;;;;;;;;;;;;;;;;;
;;;;;;;;;;;;;;;;;;;;;;;;
;;;;;;;;;;;;;;;;;;;;;;;;
;;;;;;;;;;;;;;;;;;;;;;;;
;;;;;;;;;;;;;;;;;;;;;;;;
;;;;;;;;;;;;;;;;;;;;;;;;
;;;;;;;;;;;;;;;;;;;;;;;;
;;;;;;;;;;;;;;;;;;;;;;;;
;;;;;;;;;;;;;;;;;;;;;;;;
;;;;;;;;;;;;;;;;;;;;;;;;
;;;;;;;;;;;;;;;;;;;;;;;;
;;;;;;;;;;;;;;;;;;;;;;;;
;;;;;;;;;;;;;;;;;;;;;;;;
;;;;;;;;;;;;;;;;;;;;;;;;
;;;;;;;;;;;;;;;;;;;;;;;;
;;;;;;;;;;;;;;;;;;;;;;;;
;;;;;;;;;;;;;;;;;;;;;;;;
;;;;;;;;;;;;;;;;;;;;;;;;
;;;;;;;;;;;;;;;;;;;;;;;;
;;;;;;;;;;;;;;;;;;;;;;;;
;;;;;;;;;;;;;;;;;;;;;;;;
;;;;;;;;;;;;;;;;;;;;;;;;
;;;;;;;;;;;;;;;;;;;;;;;;
;;;;;;;;;;;;;;;;;;;;;;;;
;;;;;;;;;;;;;;;;;;;;;;;;
;;;;;;;;;;;;;;;;;;;;;;;;
;;;;;;;;;;;;;;;;;;;;;;;;
;;;;;;;;;;;;;;;;;;;;;;;;
;;;;;;;;;;;;;;;;;;;;;;;;
;;;;;;;;;;;;;;;;;;;;;;;;
;;;;;;;;;;;;;;;;;;;;;;;;
;;;;;;;;;;;;;;;;;;;;;;;;
;;;;;;;;;;;;;;;;;;;;;;;;
;;;;;;;;;;;;;;;;;;;;;;;;
;;;;;;;;;;;;;;;;;;;;;;;;
;;;;;;;;;;;;;;;;;;;;;;;;
;;;;;;;;;;;;;;;;;;;;;;;;
;;;;;;;;;;;;;;;;;;;;;;;;
;;;;;;;;;;;;;;;;;;;;;;;;
;;;;;;;;;;;;;;;;;;;;;;;;
;;;;;;;;;;;;;;;;;;;;;;;;
;;;;;;;;;;;;;;;;;;;;;;;;
;;;;;;;;;;;;;;;;;;;;;;;;
;;;;;;;;;;;;;;;;;;;;;;;;
;;;;;;;;;;;;;;;;;;;;;;;;
;;;;;;;;;;;;;;;;;;;;;;;;
;;;;;;;;;;;;;;;;;;;;;;;;
;;;;;;;;;;;;;;;;;;;;;;;;
;;;;;;;;;;;;;;;;;;;;;;;;
;;;;;;;;;;;;;;;;;;;;;;;;
;;;;;;;;;;;;;;;;;;;;;;;;
;;;;;;;;;;;;;;;;;;;;;;;;
;;;;;;;;;;;;;;;;;;;;;;;;
;;;;;;;;;;;;;;;;;;;;;;;;
;;;;;;;;;;;;;;;;;;;;;;;;
;;;;;;;;;;;;;;;;;;;;;;;;
;;;;;;;;;;;;;;;;;;;;;;;;
;;;;;;;;;;;;;;;;;;;;;;;;
;;;;;;;;;;;;;;;;;;;;;;;;
;;;;;;;;;;;;;;;;;;;;;;;;
;;;;;;;;;;;;;;;;;;;;;;;;
;;;;;;;;;;;;;;;;;;;;;;;;
;;;;;;;;;;;;;;;;;;;;;;;;
;;;;;;;;;;;;;;;;;;;;;;;;
;;;;;;;;;;;;;;;;;;;;;;;;
;;;;;;;;;;;;;;;;;;;;;;;;
;;;;;;;;;;;;;;;;;;;;;;;;
;;;;;;;;;;;;;;;;;;;;;;;;
;;;;;;;;;;;;;;;;;;;;;;;;
;;;;;;;;;;;;;;;;;;;;;;;;
;;;;;;;;;;;;;;;;;;;;;;;;
;;;;;;;;;;;;;;;;;;;;;;;;
;;;;;;;;;;;;;;;;;;;;;;;;
;;;;;;;;;;;;;;;;;;;;;;;;
;;;;;;;;;;;;;;;;;;;;;;;;
;;;;;;;;;;;;;;;;;;;;;;;;
;;;;;;;;;;;;;;;;;;;;;;;;
;;;;;;;;;;;;;;;;;;;;;;;;
;;;;;;;;;;;;;;;;;;;;;;;;
;;;;;;;;;;;;;;;;;;;;;;;;
;;;;;;;;;;;;;;;;;;;;;;;;
;;;;;;;;;;;;;;;;;;;;;;;;
;;;;;;;;;;;;;;;;;;;;;;;;
;;;;;;;;;;;;;;;;;;;;;;;;
;;;;;;;;;;;;;;;;;;;;;;;;
;;;;;;;;;;;;;;;;;;;;;;;;
;;;;;;;;;;;;;;;;;;;;;;;;
;;;;;;;;;;;;;;;;;;;;;;;;
;;;;;;;;;;;;;;;;;;;;;;;;
;;;;;;;;;;;;;;;;;;;;;;;;
;;;;;;;;;;;;;;;;;;;;;;;;
;;;;;;;;;;;;;;;;;;;;;;;;
;;;;;;;;;;;;;;;;;;;;;;;;
;;;;;;;;;;;;;;;;;;;;;;;;
;;;;;;;;;;;;;;;;;;;;;;;;
;;;;;;;;;;;;;;;;;;;;;;;;
;;;;;;;;;;;;;;;;;;;;;;;;
;;;;;;;;;;;;;;;;;;;;;;;;
;;;;;;;;;;;;;;;;;;;;;;;;
;;;;;;;;;;;;;;;;;;;;;;;;
;;;;;;;;;;;;;;;;;;;;;;;;
;;;;;;;;;;;;;;;;;;;;;;;;
;;;;;;;;;;;;;;;;;;;;;;;;
;;;;;;;;;;;;;;;;;;;;;;;;
;;;;;;;;;;;;;;;;;;;;;;;;
;;;;;;;;;;;;;;;;;;;;;;;;
;;;;;;;;;;;;;;;;;;;;;;;;
;;;;;;;;;;;;;;;;;;;;;;;;
;;;;;;;;;;;;;;;;;;;;;;;;
;;;;;;;;;;;;;;;;;;;;;;;;
;;;;;;;;;;;;;;;;;;;;;;;;
;;;;;;;;;;;;;;;;;;;;;;;;
;;;;;;;;;;;;;;;;;;;;;;;;
;;;;;;;;;;;;;;;;;;;;;;;;
;;;;;;;;;;;;;;;;;;;;;;;;
;;;;;;;;;;;;;;;;;;;;;;;;
;;;;;;;;;;;;;;;;;;;;;;;;
;;;;;;;;;;;;;;;;;;;;;;;;
;;;;;;;;;;;;;;;;;;;;;;;;
;;;;;;;;;;;;;;;;;;;;;;;;
;;;;;;;;;;;;;;;;;;;;;;;;
;;;;;;;;;;;;;;;;;;;;;;;;
;;;;;;;;;;;;;;;;;;;;;;;;
;;;;;;;;;;;;;;;;;;;;;;;;
;;;;;;;;;;;;;;;;;;;;;;;;
;;;;;;;;;;;;;;;;;;;;;;;;
;;;;;;;;;;;;;;;;;;;;;;;;
;;;;;;;;;;;;;;;;;;;;;;;;
;;;;;;;;;;;;;;;;;;;;;;;;
;;;;;;;;;;;;;;;;;;;;;;;;
;;;;;;;;;;;;;;;;;;;;;;;;
;;;;;;;;;;;;;;;;;;;;;;;;
;;;;;;;;;;;;;;;;;;;;;;;;
;;;;;;;;;;;;;;;;;;;;;;;;
;;;;;;;;;;;;;;;;;;;;;;;;
;;;;;;;;;;;;;;;;;;;;;;;;
;;;;;;;;;;;;;;;;;;;;;;;;
;;;;;;;;;;;;;;;;;;;;;;;;
;;;;;;;;;;;;;;;;;;;;;;;;
;;;;;;;;;;;;;;;;;;;;;;;;
;;;;;;;;;;;;;;;;;;;;;;;;
;;;;;;;;;;;;;;;;;;;;;;;;
;;;;;;;;;;;;;;;;;;;;;;;;
;;;;;;;;;;;;;;;;;;;;;;;;
;;;;;;;;;;;;;;;;;;;;;;;;
;;;;;;;;;;;;;;;;;;;;;;;;
;;;;;;;;;;;;;;;;;;;;;;;;
;;;;;;;;;;;;;;;;;;;;;;;;
;;;;;;;;;;;;;;;;;;;;;;;;
;;;;;;;;;;;;;;;;;;;;;;;;
;;;;;;;;;;;;;;;;;;;;;;;;
;;;;;;;;;;;;;;;;;;;;;;;;
;;;;;;;;;;;;;;;;;;;;;;;;
;;;;;;;;;;;;;;;;;;;;;;;;
;;;;;;;;;;;;;;;;;;;;;;;;
;;;;;;;;;;;;;;;;;;;;;;;;
;;;;;;;;;;;;;;;;;;;;;;;;
;;;;;;;;;;;;;;;;;;;;;;;;
;;;;;;;;;;;;;;;;;;;;;;;;
;;;;;;;;;;;;;;;;;;;;;;;;
;;;;;;;;;;;;;;;;;;;;;;;;
;;;;;;;;;;;;;;;;;;;;;;;;
;;;;;;;;;;;;;;;;;;;;;;;;
;;;;;;;;;;;;;;;;;;;;;;;;
;;;;;;;;;;;;;;;;;;;;;;;;
;;;;;;;;;;;;;;;;;;;;;;;;
;;;;;;;;;;;;;;;;;;;;;;;;
;;;;;;;;;;;;;;;;;;;;;;;;
;;;;;;;;;;;;;;;;;;;;;;;;
;;;;;;;;;;;;;;;;;;;;;;;;
;;;;;;;;;;;;;;;;;;;;;;;;
;;;;;;;;;;;;;;;;;;;;;;;;
;;;;;;;;;;;;;;;;;;;;;;;;
;;;;;;;;;;;;;;;;;;;;;;;;
;;;;;;;;;;;;;;;;;;;;;;;;
;;;;;;;;;;;;;;;;;;;;;;;;
;;;;;;;;;;;;;;;;;;;;;;;;
;;;;;;;;;;;;;;;;;;;;;;;;
;;;;;;;;;;;;;;;;;;;;;;;;
;;;;;;;;;;;;;;;;;;;;;;;;
;;;;;;;;;;;;;;;;;;;;;;;;
;;;;;;;;;;;;;;;;;;;;;;;;
;;;;;;;;;;;;;;;;;;;;;;;;
;;;;;;;;;;;;;;;;;;;;;;;;
;;;;;;;;;;;;;;;;;;;;;;;;
;;;;;;;;;;;;;;;;;;;;;;;;
;;;;;;;;;;;;;;;;;;;;;;;;
;;;;;;;;;;;;;;;;;;;;;;;;
;;;;;;;;;;;;;;;;;;;;;;;;
;;;;;;;;;;;;;;;;;;;;;;;;
;;;;;;;;;;;;;;;;;;;;;;;;
;;;;;;;;;;;;;;;;;;;;;;;;
;;;;;;;;;;;;;;;;;;;;;;;;
;;;;;;;;;;;;;;;;;;;;;;;;
;;;;;;;;;;;;;;;;;;;;;;;;
;;;;;;;;;;;;;;;;;;;;;;;;
;;;;;;;;;;;;;;;;;;;;;;;;
;;;;;;;;;;;;;;;;;;;;;;;;
;;;;;;;;;;;;;;;;;;;;;;;;
;;;;;;;;;;;;;;;;;;;;;;;;
;;;;;;;;;;;;;;;;;;;;;;;;
;;;;;;;;;;;;;;;;;;;;;;;;
;;;;;;;;;;;;;;;;;;;;;;;;
;;;;;;;;;;;;;;;;;;;;;;;;
;;;;;;;;;;;;;;;;;;;;;;;;
;;;;;;;;;;;;;;;;;;;;;;;;
;;;;;;;;;;;;;;;;;;;;;;;;
;;;;;;;;;;;;;;;;;;;;;;;;
;;;;;;;;;;;;;;;;;;;;;;;;
;;;;;;;;;;;;;;;;;;;;;;;;
;;;;;;;;;;;;;;;;;;;;;;;;
;;;;;;;;;;;;;;;;;;;;;;;;
;;;;;;;;;;;;;;;;;;;;;;;;
;;;;;;;;;;;;;;;;;;;;;;;;
;;;;;;;;;;;;;;;;;;;;;;;;
;;;;;;;;;;;;;;;;;;;;;;;;
;;;;;;;;;;;;;;;;;;;;;;;;
;;;;;;;;;;;;;;;;;;;;;;;;
;;;;;;;;;;;;;;;;;;;;;;;;
;;;;;;;;;;;;;;;;;;;;;;;;
;;;;;;;;;;;;;;;;;;;;;;;;
;;;;;;;;;;;;;;;;;;;;;;;;
;;;;;;;;;;;;;;;;;;;;;;;;
;;;;;;;;;;;;;;;;;;;;;;;;
;;;;;;;;;;;;;;;;;;;;;;;;
;;;;;;;;;;;;;;;;;;;;;;;;
;;;;;;;;;;;;;;;;;;;;;;;;
;;;;;;;;;;;;;;;;;;;;;;;;
;;;;;;;;;;;;;;;;;;;;;;;;
;;;;;;;;;;;;;;;;;;;;;;;;
;;;;;;;;;;;;;;;;;;;;;;;;
;;;;;;;;;;;;;;;;;;;;;;;;
;;;;;;;;;;;;;;;;;;;;;;;;
;;;;;;;;;;;;;;;;;;;;;;;;
;;;;;;;;;;;;;;;;;;;;;;;;
;;;;;;;;;;;;;;;;;;;;;;;;
;;;;;;;;;;;;;;;;;;;;;;;;
;;;;;;;;;;;;;;;;;;;;;;;;
;;;;;;;;;;;;;;;;;;;;;;;;
;;;;;;;;;;;;;;;;;;;;;;;;
;;;;;;;;;;;;;;;;;;;;;;;;
;;;;;;;;;;;;;;;;;;;;;;;;
;;;;;;;;;;;;;;;;;;;;;;;;
;;;;;;;;;;;;;;;;;;;;;;;;
;;;;;;;;;;;;;;;;;;;;;;;;
;;;;;;;;;;;;;;;;;;;;;;;;
;;;;;;;;;;;;;;;;;;;;;;;;
;;;;;;;;;;;;;;;;;;;;;;;;
;;;;;;;;;;;;;;;;;;;;;;;;
;;;;;;;;;;;;;;;;;;;;;;;;
;;;;;;;;;;;;;;;;;;;;;;;;
;;;;;;;;;;;;;;;;;;;;;;;;
;;;;;;;;;;;;;;;;;;;;;;;;
;;;;;;;;;;;;;;;;;;;;;;;;
;;;;;;;;;;;;;;;;;;;;;;;;
;;;;;;;;;;;;;;;;;;;;;;;;
;;;;;;;;;;;;;;;;;;;;;;;;
;;;;;;;;;;;;;;;;;;;;;;;;
;;;;;;;;;;;;;;;;;;;;;;;;
;;;;;;;;;;;;;;;;;;;;;;;;
;;;;;;;;;;;;;;;;;;;;;;;;
;;;;;;;;;;;;;;;;;;;;;;;;
;;;;;;;;;;;;;;;;;;;;;;;;
;;;;;;;;;;;;;;;;;;;;;;;;
;;;;;;;;;;;;;;;;;;;;;;;;
;;;;;;;;;;;;;;;;;;;;;;;;
;;;;;;;;;;;;;;;;;;;;;;;;
;;;;;;;;;;;;;;;;;;;;;;;;
;;;;;;;;;;;;;;;;;;;;;;;;
;;;;;;;;;;;;;;;;;;;;;;;;
;;;;;;;;;;;;;;;;;;;;;;;;
;;;;;;;;;;;;;;;;;;;;;;;;
;;;;;;;;;;;;;;;;;;;;;;;;
;;;;;;;;;;;;;;;;;;;;;;;;
;;;;;;;;;;;;;;;;;;;;;;;;
;;;;;;;;;;;;;;;;;;;;;;;;
;;;;;;;;;;;;;;;;;;;;;;;;
;;;;;;;;;;;;;;;;;;;;;;;;
;;;;;;;;;;;;;;;;;;;;;;;;
;;;;;;;;;;;;;;;;;;;;;;;;
;;;;;;;;;;;;;;;;;;;;;;;;
;;;;;;;;;;;;;;;;;;;;;;;;
;;;;;;;;;;;;;;;;;;;;;;;;
;;;;;;;;;;;;;;;;;;;;;;;;
;;;;;;;;;;;;;;;;;;;;;;;;
;;;;;;;;;;;;;;;;;;;;;;;;
;;;;;;;;;;;;;;;;;;;;;;;;
;;;;;;;;;;;;;;;;;;;;;;;;
;;;;;;;;;;;;;;;;;;;;;;;;
;;;;;;;;;;;;;;;;;;;;;;;;
;;;;;;;;;;;;;;;;;;;;;;;;
;;;;;;;;;;;;;;;;;;;;;;;;
;;;;;;;;;;;;;;;;;;;;;;;;
;;;;;;;;;;;;;;;;;;;;;;;;
;;;;;;;;;;;;;;;;;;;;;;;;
;;;;;;;;;;;;;;;;;;;;;;;;
;;;;;;;;;;;;;;;;;;;;;;;;
;;;;;;;;;;;;;;;;;;;;;;;;
;;;;;;;;;;;;;;;;;;;;;;;;
;;;;;;;;;;;;;;;;;;;;;;;;
;;;;;;;;;;;;;;;;;;;;;;;;
;;;;;;;;;;;;;;;;;;;;;;;;
;;;;;;;;;;;;;;;;;;;;;;;;
;;;;;;;;;;;;;;;;;;;;;;;;
;;;;;;;;;;;;;;;;;;;;;;;;
;;;;;;;;;;;;;;;;;;;;;;;;
;;;;;;;;;;;;;;;;;;;;;;;;
;;;;;;;;;;;;;;;;;;;;;;;;
;;;;;;;;;;;;;;;;;;;;;;;;
;;;;;;;;;;;;;;;;;;;;;;;;
;;;;;;;;;;;;;;;;;;;;;;;;
;;;;;;;;;;;;;;;;;;;;;;;;
;;;;;;;;;;;;;;;;;;;;;;;;
;;;;;;;;;;;;;;;;;;;;;;;;
;;;;;;;;;;;;;;;;;;;;;;;;
;;;;;;;;;;;;;;;;;;;;;;;;
;;;;;;;;;;;;;;;;;;;;;;;;
;;;;;;;;;;;;;;;;;;;;;;;;
;;;;;;;;;;;;;;;;;;;;;;;;
;;;;;;;;;;;;;;;;;;;;;;;;
;;;;;;;;;;;;;;;;;;;;;;;;
;;;;;;;;;;;;;;;;;;;;;;;;
;;;;;;;;;;;;;;;;;;;;;;;;
;;;;;;;;;;;;;;;;;;;;;;;;
;;;;;;;;;;;;;;;;;;;;;;;;
;;;;;;;;;;;;;;;;;;;;;;;;
;;;;;;;;;;;;;;;;;;;;;;;;
;;;;;;;;;;;;;;;;;;;;;;;;
;;;;;;;;;;;;;;;;;;;;;;;;
;;;;;;;;;;;;;;;;;;;;;;;;
;;;;;;;;;;;;;;;;;;;;;;;;
;;;;;;;;;;;;;;;;;;;;;;;;
;;;;;;;;;;;;;;;;;;;;;;;;
;;;;;;;;;;;;;;;;;;;;;;;;
;;;;;;;;;;;;;;;;;;;;;;;;
;;;;;;;;;;;;;;;;;;;;;;;;
;;;;;;;;;;;;;;;;;;;;;;;;
;;;;;;;;;;;;;;;;;;;;;;;;
;;;;;;;;;;;;;;;;;;;;;;;;
;;;;;;;;;;;;;;;;;;;;;;;;
;;;;;;;;;;;;;;;;;;;;;;;;
;;;;;;;;;;;;;;;;;;;;;;;;
;;;;;;;;;;;;;;;;;;;;;;;;
;;;;;;;;;;;;;;;;;;;;;;;;
;;;;;;;;;;;;;;;;;;;;;;;;
;;;;;;;;;;;;;;;;;;;;;;;;
;;;;;;;;;;;;;;;;;;;;;;;;
;;;;;;;;;;;;;;;;;;;;;;;;
;;;;;;;;;;;;;;;;;;;;;;;;
;;;;;;;;;;;;;;;;;;;;;;;;
;;;;;;;;;;;;;;;;;;;;;;;;
;;;;;;;;;;;;;;;;;;;;;;;;
;;;;;;;;;;;;;;;;;;;;;;;;
;;;;;;;;;;;;;;;;;;;;;;;;
;;;;;;;;;;;;;;;;;;;;;;;;
;;;;;;;;;;;;;;;;;;;;;;;;
;;;;;;;;;;;;;;;;;;;;;;;;
;;;;;;;;;;;;;;;;;;;;;;;;
;;;;;;;;;;;;;;;;;;;;;;;;
;;;;;;;;;;;;;;;;;;;;;;;;
;;;;;;;;;;;;;;;;;;;;;;;;
;;;;;;;;;;;;;;;;;;;;;;;;
;;;;;;;;;;;;;;;;;;;;;;;;
;;;;;;;;;;;;;;;;;;;;;;;;
;;;;;;;;;;;;;;;;;;;;;;;;
;;;;;;;;;;;;;;;;;;;;;;;;
;;;;;;;;;;;;;;;;;;;;;;;;
;;;;;;;;;;;;;;;;;;;;;;;;
;;;;;;;;;;;;;;;;;;;;;;;;
;;;;;;;;;;;;;;;;;;;;;;;;
;;;;;;;;;;;;;;;;;;;;;;;;
;;;;;;;;;;;;;;;;;;;;;;;;
;;;;;;;;;;;;;;;;;;;;;;;;
;;;;;;;;;;;;;;;;;;;;;;;;
;;;;;;;;;;;;;;;;;;;;;;;;
;;;;;;;;;;;;;;;;;;;;;;;;
;;;;;;;;;;;;;;;;;;;;;;;;
;;;;;;;;;;;;;;;;;;;;;;;;
;;;;;;;;;;;;;;;;;;;;;;;;
;;;;;;;;;;;;;;;;;;;;;;;;
;;;;;;;;;;;;;;;;;;;;;;;;
;;;;;;;;;;;;;;;;;;;;;;;;
;;;;;;;;;;;;;;;;;;;;;;;;
;;;;;;;;;;;;;;;;;;;;;;;;
;;;;;;;;;;;;;;;;;;;;;;;;
;;;;;;;;;;;;;;;;;;;;;;;;
;;;;;;;;;;;;;;;;;;;;;;;;
;;;;;;;;;;;;;;;;;;;;;;;;
;;;;;;;;;;;;;;;;;;;;;;;;
;;;;;;;;;;;;;;;;;;;;;;;;
